{"code":"ENOTFOUND","errno":-3008,"hostname":"skilio-auth","level":"error","message":"Database connection error getaddrinfo ENOTFOUND skilio-auth","service":"user-service","stack":"Error: getaddrinfo ENOTFOUND skilio-auth\n    at GetAddrInfoReqWrap.onlookupall [as oncomplete] (node:dns:122:26)","syscall":"getaddrinfo"}
{"code":"ENOTFOUND","errno":-3008,"hostname":"skilio-auth","level":"error","message":"Database connection error getaddrinfo ENOTFOUND skilio-auth","service":"user-service","stack":"Error: getaddrinfo ENOTFOUND skilio-auth\n    at GetAddrInfoReqWrap.onlookupall [as oncomplete] (node:dns:122:26)","syscall":"getaddrinfo"}
{"code":"ENOTFOUND","errno":-3008,"hostname":"skilio-auth","level":"error","message":"Database connection error getaddrinfo ENOTFOUND skilio-auth","service":"user-service","stack":"Error: getaddrinfo ENOTFOUND skilio-auth\n    at GetAddrInfoReqWrap.onlookupall [as oncomplete] (node:dns:122:26)","syscall":"getaddrinfo"}
{"level":"info","message":"Listening at port number 3000","service":"user-service"}
{"level":"info","message":"Listening at port number 3000","service":"user-service"}
{"level":"info","message":"Database connection established successfully","service":"user-service"}
{"level":"info","message":"Listening at port number 3000","service":"user-service"}
{"level":"info","message":"Database connection established successfully at localhost:5432","service":"user-service"}
{"level":"info","message":"Listening at port number 3000","service":"user-service"}
{"level":"info","message":"Database connection established successfully at localhost:5432","service":"user-service"}
{"level":"info","message":"Listening at port number 3000","service":"user-service"}
{"level":"info","message":"Database connection established successfully at 5432","service":"user-service"}
{"level":"info","message":"Listening at port number 3000","service":"user-service"}
{"level":"info","message":"Database connection established successfully at [object Object]","service":"user-service"}
{"level":"info","message":"Listening at port number 3000","service":"user-service"}
{"level":"info","message":"Database connection established successfully at skilio-auth","service":"user-service"}
{"level":"info","message":"Listening at port number 3000","service":"user-service"}
{"level":"info","message":"Database connection established successfully at skilio-auth","service":"user-service"}
{"level":"info","message":"Listening at port number 3000","service":"user-service"}
{"level":"info","message":"Database connection established successfully at skilio-auth","service":"user-service"}
{"level":"info","message":"Listening at port number 3000","service":"user-service"}
{"level":"info","message":"Database connection established successfully at skilio-auth","service":"user-service"}
{"level":"error","message":"Database connection error Cannot read properties of undefined (reading 'constructor')","service":"user-service","stack":"TypeError: Cannot read properties of undefined (reading 'constructor')\n    at C:\\Users\\Roshan Chaudhary\\Desktop\\skilio-authMs\\src\\decorator\\columns\\PrimaryGeneratedColumn.ts:106:28\n    at __esDecorate (C:\\Users\\Roshan Chaudhary\\Desktop\\skilio-authMs\\src\\app\\entity\\user.ts:13:40)\n    at C:\\Users\\Roshan Chaudhary\\Desktop\\skilio-authMs\\src\\app\\entity\\user.ts:14:5\n    at C:\\Users\\Roshan Chaudhary\\Desktop\\skilio-authMs\\src\\app\\entity\\user.ts:84:7\n    at Object.<anonymous> (C:\\Users\\Roshan Chaudhary\\Desktop\\skilio-authMs\\src\\app\\entity\\user.ts:86:3)\n    at Module.<anonymous> (node:internal/modules/cjs/loader:1730:14)\n    at Module._compile (C:\\Users\\Roshan Chaudhary\\Desktop\\skilio-authMs\\node_modules\\source-map-support\\source-map-support.js:568:25)\n    at Module.m._compile (C:\\Users\\ROSHAN~1\\AppData\\Local\\Temp\\ts-node-dev-hook-11736414959778751.js:69:33)\n    at node:internal/modules/cjs/loader:1895:10\n    at require.extensions..jsx.require.extensions..js (C:\\Users\\ROSHAN~1\\AppData\\Local\\Temp\\ts-node-dev-hook-11736414959778751.js:114:20)"}
{"level":"error","message":"Database connection error Cannot read properties of undefined (reading 'constructor')","service":"user-service","stack":"TypeError: Cannot read properties of undefined (reading 'constructor')\n    at C:\\Users\\Roshan Chaudhary\\Desktop\\skilio-authMs\\src\\decorator\\columns\\PrimaryGeneratedColumn.ts:106:28\n    at __esDecorate (C:\\Users\\Roshan Chaudhary\\Desktop\\skilio-authMs\\src\\app\\entity\\user.ts:13:40)\n    at C:\\Users\\Roshan Chaudhary\\Desktop\\skilio-authMs\\src\\app\\entity\\user.ts:14:5\n    at C:\\Users\\Roshan Chaudhary\\Desktop\\skilio-authMs\\src\\app\\entity\\user.ts:84:7\n    at Object.<anonymous> (C:\\Users\\Roshan Chaudhary\\Desktop\\skilio-authMs\\src\\app\\entity\\user.ts:86:3)\n    at Module.<anonymous> (node:internal/modules/cjs/loader:1730:14)\n    at Module._compile (C:\\Users\\Roshan Chaudhary\\Desktop\\skilio-authMs\\node_modules\\source-map-support\\source-map-support.js:568:25)\n    at Module.m._compile (C:\\Users\\ROSHAN~1\\AppData\\Local\\Temp\\ts-node-dev-hook-11736414959778751.js:69:33)\n    at node:internal/modules/cjs/loader:1895:10\n    at require.extensions..jsx.require.extensions..js (C:\\Users\\ROSHAN~1\\AppData\\Local\\Temp\\ts-node-dev-hook-11736414959778751.js:114:20)"}
{"level":"error","message":"Database connection error Cannot read properties of undefined (reading 'constructor')","service":"user-service","stack":"TypeError: Cannot read properties of undefined (reading 'constructor')\n    at C:\\Users\\Roshan Chaudhary\\Desktop\\skilio-authMs\\src\\decorator\\columns\\PrimaryGeneratedColumn.ts:106:28\n    at __esDecorate (C:\\Users\\Roshan Chaudhary\\Desktop\\skilio-authMs\\src\\app\\entity\\user.ts:13:40)\n    at C:\\Users\\Roshan Chaudhary\\Desktop\\skilio-authMs\\src\\app\\entity\\user.ts:14:5\n    at C:\\Users\\Roshan Chaudhary\\Desktop\\skilio-authMs\\src\\app\\entity\\user.ts:66:7\n    at Object.<anonymous> (C:\\Users\\Roshan Chaudhary\\Desktop\\skilio-authMs\\src\\app\\entity\\user.ts:68:3)\n    at Module.<anonymous> (node:internal/modules/cjs/loader:1730:14)\n    at Module._compile (C:\\Users\\Roshan Chaudhary\\Desktop\\skilio-authMs\\node_modules\\source-map-support\\source-map-support.js:568:25)\n    at Module.m._compile (C:\\Users\\ROSHAN~1\\AppData\\Local\\Temp\\ts-node-dev-hook-11736414959778751.js:69:33)\n    at node:internal/modules/cjs/loader:1895:10\n    at require.extensions..jsx.require.extensions..js (C:\\Users\\ROSHAN~1\\AppData\\Local\\Temp\\ts-node-dev-hook-11736414959778751.js:114:20)"}
{"level":"error","message":"Database connection error Cannot read properties of undefined (reading 'constructor')","service":"user-service","stack":"TypeError: Cannot read properties of undefined (reading 'constructor')\n    at C:\\Users\\Roshan Chaudhary\\Desktop\\skilio-authMs\\src\\decorator\\columns\\PrimaryGeneratedColumn.ts:106:28\n    at __esDecorate (C:\\Users\\Roshan Chaudhary\\Desktop\\skilio-authMs\\src\\app\\entity\\user.ts:13:40)\n    at C:\\Users\\Roshan Chaudhary\\Desktop\\skilio-authMs\\src\\app\\entity\\user.ts:14:5\n    at C:\\Users\\Roshan Chaudhary\\Desktop\\skilio-authMs\\src\\app\\entity\\user.ts:66:7\n    at Object.<anonymous> (C:\\Users\\Roshan Chaudhary\\Desktop\\skilio-authMs\\src\\app\\entity\\user.ts:68:3)\n    at Module.<anonymous> (node:internal/modules/cjs/loader:1730:14)\n    at Module._compile (C:\\Users\\Roshan Chaudhary\\Desktop\\skilio-authMs\\node_modules\\source-map-support\\source-map-support.js:568:25)\n    at Module.m._compile (C:\\Users\\ROSHAN~1\\AppData\\Local\\Temp\\ts-node-dev-hook-11736414959778751.js:69:33)\n    at node:internal/modules/cjs/loader:1895:10\n    at require.extensions..jsx.require.extensions..js (C:\\Users\\ROSHAN~1\\AppData\\Local\\Temp\\ts-node-dev-hook-11736414959778751.js:114:20)"}
{"level":"error","message":"Database connection error column is not defined","service":"user-service","stack":"ReferenceError: column is not defined\n    at C:\\Users\\Roshan Chaudhary\\Desktop\\skilio-authMs\\src\\app\\entity\\user.ts:69:9\n    at C:\\Users\\Roshan Chaudhary\\Desktop\\skilio-authMs\\src\\app\\entity\\user.ts:78:7\n    at Object.<anonymous> (C:\\Users\\Roshan Chaudhary\\Desktop\\skilio-authMs\\src\\app\\entity\\user.ts:80:3)\n    at Module.<anonymous> (node:internal/modules/cjs/loader:1730:14)\n    at Module._compile (C:\\Users\\Roshan Chaudhary\\Desktop\\skilio-authMs\\node_modules\\source-map-support\\source-map-support.js:568:25)\n    at Module.m._compile (C:\\Users\\ROSHAN~1\\AppData\\Local\\Temp\\ts-node-dev-hook-11736414959778751.js:69:33)\n    at node:internal/modules/cjs/loader:1895:10\n    at require.extensions..jsx.require.extensions..js (C:\\Users\\ROSHAN~1\\AppData\\Local\\Temp\\ts-node-dev-hook-11736414959778751.js:114:20)\n    at require.extensions.<computed> (C:\\Users\\ROSHAN~1\\AppData\\Local\\Temp\\ts-node-dev-hook-11736414959778751.js:71:20)\n    at Object.nodeDevHook [as .ts] (C:\\Users\\Roshan Chaudhary\\Desktop\\skilio-authMs\\node_modules\\ts-node-dev\\lib\\hook.js:63:13)"}
{"level":"error","message":"Database connection error column is not defined","service":"user-service","stack":"ReferenceError: column is not defined\n    at Object.<anonymous> (C:\\Users\\Roshan Chaudhary\\Desktop\\skilio-authMs\\src\\app\\entity\\user.ts:17:5)\n    at Module.<anonymous> (node:internal/modules/cjs/loader:1730:14)\n    at Module._compile (C:\\Users\\Roshan Chaudhary\\Desktop\\skilio-authMs\\node_modules\\source-map-support\\source-map-support.js:568:25)\n    at Module.m._compile (C:\\Users\\ROSHAN~1\\AppData\\Local\\Temp\\ts-node-dev-hook-11736414959778751.js:69:33)\n    at node:internal/modules/cjs/loader:1895:10\n    at require.extensions..jsx.require.extensions..js (C:\\Users\\ROSHAN~1\\AppData\\Local\\Temp\\ts-node-dev-hook-11736414959778751.js:114:20)\n    at require.extensions.<computed> (C:\\Users\\ROSHAN~1\\AppData\\Local\\Temp\\ts-node-dev-hook-11736414959778751.js:71:20)\n    at Object.nodeDevHook [as .ts] (C:\\Users\\Roshan Chaudhary\\Desktop\\skilio-authMs\\node_modules\\ts-node-dev\\lib\\hook.js:63:13)\n    at Module.load (node:internal/modules/cjs/loader:1465:32)\n    at Function._load (node:internal/modules/cjs/loader:1282:12)"}
{"level":"error","message":"Database connection error column is not defined","service":"user-service","stack":"ReferenceError: column is not defined\n    at Object.<anonymous> (C:\\Users\\Roshan Chaudhary\\Desktop\\skilio-authMs\\src\\app\\entity\\user.ts:17:5)\n    at Module.<anonymous> (node:internal/modules/cjs/loader:1730:14)\n    at Module._compile (C:\\Users\\Roshan Chaudhary\\Desktop\\skilio-authMs\\node_modules\\source-map-support\\source-map-support.js:568:25)\n    at Module.m._compile (C:\\Users\\ROSHAN~1\\AppData\\Local\\Temp\\ts-node-dev-hook-11736414959778751.js:69:33)\n    at node:internal/modules/cjs/loader:1895:10\n    at require.extensions..jsx.require.extensions..js (C:\\Users\\ROSHAN~1\\AppData\\Local\\Temp\\ts-node-dev-hook-11736414959778751.js:114:20)\n    at require.extensions.<computed> (C:\\Users\\ROSHAN~1\\AppData\\Local\\Temp\\ts-node-dev-hook-11736414959778751.js:71:20)\n    at Object.nodeDevHook [as .ts] (C:\\Users\\Roshan Chaudhary\\Desktop\\skilio-authMs\\node_modules\\ts-node-dev\\lib\\hook.js:63:13)\n    at Module.load (node:internal/modules/cjs/loader:1465:32)\n    at Function._load (node:internal/modules/cjs/loader:1282:12)"}
{"level":"info","message":"Listening at port number 3000","service":"user-service"}
{"level":"info","message":"Database connection established successfully at skilio-auth","service":"user-service"}
{"level":"info","message":"Listening at port number 3000","service":"user-service"}
{"level":"info","message":"Database connection established successfully at skilio-auth","service":"user-service"}
{"level":"info","message":"Listening at port number 3000","service":"user-service"}
{"level":"info","message":"Database connection established successfully at skilio-auth","service":"user-service"}
{"level":"info","message":"Listening at port number 3000","service":"user-service"}
{"level":"info","message":"Database connection established successfully at skilio-auth","service":"user-service"}
{"level":"info","message":"Listening at port number 3000","service":"user-service"}
{"level":"info","message":"Database connection established successfully at skilio-auth","service":"user-service"}
{"level":"info","message":"Listening at port number 3000","service":"user-service"}
{"level":"info","message":"Database connection established successfully at skilio-auth","service":"user-service"}
{"level":"info","message":"Listening at port number 3000","service":"user-service"}
{"level":"info","message":"Database connection established successfully at skilio-auth","service":"user-service"}
{"level":"info","message":"Listening at port number 3000","service":"user-service"}
{"level":"info","message":"Database connection established successfully at skilio-auth","service":"user-service"}
{"level":"info","message":"Listening at port number 3000","service":"user-service"}
{"level":"info","message":"Database connection established successfully at skilio-auth","service":"user-service"}
{"level":"info","message":"Listening at port number 3000","service":"user-service"}
{"level":"info","message":"Database connection established successfully at skilio-auth","service":"user-service"}
{"level":"info","message":"Listening at port number 3000","service":"user-service"}
{"level":"info","message":"Database connection established successfully at skilio-auth","service":"user-service"}
{"level":"info","message":"Listening at port number 3000","service":"user-service"}
{"level":"info","message":"Database connection established successfully at skilio-auth","service":"user-service"}
{"level":"info","message":"Listening at port number 3000","service":"user-service"}
{"level":"info","message":"Database connection established successfully at skilio-auth","service":"user-service"}
{"level":"info","message":"Listening at port number 3000","service":"user-service"}
{"level":"info","message":"Database connection established successfully at skilio-auth","service":"user-service"}
{"level":"info","message":"Listening at port number 3000","service":"user-service"}
{"level":"info","message":"Database connection established successfully at skilio-auth","service":"user-service"}
{"level":"info","message":"Listening at port number 3000","service":"user-service"}
{"level":"info","message":"Database connection established successfully at skilio-auth","service":"user-service"}
{"level":"info","message":"Listening at port number 3000","service":"user-service"}
{"level":"info","message":"Database connection established successfully at skilio-auth","service":"user-service"}
{"level":"info","message":"Listening at port number 3000","service":"user-service"}
{"level":"info","message":"Database connection established successfully at skilio-auth","service":"user-service"}
{"level":"info","message":"Listening at port number 3000","service":"user-service"}
{"level":"info","message":"Database connection established successfully at skilio-auth","service":"user-service"}
{"level":"info","message":"Listening at port number 3000","service":"user-service"}
{"level":"info","message":"Database connection established successfully at skilio-auth","service":"user-service"}
{"level":"info","message":"Listening at port number 3000","service":"user-service"}
{"level":"info","message":"Database connection established successfully at skilio-auth","service":"user-service"}
{"level":"info","message":"Listening at port number 3000","service":"user-service"}
{"level":"info","message":"Database connection established successfully at skilio-auth","service":"user-service"}
{"level":"info","message":"Listening at port number 3000","service":"user-service"}
{"level":"info","message":"Database connection established successfully at skilio-auth","service":"user-service"}
{"level":"info","message":"Listening at port number 3000","service":"user-service"}
{"level":"info","message":"Database connection established successfully at skilio-auth","service":"user-service"}
{"level":"info","message":"Listening at port number 3000","service":"user-service"}
{"level":"info","message":"Database connection established successfully at skilio-auth","service":"user-service"}
{"level":"info","message":"Listening at port number 3000","service":"user-service"}
{"level":"info","message":"Database connection established successfully at skilio-auth","service":"user-service"}
{"level":"info","message":"Listening at port number 3000","service":"user-service"}
{"level":"info","message":"Database connection established successfully at skilio-auth","service":"user-service"}
{"level":"info","message":"Listening at port number 3000","service":"user-service"}
{"level":"info","message":"Database connection established successfully at skilio-auth","service":"user-service"}
{"level":"info","message":"Listening at port number 3000","service":"user-service"}
{"level":"info","message":"Database connection established successfully at skilio-auth","service":"user-service"}
{"level":"info","message":"Listening at port number 3000","service":"user-service"}
{"level":"info","message":"Database connection established successfully at skilio-auth","service":"user-service"}
{"level":"info","message":"Listening at port number 3000","service":"user-service"}
{"level":"info","message":"Database connection established successfully at skilio-auth","service":"user-service"}
{"level":"info","message":"Listening at port number 3000","service":"user-service"}
{"level":"info","message":"Database connection established successfully at skilio-auth","service":"user-service"}
{"level":"info","message":"Listening at port number 3000","service":"user-service"}
{"level":"info","message":"Database connection established successfully at skilio-auth","service":"user-service"}
{"level":"info","message":"Listening at port number 3000","service":"user-service"}
{"level":"info","message":"Database connection established successfully at skilio-auth","service":"user-service"}
{"level":"info","message":"Listening at port number 3000","service":"user-service"}
{"level":"info","message":"Database connection established successfully at skilio-auth","service":"user-service"}
{"level":"info","message":"Listening at port number 3000","service":"user-service"}
{"level":"info","message":"Database connection established successfully at skilio-auth","service":"user-service"}
{"level":"info","message":"Listening at port number 3000","service":"user-service"}
{"level":"info","message":"Database connection established successfully at skilio-auth","service":"user-service"}
{"level":"info","message":"Listening at port number 3000","service":"user-service"}
{"level":"info","message":"Database connection established successfully at skilio-auth","service":"user-service"}
{"level":"info","message":"Listening at port number 3000","service":"user-service"}
{"level":"info","message":"Database connection established successfully at skilio-auth","service":"user-service"}
{"level":"info","message":"Listening at port number 3000","service":"user-service"}
{"level":"info","message":"Database connection established successfully at skilio-auth","service":"user-service"}
{"level":"info","message":"Listening at port number 3000","service":"user-service"}
{"level":"info","message":"Database connection established successfully at skilio-auth","service":"user-service"}
{"level":"info","message":"Listening at port number 3000","service":"user-service"}
{"level":"info","message":"Database connection established successfully at skilio-auth","service":"user-service"}
{"level":"info","message":"Listening at port number 3000","service":"user-service"}
{"level":"info","message":"Database connection established successfully at skilio-auth","service":"user-service"}
{"level":"info","message":"Listening at port number 3000","service":"user-service"}
{"level":"info","message":"Database connection established successfully at skilio-auth","service":"user-service"}
{"level":"info","message":"Listening at port number 3000","service":"user-service"}
{"level":"info","message":"Database connection established successfully at skilio-auth","service":"user-service"}
{"level":"info","message":"Listening at port number 3000","service":"user-service"}
{"level":"info","message":"Database connection established successfully at skilio-auth","service":"user-service"}
{"level":"info","message":"Listening at port number 3000","service":"user-service"}
{"level":"info","message":"Database connection established successfully at skilio-auth","service":"user-service"}
{"level":"info","message":"Listening at port number 3000","service":"user-service"}
{"level":"info","message":"Database connection established successfully at skilio-auth","service":"user-service"}
{"level":"info","message":"Listening at port number 3000","service":"user-service"}
{"level":"info","message":"Database connection established successfully at skilio-auth","service":"user-service"}
{"level":"info","message":"Listening at port number 3000","service":"user-service"}
{"level":"info","message":"Database connection established successfully at skilio-auth","service":"user-service"}
{"level":"info","message":"Listening at port number 3000","service":"user-service"}
{"level":"info","message":"Database connection established successfully at skilio-auth","service":"user-service"}
{"level":"error","message":"OTP verification failed: EXPIRED","service":"user-service"}
{"level":"info","message":"Listening at port number 3000","service":"user-service"}
{"level":"info","message":"Database connection established successfully at skilio-auth","service":"user-service"}
{"level":"info","message":"Listening at port number 3000","service":"user-service"}
{"level":"info","message":"Database connection established successfully at skilio-auth","service":"user-service"}
{"level":"info","message":"Listening at port number 3000","service":"user-service"}
{"level":"info","message":"Database connection established successfully at skilio-auth","service":"user-service"}
{"level":"info","message":"Listening at port number 3000","service":"user-service"}
{"level":"info","message":"Database connection established successfully at skilio-auth","service":"user-service"}
{"level":"info","message":"Verification request already sent","service":"user-service"}
{"level":"info","message":"Listening at port number 3000","service":"user-service"}
{"level":"info","message":"Database connection established successfully at skilio-auth","service":"user-service"}
{"level":"info","message":"Verification request already sent","service":"user-service"}
{"level":"info","message":"Listening at port number 3000","service":"user-service"}
{"level":"info","message":"Database connection established successfully at skilio-auth","service":"user-service"}
{"level":"info","message":"Verification request already sent","service":"user-service"}
{"level":"info","message":"Listening at port number 3000","service":"user-service"}
{"level":"info","message":"Database connection established successfully at skilio-auth","service":"user-service"}
{"level":"info","message":"Listening at port number 3000","service":"user-service"}
{"level":"info","message":"Database connection established successfully at skilio-auth","service":"user-service"}
{"level":"info","message":"Verification request already exists","service":"user-service"}
{"level":"info","message":"Listening at port number 3000","service":"user-service"}
{"level":"info","message":"Database connection established successfully at skilio-auth","service":"user-service"}
{"level":"info","message":"Verification request already exists","service":"user-service"}
{"level":"info","message":"Listening at port number 3000","service":"user-service"}
{"level":"info","message":"Database connection established successfully at skilio-auth","service":"user-service"}
{"level":"info","message":"Listening at port number 3000","service":"user-service"}
{"level":"info","message":"Database connection established successfully at skilio-auth","service":"user-service"}
{"level":"info","message":"Listening at port number 3000","service":"user-service"}
{"level":"info","message":"Database connection established successfully at skilio-customer","service":"user-service"}
{"level":"info","message":"Listening at port number 3000","service":"user-service"}
{"level":"info","message":"Database connection established successfully at skilio-customer","service":"user-service"}
{"level":"info","message":"Listening at port number 3000","service":"user-service"}
{"level":"info","message":"Database connection established successfully at skilio-customer","service":"user-service"}
{"level":"info","message":"Listening at port number 3000","service":"user-service"}
{"level":"info","message":"Database connection established successfully at skilio-customer","service":"user-service"}
{"level":"info","message":"Listening at port number 3000","service":"user-service"}
{"level":"info","message":"Database connection established successfully at skilio-customer","service":"user-service"}
{"level":"info","message":"Listening at port number 3000","service":"user-service"}
{"level":"info","message":"Database connection established successfully at skilio-customer","service":"user-service"}
{"level":"info","message":"Listening at port number 3000","service":"user-service"}
{"level":"info","message":"Database connection established successfully at skilio-customer","service":"user-service"}
{"level":"info","message":"Listening at port number 3000","service":"user-service"}
{"level":"info","message":"Database connection established successfully at skilio-customer","service":"user-service"}
{"level":"info","message":"Listening at port number 3000","service":"user-service"}
{"level":"info","message":"Database connection established successfully at skilio-customer","service":"user-service"}
{"level":"info","message":"Notification with ID aaddf83f-56dd-4756-8d02-9296d22ca987 has been inserted.","service":"user-service"}
{"level":"error","message":"SMS provider configuration not found","service":"user-service"}
{"level":"error","message":"TwilioSmsProvider: Failed to send SMS to undefined: Failed to send SMS via Twilio","service":"user-service","stack":"Error: Failed to send SMS via Twilio\n    at createMessage (C:\\Users\\Roshan Chaudhary\\Desktop\\skilio-customerMs\\src\\app\\utils\\twilio.ts:44:15)\n    at processTicksAndRejections (node:internal/process/task_queues:105:5)\n    at TwilioSmsProvider.send (C:\\Users\\Roshan Chaudhary\\Desktop\\skilio-customerMs\\src\\app\\providers\\TwilioSmsProvider.ts:14:23)\n    at communicationService.sendNotification (C:\\Users\\Roshan Chaudhary\\Desktop\\skilio-customerMs\\src\\app\\services\\communicationService.ts:22:12)\n    at NotificationService.createNotification (C:\\Users\\Roshan Chaudhary\\Desktop\\skilio-customerMs\\src\\app\\modules\\notification\\notification.services.ts:72:19)\n    at C:\\Users\\Roshan Chaudhary\\Desktop\\skilio-customerMs\\src\\app\\modules\\notification\\notification.controller.ts:11:24\n    at C:\\Users\\Roshan Chaudhary\\Desktop\\skilio-customerMs\\src\\app\\utils\\catchAsyncError.ts:8:7","statusCode":500}
{"level":"info","message":"Listening at port number 3000","service":"user-service"}
{"level":"info","message":"Database connection established successfully at skilio-customer","service":"user-service"}
{"level":"info","message":"Listening at port number 3000","service":"user-service"}
{"level":"info","message":"Database connection established successfully at skilio-customer","service":"user-service"}
{"level":"info","message":"Listening at port number 3000","service":"user-service"}
{"level":"info","message":"Database connection established successfully at skilio-customer","service":"user-service"}
{"level":"info","message":"Listening at port number 3000","service":"user-service"}
{"level":"info","message":"Database connection established successfully at skilio-customer","service":"user-service"}
{"level":"info","message":"Listening at port number 3000","service":"user-service"}
{"level":"info","message":"Database connection established successfully at skilio-customer","service":"user-service"}
{"level":"info","message":"Notification with ID 6394a034-8b9f-4914-8911-cee15516ec28 has been inserted.","service":"user-service"}
{"level":"error","message":"TwilioSmsProvider: Failed to send SMS to undefined: Failed to send SMS via Twilio","service":"user-service","stack":"Error: Failed to send SMS via Twilio\n    at createMessage (C:\\Users\\Roshan Chaudhary\\Desktop\\skilio-customerMs\\src\\app\\utils\\twilio.ts:44:15)\n    at processTicksAndRejections (node:internal/process/task_queues:105:5)\n    at TwilioSmsProvider.send (C:\\Users\\Roshan Chaudhary\\Desktop\\skilio-customerMs\\src\\app\\providers\\TwilioSmsProvider.ts:14:23)\n    at communicationService.sendNotification (C:\\Users\\Roshan Chaudhary\\Desktop\\skilio-customerMs\\src\\app\\services\\communicationService.ts:22:12)\n    at NotificationService.createNotification (C:\\Users\\Roshan Chaudhary\\Desktop\\skilio-customerMs\\src\\app\\modules\\notification\\notification.services.ts:72:19)\n    at C:\\Users\\Roshan Chaudhary\\Desktop\\skilio-customerMs\\src\\app\\modules\\notification\\notification.controller.ts:11:24\n    at C:\\Users\\Roshan Chaudhary\\Desktop\\skilio-customerMs\\src\\app\\utils\\catchAsyncError.ts:8:7","statusCode":500}
{"level":"info","message":"Listening at port number 3000","service":"user-service"}
{"level":"info","message":"Database connection established successfully at skilio-customer","service":"user-service"}
{"level":"info","message":"Listening at port number 3000","service":"user-service"}
{"level":"info","message":"Database connection established successfully at skilio-customer","service":"user-service"}
{"level":"info","message":"Listening at port number 3000","service":"user-service"}
{"level":"info","message":"Database connection established successfully at skilio-customer","service":"user-service"}
{"level":"info","message":"Notification with ID be4c1cf3-8ad4-4092-88c4-eb381f4deb67 has been inserted.","service":"user-service"}
{"level":"info","message":"TwilioSmsProvider: SMS sent successfully to +18777804236. Message SID: SM0931fd89a153e6d891dfc1fd3757166a","service":"user-service"}
{"level":"info","message":"Listening at port number 3000","service":"user-service"}
{"level":"info","message":"Database connection established successfully at skilio-customer","service":"user-service"}
{"level":"info","message":"Notification with ID ce08c235-6566-4da9-9b63-6022ad5d8c46 has been inserted.","service":"user-service"}
{"level":"info","message":"Listening at port number 3000","service":"user-service"}
{"level":"info","message":"Database connection established successfully at skilio-customer","service":"user-service"}
{"level":"info","message":"Listening at port number 3000","service":"user-service"}
{"level":"info","message":"Database connection established successfully at skilio-customer","service":"user-service"}
{"level":"info","message":"Listening at port number 3000","service":"user-service"}
{"level":"info","message":"Database connection established successfully at skilio-customer","service":"user-service"}
{"level":"info","message":"Listening at port number 3000","service":"user-service"}
{"level":"info","message":"Database connection established successfully at skilio-customer","service":"user-service"}
{"level":"info","message":"Listening at port number 3000","service":"user-service"}
{"level":"info","message":"Database connection established successfully at skilio-customer","service":"user-service"}
{"level":"info","message":"Listening at port number 3000","service":"user-service"}
{"level":"info","message":"Database connection established successfully at skilio-customer","service":"user-service"}
{"level":"info","message":"Notification with ID 419199cc-8bdf-4a4f-a091-d216cf04de08 has been inserted.","service":"user-service"}
{"level":"info","message":"TwilioSmsProvider: SMS sent successfully to +18777804236. Message SID: SMa196074cd8b7ac315ee10648f383207b","service":"user-service"}
{"level":"info","message":"Listening at port number 3000","service":"user-service"}
{"level":"info","message":"Database connection established successfully at skilio-customer","service":"user-service"}
{"level":"info","message":"Listening at port number 3000","service":"user-service"}
{"level":"info","message":"Database connection established successfully at skilio-customer","service":"user-service"}
{"level":"info","message":"Listening at port number 3000","service":"user-service"}
{"level":"info","message":"Database connection established successfully at skilio-customer","service":"user-service"}
{"level":"info","message":"Listening at port number 3000","service":"user-service"}
{"level":"info","message":"Database connection established successfully at skilio-customer","service":"user-service"}
{"level":"info","message":"Listening at port number 3000","service":"user-service"}
{"level":"info","message":"Database connection established successfully at skilio-customer","service":"user-service"}
{"level":"info","message":"Listening at port number 3000","service":"user-service"}
{"level":"info","message":"Database connection established successfully at skilio-customer","service":"user-service"}
{"level":"info","message":"Listening at port number 3000","service":"user-service"}
{"level":"info","message":"Database connection established successfully at skilio-customer","service":"user-service"}
{"level":"info","message":"Listening at port number 3000","service":"user-service"}
{"level":"info","message":"Database connection established successfully at skilio-customer","service":"user-service"}
{"level":"info","message":"Listening at port number 3000","service":"user-service"}
{"level":"info","message":"Database connection established successfully at skilio-customer","service":"user-service"}
{"level":"info","message":"Listening at port number 3000","service":"user-service"}
{"level":"info","message":"Database connection established successfully at skilio-customer","service":"user-service"}
{"level":"info","message":"Listening at port number 3000","service":"user-service"}
{"level":"info","message":"Database connection established successfully at skilio-customer","service":"user-service"}
{"level":"info","message":"Listening at port number 3000","service":"user-service"}
{"level":"info","message":"Database connection established successfully at skilio-customer","service":"user-service"}
{"level":"info","message":"Listening at port number 3000","service":"user-service"}
{"level":"info","message":"Database connection established successfully at skilio-customer","service":"user-service"}
{"level":"info","message":"Listening at port number 3000","service":"user-service"}
{"level":"info","message":"Database connection established successfully at skilio-customer","service":"user-service"}
{"level":"info","message":"Listening at port number 3000","service":"user-service"}
{"level":"info","message":"Database connection established successfully at skilio-customer","service":"user-service"}
{"level":"info","message":"Notification with ID 1fd967f4-0cb5-4e74-bbda-6e6b9a468c64 has been inserted.","service":"user-service"}
{"level":"info","message":"Listening at port number 3000","service":"user-service"}
{"level":"info","message":"Database connection established successfully at skilio-customer","service":"user-service"}
{"level":"info","message":"Listening at port number 3000","service":"user-service"}
{"level":"info","message":"Database connection established successfully at skilio-customer","service":"user-service"}
{"level":"info","message":"Listening at port number 3000","service":"user-service"}
{"level":"info","message":"Database connection established successfully at skilio-customer","service":"user-service"}
{"level":"info","message":"Listening at port number 3000","service":"user-service"}
{"level":"info","message":"Database connection established successfully at skilio-customer","service":"user-service"}
{"level":"info","message":"Listening at port number 3000","service":"user-service"}
{"level":"info","message":"Database connection established successfully at skilio-customer","service":"user-service"}
{"level":"info","message":"Listening at port number 3000","service":"user-service"}
{"level":"info","message":"Database connection established successfully at skilio-customer","service":"user-service"}
{"level":"info","message":"Listening at port number 3000","service":"user-service"}
{"level":"info","message":"Database connection established successfully at skilio-customer","service":"user-service"}
{"level":"info","message":"Listening at port number 3000","service":"user-service"}
{"level":"info","message":"Database connection established successfully at skilio-customer","service":"user-service"}
{"level":"info","message":"Listening at port number 3000","service":"user-service"}
{"level":"info","message":"Database connection established successfully at skilio-customer","service":"user-service"}
{"level":"info","message":"Listening at port number 3000","service":"user-service"}
{"level":"info","message":"Database connection established successfully at skilio-customer","service":"user-service"}
{"level":"info","message":"Listening at port number 3000","service":"user-service"}
{"level":"info","message":"Database connection established successfully at skilio-customer","service":"user-service"}
{"level":"info","message":"Listening at port number 3000","service":"user-service"}
{"level":"info","message":"Database connection established successfully at skilio-customer","service":"user-service"}
{"level":"info","message":"Listening at port number 3000","service":"user-service"}
{"level":"info","message":"Database connection established successfully at skilio-customer","service":"user-service"}
{"level":"info","message":"Listening at port number 3000","service":"user-service"}
{"level":"info","message":"Database connection established successfully at skilio-customer","service":"user-service"}
{"level":"info","message":"Notification with ID b4b80292-ef7c-40db-be83-e5d012315864 has been inserted.","service":"user-service"}
{"level":"info","message":"TwilioSmsProvider: SMS sent successfully to +18777804236. Message SID: SM09d3a56316f14957209f3bec9c774883","service":"user-service"}
{"level":"info","message":"Listening at port number 3000","service":"user-service"}
{"level":"info","message":"Database connection established successfully at skilio-customer","service":"user-service"}
{"level":"info","message":"Listening at port number 3000","service":"user-service"}
{"level":"info","message":"Database connection established successfully at skilio-customer","service":"user-service"}
{"level":"info","message":"Listening at port number 3000","service":"user-service"}
{"level":"info","message":"Database connection established successfully at skilio-customer","service":"user-service"}
{"level":"info","message":"Listening at port number 3000","service":"user-service"}
{"level":"info","message":"Database connection established successfully at skilio-customer","service":"user-service"}
{"level":"info","message":"Listening at port number 3000","service":"user-service"}
{"level":"info","message":"Database connection established successfully at skilio-customer","service":"user-service"}
{"level":"info","message":"Listening at port number 3000","service":"user-service"}
{"level":"info","message":"Database connection established successfully at skilio-customer","service":"user-service"}
{"level":"info","message":"Listening at port number 3000","service":"user-service"}
{"level":"info","message":"Database connection established successfully at skilio-customer","service":"user-service"}
{"level":"info","message":"Listening at port number 3000","service":"user-service"}
{"level":"info","message":"Database connection established successfully at skilio-customer","service":"user-service"}
{"level":"info","message":"Listening at port number 3000","service":"user-service"}
{"level":"info","message":"Database connection established successfully at skilio-customer","service":"user-service"}
{"level":"info","message":"Listening at port number 3000","service":"user-service"}
{"level":"info","message":"Database connection established successfully at skilio-customer","service":"user-service"}
{"level":"info","message":"Listening at port number 3000","service":"user-service"}
{"level":"info","message":"Database connection established successfully at skilio-customer","service":"user-service"}
{"level":"info","message":"Listening at port number 3000","service":"user-service"}
{"level":"info","message":"Database connection established successfully at skilio-customer","service":"user-service"}
{"level":"info","message":"Listening at port number 3000","service":"user-service"}
{"level":"info","message":"Database connection established successfully at skilio-customer","service":"user-service"}
{"level":"info","message":"Listening at port number 3000","service":"user-service"}
{"level":"info","message":"Database connection established successfully at skilio-customer","service":"user-service"}
{"level":"info","message":"Listening at port number 3000","service":"user-service"}
{"level":"info","message":"Database connection established successfully at skilio-customer","service":"user-service"}
{"level":"info","message":"Listening at port number 3000","service":"user-service"}
{"level":"info","message":"Database connection established successfully at skilio-customer","service":"user-service"}
{"level":"info","message":"Listening at port number 3000","service":"user-service"}
{"level":"info","message":"Database connection established successfully at skilio-customer","service":"user-service"}
{"level":"info","message":"Listening at port number 3000","service":"user-service"}
{"level":"info","message":"Database connection established successfully at skilio-customer","service":"user-service"}
{"level":"info","message":"Listening at port number 3000","service":"user-service"}
{"level":"info","message":"Database connection established successfully at skilio-customer","service":"user-service"}
{"level":"info","message":"Listening at port number 3000","service":"user-service"}
{"level":"info","message":"Database connection established successfully at skilio-customer","service":"user-service"}
{"level":"info","message":"Listening at port number 3000","service":"user-service"}
{"level":"info","message":"Database connection established successfully at skilio-customer","service":"user-service"}
{"level":"info","message":"Listening at port number 3000","service":"user-service"}
{"level":"info","message":"Database connection established successfully at skilio-customer","service":"user-service"}
{"level":"info","message":"Listening at port number 3000","service":"user-service"}
{"level":"info","message":"Database connection established successfully at skilio-customer","service":"user-service"}
{"level":"info","message":"Listening at port number 3000","service":"user-service"}
{"level":"info","message":"Database connection established successfully at skilio-customer","service":"user-service"}
{"level":"error","message":"Error loading Twilio configuration: loadTwilioConfig is not defined","service":"user-service","stack":"ReferenceError: loadTwilioConfig is not defined\n    at SystemConfigStore.loadConfigs (C:\\Users\\Roshan Chaudhary\\Desktop\\skilio-customerMs\\src\\app\\config\\systemConfigStore.ts:22:17)\n    at processTicksAndRejections (node:internal/process/task_queues:105:5)\n    at C:\\Users\\Roshan Chaudhary\\Desktop\\skilio-customerMs\\src\\server.ts:52:5"}
{"level":"info","message":"Listening at port number 3000","service":"user-service"}
{"level":"info","message":"Database connection established successfully at skilio-customer","service":"user-service"}
{"level":"error","message":"Error loading Twilio configuration: loadTwilioConfig is not defined","service":"user-service","stack":"ReferenceError: loadTwilioConfig is not defined\n    at SystemConfigStore.loadConfigs (C:\\Users\\Roshan Chaudhary\\Desktop\\skilio-customerMs\\src\\app\\config\\systemConfigStore.ts:22:17)\n    at processTicksAndRejections (node:internal/process/task_queues:105:5)\n    at C:\\Users\\Roshan Chaudhary\\Desktop\\skilio-customerMs\\src\\server.ts:52:5"}
{"level":"info","message":"Listening at port number 3000","service":"user-service"}
{"level":"info","message":"Database connection established successfully at skilio-customer","service":"user-service"}
{"level":"info","message":"Listening at port number 3000","service":"user-service"}
{"level":"info","message":"Database connection established successfully at skilio-customer","service":"user-service"}
{"level":"info","message":"Listening at port number 3000","service":"user-service"}
{"level":"info","message":"Database connection established successfully at skilio-customer","service":"user-service"}
{"level":"info","message":"Listening at port number 3000","service":"user-service"}
{"level":"info","message":"Database connection established successfully at skilio-customer","service":"user-service"}
{"level":"info","message":"Listening at port number 3000","service":"user-service"}
{"level":"info","message":"Database connection established successfully at skilio-customer","service":"user-service"}
{"level":"info","message":"Listening at port number 3000","service":"user-service"}
{"level":"info","message":"Database connection established successfully at skilio-customer","service":"user-service"}
{"level":"info","message":"Listening at port number 3000","service":"user-service"}
{"level":"info","message":"Database connection established successfully at skilio-customer","service":"user-service"}
{"level":"error","message":"Database connection error Data type \"Array\" in \"Notification.attachments\" is not supported by \"postgres\" database.","service":"user-service","stack":"DataTypeNotSupportedError: Data type \"Array\" in \"Notification.attachments\" is not supported by \"postgres\" database.\n    at C:\\Users\\Roshan Chaudhary\\Desktop\\skilio-customerMs\\src\\metadata-builder\\EntityMetadataValidator.ts:133:31\n    at Array.forEach (<anonymous>)\n    at EntityMetadataValidator.validate (C:\\Users\\Roshan Chaudhary\\Desktop\\skilio-customerMs\\src\\metadata-builder\\EntityMetadataValidator.ts:128:18)\n    at C:\\Users\\Roshan Chaudhary\\Desktop\\skilio-customerMs\\src\\metadata-builder\\EntityMetadataValidator.ts:43:18\n    at Array.forEach (<anonymous>)\n    at EntityMetadataValidator.validateMany (C:\\Users\\Roshan Chaudhary\\Desktop\\skilio-customerMs\\src\\metadata-builder\\EntityMetadataValidator.ts:42:25)\n    at DataSource.buildMetadatas (C:\\Users\\Roshan Chaudhary\\Desktop\\skilio-customerMs\\src\\data-source\\DataSource.ts:753:33)\n    at DataSource.initialize (C:\\Users\\Roshan Chaudhary\\Desktop\\skilio-customerMs\\src\\data-source\\DataSource.ts:264:13)"}
{"level":"error","message":"Database connection error Data type \"Array\" in \"Notification.attachments\" is not supported by \"postgres\" database.","service":"user-service","stack":"DataTypeNotSupportedError: Data type \"Array\" in \"Notification.attachments\" is not supported by \"postgres\" database.\n    at C:\\Users\\Roshan Chaudhary\\Desktop\\skilio-customerMs\\src\\metadata-builder\\EntityMetadataValidator.ts:133:31\n    at Array.forEach (<anonymous>)\n    at EntityMetadataValidator.validate (C:\\Users\\Roshan Chaudhary\\Desktop\\skilio-customerMs\\src\\metadata-builder\\EntityMetadataValidator.ts:128:18)\n    at C:\\Users\\Roshan Chaudhary\\Desktop\\skilio-customerMs\\src\\metadata-builder\\EntityMetadataValidator.ts:43:18\n    at Array.forEach (<anonymous>)\n    at EntityMetadataValidator.validateMany (C:\\Users\\Roshan Chaudhary\\Desktop\\skilio-customerMs\\src\\metadata-builder\\EntityMetadataValidator.ts:42:25)\n    at DataSource.buildMetadatas (C:\\Users\\Roshan Chaudhary\\Desktop\\skilio-customerMs\\src\\data-source\\DataSource.ts:753:33)\n    at DataSource.initialize (C:\\Users\\Roshan Chaudhary\\Desktop\\skilio-customerMs\\src\\data-source\\DataSource.ts:264:13)"}
{"level":"error","message":"Database connection error Data type \"Array\" in \"Notification.attachments\" is not supported by \"postgres\" database.","service":"user-service","stack":"DataTypeNotSupportedError: Data type \"Array\" in \"Notification.attachments\" is not supported by \"postgres\" database.\n    at C:\\Users\\Roshan Chaudhary\\Desktop\\skilio-customerMs\\src\\metadata-builder\\EntityMetadataValidator.ts:133:31\n    at Array.forEach (<anonymous>)\n    at EntityMetadataValidator.validate (C:\\Users\\Roshan Chaudhary\\Desktop\\skilio-customerMs\\src\\metadata-builder\\EntityMetadataValidator.ts:128:18)\n    at C:\\Users\\Roshan Chaudhary\\Desktop\\skilio-customerMs\\src\\metadata-builder\\EntityMetadataValidator.ts:43:18\n    at Array.forEach (<anonymous>)\n    at EntityMetadataValidator.validateMany (C:\\Users\\Roshan Chaudhary\\Desktop\\skilio-customerMs\\src\\metadata-builder\\EntityMetadataValidator.ts:42:25)\n    at DataSource.buildMetadatas (C:\\Users\\Roshan Chaudhary\\Desktop\\skilio-customerMs\\src\\data-source\\DataSource.ts:753:33)\n    at DataSource.initialize (C:\\Users\\Roshan Chaudhary\\Desktop\\skilio-customerMs\\src\\data-source\\DataSource.ts:264:13)"}
{"level":"error","message":"Database connection error Data type \"Array\" in \"Notification.attachments\" is not supported by \"postgres\" database.","service":"user-service","stack":"DataTypeNotSupportedError: Data type \"Array\" in \"Notification.attachments\" is not supported by \"postgres\" database.\n    at C:\\Users\\Roshan Chaudhary\\Desktop\\skilio-customerMs\\src\\metadata-builder\\EntityMetadataValidator.ts:133:31\n    at Array.forEach (<anonymous>)\n    at EntityMetadataValidator.validate (C:\\Users\\Roshan Chaudhary\\Desktop\\skilio-customerMs\\src\\metadata-builder\\EntityMetadataValidator.ts:128:18)\n    at C:\\Users\\Roshan Chaudhary\\Desktop\\skilio-customerMs\\src\\metadata-builder\\EntityMetadataValidator.ts:43:18\n    at Array.forEach (<anonymous>)\n    at EntityMetadataValidator.validateMany (C:\\Users\\Roshan Chaudhary\\Desktop\\skilio-customerMs\\src\\metadata-builder\\EntityMetadataValidator.ts:42:25)\n    at DataSource.buildMetadatas (C:\\Users\\Roshan Chaudhary\\Desktop\\skilio-customerMs\\src\\data-source\\DataSource.ts:753:33)\n    at DataSource.initialize (C:\\Users\\Roshan Chaudhary\\Desktop\\skilio-customerMs\\src\\data-source\\DataSource.ts:264:13)"}
{"level":"error","message":"Database connection error Data type \"Array\" in \"Notification.attachments\" is not supported by \"postgres\" database.","service":"user-service","stack":"DataTypeNotSupportedError: Data type \"Array\" in \"Notification.attachments\" is not supported by \"postgres\" database.\n    at C:\\Users\\Roshan Chaudhary\\Desktop\\skilio-customerMs\\src\\metadata-builder\\EntityMetadataValidator.ts:133:31\n    at Array.forEach (<anonymous>)\n    at EntityMetadataValidator.validate (C:\\Users\\Roshan Chaudhary\\Desktop\\skilio-customerMs\\src\\metadata-builder\\EntityMetadataValidator.ts:128:18)\n    at C:\\Users\\Roshan Chaudhary\\Desktop\\skilio-customerMs\\src\\metadata-builder\\EntityMetadataValidator.ts:43:18\n    at Array.forEach (<anonymous>)\n    at EntityMetadataValidator.validateMany (C:\\Users\\Roshan Chaudhary\\Desktop\\skilio-customerMs\\src\\metadata-builder\\EntityMetadataValidator.ts:42:25)\n    at DataSource.buildMetadatas (C:\\Users\\Roshan Chaudhary\\Desktop\\skilio-customerMs\\src\\data-source\\DataSource.ts:753:33)\n    at DataSource.initialize (C:\\Users\\Roshan Chaudhary\\Desktop\\skilio-customerMs\\src\\data-source\\DataSource.ts:264:13)"}
{"level":"error","message":"Database connection error Data type \"Array\" in \"Notification.attachments\" is not supported by \"postgres\" database.","service":"user-service","stack":"DataTypeNotSupportedError: Data type \"Array\" in \"Notification.attachments\" is not supported by \"postgres\" database.\n    at C:\\Users\\Roshan Chaudhary\\Desktop\\skilio-customerMs\\src\\metadata-builder\\EntityMetadataValidator.ts:133:31\n    at Array.forEach (<anonymous>)\n    at EntityMetadataValidator.validate (C:\\Users\\Roshan Chaudhary\\Desktop\\skilio-customerMs\\src\\metadata-builder\\EntityMetadataValidator.ts:128:18)\n    at C:\\Users\\Roshan Chaudhary\\Desktop\\skilio-customerMs\\src\\metadata-builder\\EntityMetadataValidator.ts:43:18\n    at Array.forEach (<anonymous>)\n    at EntityMetadataValidator.validateMany (C:\\Users\\Roshan Chaudhary\\Desktop\\skilio-customerMs\\src\\metadata-builder\\EntityMetadataValidator.ts:42:25)\n    at DataSource.buildMetadatas (C:\\Users\\Roshan Chaudhary\\Desktop\\skilio-customerMs\\src\\data-source\\DataSource.ts:753:33)\n    at DataSource.initialize (C:\\Users\\Roshan Chaudhary\\Desktop\\skilio-customerMs\\src\\data-source\\DataSource.ts:264:13)"}
{"level":"error","message":"Database connection error Data type \"Array\" in \"Notification.attachments\" is not supported by \"postgres\" database.","service":"user-service","stack":"DataTypeNotSupportedError: Data type \"Array\" in \"Notification.attachments\" is not supported by \"postgres\" database.\n    at C:\\Users\\Roshan Chaudhary\\Desktop\\skilio-customerMs\\src\\metadata-builder\\EntityMetadataValidator.ts:133:31\n    at Array.forEach (<anonymous>)\n    at EntityMetadataValidator.validate (C:\\Users\\Roshan Chaudhary\\Desktop\\skilio-customerMs\\src\\metadata-builder\\EntityMetadataValidator.ts:128:18)\n    at C:\\Users\\Roshan Chaudhary\\Desktop\\skilio-customerMs\\src\\metadata-builder\\EntityMetadataValidator.ts:43:18\n    at Array.forEach (<anonymous>)\n    at EntityMetadataValidator.validateMany (C:\\Users\\Roshan Chaudhary\\Desktop\\skilio-customerMs\\src\\metadata-builder\\EntityMetadataValidator.ts:42:25)\n    at DataSource.buildMetadatas (C:\\Users\\Roshan Chaudhary\\Desktop\\skilio-customerMs\\src\\data-source\\DataSource.ts:753:33)\n    at DataSource.initialize (C:\\Users\\Roshan Chaudhary\\Desktop\\skilio-customerMs\\src\\data-source\\DataSource.ts:264:13)"}
{"level":"error","message":"Database connection error Data type \"Array\" in \"Notification.attachments\" is not supported by \"postgres\" database.","service":"user-service","stack":"DataTypeNotSupportedError: Data type \"Array\" in \"Notification.attachments\" is not supported by \"postgres\" database.\n    at C:\\Users\\Roshan Chaudhary\\Desktop\\skilio-customerMs\\src\\metadata-builder\\EntityMetadataValidator.ts:133:31\n    at Array.forEach (<anonymous>)\n    at EntityMetadataValidator.validate (C:\\Users\\Roshan Chaudhary\\Desktop\\skilio-customerMs\\src\\metadata-builder\\EntityMetadataValidator.ts:128:18)\n    at C:\\Users\\Roshan Chaudhary\\Desktop\\skilio-customerMs\\src\\metadata-builder\\EntityMetadataValidator.ts:43:18\n    at Array.forEach (<anonymous>)\n    at EntityMetadataValidator.validateMany (C:\\Users\\Roshan Chaudhary\\Desktop\\skilio-customerMs\\src\\metadata-builder\\EntityMetadataValidator.ts:42:25)\n    at DataSource.buildMetadatas (C:\\Users\\Roshan Chaudhary\\Desktop\\skilio-customerMs\\src\\data-source\\DataSource.ts:753:33)\n    at DataSource.initialize (C:\\Users\\Roshan Chaudhary\\Desktop\\skilio-customerMs\\src\\data-source\\DataSource.ts:264:13)"}
{"level":"error","message":"Database connection error Column \"medium\" of Entity \"SystemConfig\" is defined as enum, but missing \"enum\" or \"enumName\" properties.","service":"user-service","stack":"TypeORMError: Column \"medium\" of Entity \"SystemConfig\" is defined as enum, but missing \"enum\" or \"enumName\" properties.\n    at C:\\Users\\Roshan Chaudhary\\Desktop\\skilio-customerMs\\src\\metadata-builder\\EntityMetadataValidator.ts:150:31\n    at Array.forEach (<anonymous>)\n    at EntityMetadataValidator.validate (C:\\Users\\Roshan Chaudhary\\Desktop\\skilio-customerMs\\src\\metadata-builder\\EntityMetadataValidator.ts:128:18)\n    at C:\\Users\\Roshan Chaudhary\\Desktop\\skilio-customerMs\\src\\metadata-builder\\EntityMetadataValidator.ts:43:18\n    at Array.forEach (<anonymous>)\n    at EntityMetadataValidator.validateMany (C:\\Users\\Roshan Chaudhary\\Desktop\\skilio-customerMs\\src\\metadata-builder\\EntityMetadataValidator.ts:42:25)\n    at DataSource.buildMetadatas (C:\\Users\\Roshan Chaudhary\\Desktop\\skilio-customerMs\\src\\data-source\\DataSource.ts:753:33)\n    at DataSource.initialize (C:\\Users\\Roshan Chaudhary\\Desktop\\skilio-customerMs\\src\\data-source\\DataSource.ts:264:13)"}
{"level":"info","message":"Listening at port number 3000","service":"user-service"}
{"level":"info","message":"Database connection established successfully at skilio-customer","service":"user-service"}
{"level":"info","message":"Listening at port number 3000","service":"user-service"}
{"level":"info","message":"Database connection established successfully at skilio-customer","service":"user-service"}
{"level":"info","message":"Listening at port number 3000","service":"user-service"}
{"level":"info","message":"Database connection established successfully at skilio-customer","service":"user-service"}
{"level":"info","message":"Listening at port number 3000","service":"user-service"}
{"level":"info","message":"Database connection established successfully at skilio-customer","service":"user-service"}
{"level":"info","message":"Listening at port number 3000","service":"user-service"}
{"level":"info","message":"Database connection established successfully at skilio-customer","service":"user-service"}
{"level":"info","message":"Listening at port number 3000","service":"user-service"}
{"level":"info","message":"Database connection established successfully at skilio-customer","service":"user-service"}
{"code":"42703","driverError":{"code":"42703","file":"parse_relation.c","length":121,"line":"3721","name":"error","position":"340","routine":"errorMissingColumn","severity":"ERROR"},"file":"parse_relation.c","length":121,"level":"error","line":"3721","message":"Error loading provider configurations: column SystemConfig.createdAt does not exist","parameters":[],"position":"340","query":"SELECT \"SystemConfig\".\"id\" AS \"SystemConfig_id\", \"SystemConfig\".\"providerName\" AS \"SystemConfig_providerName\", \"SystemConfig\".\"medium\" AS \"SystemConfig_medium\", \"SystemConfig\".\"apiKey\" AS \"SystemConfig_apiKey\", \"SystemConfig\".\"apiSecret\" AS \"SystemConfig_apiSecret\", \"SystemConfig\".\"twilioPhoneNumber\" AS \"SystemConfig_twilioPhoneNumber\", \"SystemConfig\".\"createdAt\" AS \"SystemConfig_createdAt\", \"SystemConfig\".\"updatedAt\" AS \"SystemConfig_updatedAt\" FROM \"system_config\" \"SystemConfig\"","routine":"errorMissingColumn","service":"user-service","severity":"ERROR","stack":"QueryFailedError: column SystemConfig.createdAt does not exist\n    at PostgresQueryRunner.query (C:\\Users\\Roshan Chaudhary\\Desktop\\skilio-customerMs\\src\\driver\\postgres\\PostgresQueryRunner.ts:325:19)\n    at processTicksAndRejections (node:internal/process/task_queues:105:5)\n    at SelectQueryBuilder.loadRawResults (C:\\Users\\Roshan Chaudhary\\Desktop\\skilio-customerMs\\src\\query-builder\\SelectQueryBuilder.ts:3863:25)\n    at SelectQueryBuilder.executeEntitiesAndRawResults (C:\\Users\\Roshan Chaudhary\\Desktop\\skilio-customerMs\\src\\query-builder\\SelectQueryBuilder.ts:3609:26)\n    at SelectQueryBuilder.getRawAndEntities (C:\\Users\\Roshan Chaudhary\\Desktop\\skilio-customerMs\\src\\query-builder\\SelectQueryBuilder.ts:1671:29)\n    at SelectQueryBuilder.getMany (C:\\Users\\Roshan Chaudhary\\Desktop\\skilio-customerMs\\src\\query-builder\\SelectQueryBuilder.ts:1761:25)\n    at SystemConfigStore.loadConfigs (C:\\Users\\Roshan Chaudhary\\Desktop\\skilio-customerMs\\src\\app\\config\\systemConfigStore.ts:12:32)\n    at C:\\Users\\Roshan Chaudhary\\Desktop\\skilio-customerMs\\src\\server.ts:52:5"}
{"level":"info","message":"Listening at port number 3000","service":"user-service"}
{"level":"info","message":"Database connection established successfully at skilio-customer","service":"user-service"}
{"code":"42703","driverError":{"code":"42703","file":"parse_relation.c","length":121,"line":"3721","name":"error","position":"340","routine":"errorMissingColumn","severity":"ERROR"},"file":"parse_relation.c","length":121,"level":"error","line":"3721","message":"Error loading provider configurations: column SystemConfig.createdAt does not exist","parameters":[],"position":"340","query":"SELECT \"SystemConfig\".\"id\" AS \"SystemConfig_id\", \"SystemConfig\".\"providerName\" AS \"SystemConfig_providerName\", \"SystemConfig\".\"medium\" AS \"SystemConfig_medium\", \"SystemConfig\".\"apiKey\" AS \"SystemConfig_apiKey\", \"SystemConfig\".\"apiSecret\" AS \"SystemConfig_apiSecret\", \"SystemConfig\".\"twilioPhoneNumber\" AS \"SystemConfig_twilioPhoneNumber\", \"SystemConfig\".\"createdAt\" AS \"SystemConfig_createdAt\", \"SystemConfig\".\"updatedAt\" AS \"SystemConfig_updatedAt\" FROM \"system_config\" \"SystemConfig\"","routine":"errorMissingColumn","service":"user-service","severity":"ERROR","stack":"QueryFailedError: column SystemConfig.createdAt does not exist\n    at PostgresQueryRunner.query (C:\\Users\\Roshan Chaudhary\\Desktop\\skilio-customerMs\\src\\driver\\postgres\\PostgresQueryRunner.ts:325:19)\n    at processTicksAndRejections (node:internal/process/task_queues:105:5)\n    at SelectQueryBuilder.loadRawResults (C:\\Users\\Roshan Chaudhary\\Desktop\\skilio-customerMs\\src\\query-builder\\SelectQueryBuilder.ts:3863:25)\n    at SelectQueryBuilder.executeEntitiesAndRawResults (C:\\Users\\Roshan Chaudhary\\Desktop\\skilio-customerMs\\src\\query-builder\\SelectQueryBuilder.ts:3609:26)\n    at SelectQueryBuilder.getRawAndEntities (C:\\Users\\Roshan Chaudhary\\Desktop\\skilio-customerMs\\src\\query-builder\\SelectQueryBuilder.ts:1671:29)\n    at SelectQueryBuilder.getMany (C:\\Users\\Roshan Chaudhary\\Desktop\\skilio-customerMs\\src\\query-builder\\SelectQueryBuilder.ts:1761:25)\n    at SystemConfigStore.loadConfigs (C:\\Users\\Roshan Chaudhary\\Desktop\\skilio-customerMs\\src\\app\\config\\systemConfigStore.ts:12:32)\n    at C:\\Users\\Roshan Chaudhary\\Desktop\\skilio-customerMs\\src\\server.ts:52:5"}
{"level":"info","message":"Listening at port number 3000","service":"user-service"}
{"level":"info","message":"Database connection established successfully at skilio-customer","service":"user-service"}
{"code":"42703","driverError":{"code":"42703","file":"parse_relation.c","length":121,"line":"3721","name":"error","position":"340","routine":"errorMissingColumn","severity":"ERROR"},"file":"parse_relation.c","length":121,"level":"error","line":"3721","message":"Error loading provider configurations: column SystemConfig.createdAt does not exist","parameters":[],"position":"340","query":"SELECT \"SystemConfig\".\"id\" AS \"SystemConfig_id\", \"SystemConfig\".\"providerName\" AS \"SystemConfig_providerName\", \"SystemConfig\".\"medium\" AS \"SystemConfig_medium\", \"SystemConfig\".\"apiKey\" AS \"SystemConfig_apiKey\", \"SystemConfig\".\"apiSecret\" AS \"SystemConfig_apiSecret\", \"SystemConfig\".\"twilioPhoneNumber\" AS \"SystemConfig_twilioPhoneNumber\", \"SystemConfig\".\"createdAt\" AS \"SystemConfig_createdAt\", \"SystemConfig\".\"updatedAt\" AS \"SystemConfig_updatedAt\" FROM \"system_config\" \"SystemConfig\"","routine":"errorMissingColumn","service":"user-service","severity":"ERROR","stack":"QueryFailedError: column SystemConfig.createdAt does not exist\n    at PostgresQueryRunner.query (C:\\Users\\Roshan Chaudhary\\Desktop\\skilio-customerMs\\src\\driver\\postgres\\PostgresQueryRunner.ts:325:19)\n    at processTicksAndRejections (node:internal/process/task_queues:105:5)\n    at SelectQueryBuilder.loadRawResults (C:\\Users\\Roshan Chaudhary\\Desktop\\skilio-customerMs\\src\\query-builder\\SelectQueryBuilder.ts:3863:25)\n    at SelectQueryBuilder.executeEntitiesAndRawResults (C:\\Users\\Roshan Chaudhary\\Desktop\\skilio-customerMs\\src\\query-builder\\SelectQueryBuilder.ts:3609:26)\n    at SelectQueryBuilder.getRawAndEntities (C:\\Users\\Roshan Chaudhary\\Desktop\\skilio-customerMs\\src\\query-builder\\SelectQueryBuilder.ts:1671:29)\n    at SelectQueryBuilder.getMany (C:\\Users\\Roshan Chaudhary\\Desktop\\skilio-customerMs\\src\\query-builder\\SelectQueryBuilder.ts:1761:25)\n    at SystemConfigStore.loadConfigs (C:\\Users\\Roshan Chaudhary\\Desktop\\skilio-customerMs\\src\\app\\config\\systemConfigStore.ts:12:32)\n    at C:\\Users\\Roshan Chaudhary\\Desktop\\skilio-customerMs\\src\\server.ts:52:5"}
{"level":"info","message":"Listening at port number 3000","service":"user-service"}
{"level":"info","message":"Database connection established successfully at skilio-customer","service":"user-service"}
{"code":"42703","driverError":{"code":"42703","file":"parse_relation.c","length":121,"line":"3721","name":"error","position":"340","routine":"errorMissingColumn","severity":"ERROR"},"file":"parse_relation.c","length":121,"level":"error","line":"3721","message":"Error loading provider configurations: column SystemConfig.createdAt does not exist","parameters":[],"position":"340","query":"SELECT \"SystemConfig\".\"id\" AS \"SystemConfig_id\", \"SystemConfig\".\"providerName\" AS \"SystemConfig_providerName\", \"SystemConfig\".\"medium\" AS \"SystemConfig_medium\", \"SystemConfig\".\"apiKey\" AS \"SystemConfig_apiKey\", \"SystemConfig\".\"apiSecret\" AS \"SystemConfig_apiSecret\", \"SystemConfig\".\"twilioPhoneNumber\" AS \"SystemConfig_twilioPhoneNumber\", \"SystemConfig\".\"createdAt\" AS \"SystemConfig_createdAt\", \"SystemConfig\".\"updatedAt\" AS \"SystemConfig_updatedAt\" FROM \"system_config\" \"SystemConfig\"","routine":"errorMissingColumn","service":"user-service","severity":"ERROR","stack":"QueryFailedError: column SystemConfig.createdAt does not exist\n    at PostgresQueryRunner.query (C:\\Users\\Roshan Chaudhary\\Desktop\\skilio-customerMs\\src\\driver\\postgres\\PostgresQueryRunner.ts:325:19)\n    at processTicksAndRejections (node:internal/process/task_queues:105:5)\n    at SelectQueryBuilder.loadRawResults (C:\\Users\\Roshan Chaudhary\\Desktop\\skilio-customerMs\\src\\query-builder\\SelectQueryBuilder.ts:3863:25)\n    at SelectQueryBuilder.executeEntitiesAndRawResults (C:\\Users\\Roshan Chaudhary\\Desktop\\skilio-customerMs\\src\\query-builder\\SelectQueryBuilder.ts:3609:26)\n    at SelectQueryBuilder.getRawAndEntities (C:\\Users\\Roshan Chaudhary\\Desktop\\skilio-customerMs\\src\\query-builder\\SelectQueryBuilder.ts:1671:29)\n    at SelectQueryBuilder.getMany (C:\\Users\\Roshan Chaudhary\\Desktop\\skilio-customerMs\\src\\query-builder\\SelectQueryBuilder.ts:1761:25)\n    at SystemConfigStore.loadConfigs (C:\\Users\\Roshan Chaudhary\\Desktop\\skilio-customerMs\\src\\app\\config\\systemConfigStore.ts:12:32)\n    at C:\\Users\\Roshan Chaudhary\\Desktop\\skilio-customerMs\\src\\server.ts:52:5"}
{"level":"info","message":"Listening at port number 3000","service":"user-service"}
{"level":"info","message":"Database connection established successfully at skilio-customer","service":"user-service"}
{"code":"42703","driverError":{"code":"42703","file":"parse_relation.c","length":121,"line":"3721","name":"error","position":"340","routine":"errorMissingColumn","severity":"ERROR"},"file":"parse_relation.c","length":121,"level":"error","line":"3721","message":"Error loading provider configurations: column SystemConfig.createdAt does not exist","parameters":[],"position":"340","query":"SELECT \"SystemConfig\".\"id\" AS \"SystemConfig_id\", \"SystemConfig\".\"providerName\" AS \"SystemConfig_providerName\", \"SystemConfig\".\"medium\" AS \"SystemConfig_medium\", \"SystemConfig\".\"apiKey\" AS \"SystemConfig_apiKey\", \"SystemConfig\".\"apiSecret\" AS \"SystemConfig_apiSecret\", \"SystemConfig\".\"twilioPhoneNumber\" AS \"SystemConfig_twilioPhoneNumber\", \"SystemConfig\".\"createdAt\" AS \"SystemConfig_createdAt\", \"SystemConfig\".\"updatedAt\" AS \"SystemConfig_updatedAt\" FROM \"system_config\" \"SystemConfig\"","routine":"errorMissingColumn","service":"user-service","severity":"ERROR","stack":"QueryFailedError: column SystemConfig.createdAt does not exist\n    at PostgresQueryRunner.query (C:\\Users\\Roshan Chaudhary\\Desktop\\skilio-customerMs\\src\\driver\\postgres\\PostgresQueryRunner.ts:325:19)\n    at processTicksAndRejections (node:internal/process/task_queues:105:5)\n    at SelectQueryBuilder.loadRawResults (C:\\Users\\Roshan Chaudhary\\Desktop\\skilio-customerMs\\src\\query-builder\\SelectQueryBuilder.ts:3863:25)\n    at SelectQueryBuilder.executeEntitiesAndRawResults (C:\\Users\\Roshan Chaudhary\\Desktop\\skilio-customerMs\\src\\query-builder\\SelectQueryBuilder.ts:3609:26)\n    at SelectQueryBuilder.getRawAndEntities (C:\\Users\\Roshan Chaudhary\\Desktop\\skilio-customerMs\\src\\query-builder\\SelectQueryBuilder.ts:1671:29)\n    at SelectQueryBuilder.getMany (C:\\Users\\Roshan Chaudhary\\Desktop\\skilio-customerMs\\src\\query-builder\\SelectQueryBuilder.ts:1761:25)\n    at SystemConfigStore.loadConfigs (C:\\Users\\Roshan Chaudhary\\Desktop\\skilio-customerMs\\src\\app\\config\\systemConfigStore.ts:12:32)\n    at C:\\Users\\Roshan Chaudhary\\Desktop\\skilio-customerMs\\src\\server.ts:52:5"}
{"level":"info","message":"Listening at port number 3000","service":"user-service"}
{"level":"info","message":"Database connection established successfully at skilio-customer","service":"user-service"}
{"code":"42703","driverError":{"code":"42703","file":"parse_relation.c","length":121,"line":"3721","name":"error","position":"340","routine":"errorMissingColumn","severity":"ERROR"},"file":"parse_relation.c","length":121,"level":"error","line":"3721","message":"Error loading provider configurations: column SystemConfig.createdAt does not exist","parameters":[],"position":"340","query":"SELECT \"SystemConfig\".\"id\" AS \"SystemConfig_id\", \"SystemConfig\".\"providerName\" AS \"SystemConfig_providerName\", \"SystemConfig\".\"medium\" AS \"SystemConfig_medium\", \"SystemConfig\".\"apiKey\" AS \"SystemConfig_apiKey\", \"SystemConfig\".\"apiSecret\" AS \"SystemConfig_apiSecret\", \"SystemConfig\".\"twilioPhoneNumber\" AS \"SystemConfig_twilioPhoneNumber\", \"SystemConfig\".\"createdAt\" AS \"SystemConfig_createdAt\", \"SystemConfig\".\"updatedAt\" AS \"SystemConfig_updatedAt\" FROM \"system_config\" \"SystemConfig\"","routine":"errorMissingColumn","service":"user-service","severity":"ERROR","stack":"QueryFailedError: column SystemConfig.createdAt does not exist\n    at PostgresQueryRunner.query (C:\\Users\\Roshan Chaudhary\\Desktop\\skilio-customerMs\\src\\driver\\postgres\\PostgresQueryRunner.ts:325:19)\n    at processTicksAndRejections (node:internal/process/task_queues:105:5)\n    at SelectQueryBuilder.loadRawResults (C:\\Users\\Roshan Chaudhary\\Desktop\\skilio-customerMs\\src\\query-builder\\SelectQueryBuilder.ts:3863:25)\n    at SelectQueryBuilder.executeEntitiesAndRawResults (C:\\Users\\Roshan Chaudhary\\Desktop\\skilio-customerMs\\src\\query-builder\\SelectQueryBuilder.ts:3609:26)\n    at SelectQueryBuilder.getRawAndEntities (C:\\Users\\Roshan Chaudhary\\Desktop\\skilio-customerMs\\src\\query-builder\\SelectQueryBuilder.ts:1671:29)\n    at SelectQueryBuilder.getMany (C:\\Users\\Roshan Chaudhary\\Desktop\\skilio-customerMs\\src\\query-builder\\SelectQueryBuilder.ts:1761:25)\n    at SystemConfigStore.loadConfigs (C:\\Users\\Roshan Chaudhary\\Desktop\\skilio-customerMs\\src\\app\\config\\systemConfigStore.ts:12:32)\n    at C:\\Users\\Roshan Chaudhary\\Desktop\\skilio-customerMs\\src\\server.ts:52:5"}
{"level":"info","message":"Listening at port number 3000","service":"user-service"}
{"level":"info","message":"Database connection established successfully at skilio-customer","service":"user-service"}
{"code":"42703","driverError":{"code":"42703","file":"parse_relation.c","length":121,"line":"3721","name":"error","position":"340","routine":"errorMissingColumn","severity":"ERROR"},"file":"parse_relation.c","length":121,"level":"error","line":"3721","message":"Error loading provider configurations: column SystemConfig.createdAt does not exist","parameters":[],"position":"340","query":"SELECT \"SystemConfig\".\"id\" AS \"SystemConfig_id\", \"SystemConfig\".\"providerName\" AS \"SystemConfig_providerName\", \"SystemConfig\".\"medium\" AS \"SystemConfig_medium\", \"SystemConfig\".\"apiKey\" AS \"SystemConfig_apiKey\", \"SystemConfig\".\"apiSecret\" AS \"SystemConfig_apiSecret\", \"SystemConfig\".\"twilioPhoneNumber\" AS \"SystemConfig_twilioPhoneNumber\", \"SystemConfig\".\"createdAt\" AS \"SystemConfig_createdAt\", \"SystemConfig\".\"updatedAt\" AS \"SystemConfig_updatedAt\" FROM \"system_config\" \"SystemConfig\"","routine":"errorMissingColumn","service":"user-service","severity":"ERROR","stack":"QueryFailedError: column SystemConfig.createdAt does not exist\n    at PostgresQueryRunner.query (C:\\Users\\Roshan Chaudhary\\Desktop\\skilio-customerMs\\src\\driver\\postgres\\PostgresQueryRunner.ts:325:19)\n    at processTicksAndRejections (node:internal/process/task_queues:105:5)\n    at SelectQueryBuilder.loadRawResults (C:\\Users\\Roshan Chaudhary\\Desktop\\skilio-customerMs\\src\\query-builder\\SelectQueryBuilder.ts:3863:25)\n    at SelectQueryBuilder.executeEntitiesAndRawResults (C:\\Users\\Roshan Chaudhary\\Desktop\\skilio-customerMs\\src\\query-builder\\SelectQueryBuilder.ts:3609:26)\n    at SelectQueryBuilder.getRawAndEntities (C:\\Users\\Roshan Chaudhary\\Desktop\\skilio-customerMs\\src\\query-builder\\SelectQueryBuilder.ts:1671:29)\n    at SelectQueryBuilder.getMany (C:\\Users\\Roshan Chaudhary\\Desktop\\skilio-customerMs\\src\\query-builder\\SelectQueryBuilder.ts:1761:25)\n    at SystemConfigStore.loadConfigs (C:\\Users\\Roshan Chaudhary\\Desktop\\skilio-customerMs\\src\\app\\config\\systemConfigStore.ts:12:32)\n    at C:\\Users\\Roshan Chaudhary\\Desktop\\skilio-customerMs\\src\\server.ts:52:5"}
{"level":"info","message":"Listening at port number 3000","service":"user-service"}
{"level":"info","message":"Database connection established successfully at skilio-customer","service":"user-service"}
{"code":"42703","driverError":{"code":"42703","file":"parse_relation.c","length":121,"line":"3721","name":"error","position":"340","routine":"errorMissingColumn","severity":"ERROR"},"file":"parse_relation.c","length":121,"level":"error","line":"3721","message":"Error loading provider configurations: column SystemConfig.createdAt does not exist","parameters":[],"position":"340","query":"SELECT \"SystemConfig\".\"id\" AS \"SystemConfig_id\", \"SystemConfig\".\"providerName\" AS \"SystemConfig_providerName\", \"SystemConfig\".\"medium\" AS \"SystemConfig_medium\", \"SystemConfig\".\"apiKey\" AS \"SystemConfig_apiKey\", \"SystemConfig\".\"apiSecret\" AS \"SystemConfig_apiSecret\", \"SystemConfig\".\"twilioPhoneNumber\" AS \"SystemConfig_twilioPhoneNumber\", \"SystemConfig\".\"createdAt\" AS \"SystemConfig_createdAt\", \"SystemConfig\".\"updatedAt\" AS \"SystemConfig_updatedAt\" FROM \"system_config\" \"SystemConfig\"","routine":"errorMissingColumn","service":"user-service","severity":"ERROR","stack":"QueryFailedError: column SystemConfig.createdAt does not exist\n    at PostgresQueryRunner.query (C:\\Users\\Roshan Chaudhary\\Desktop\\skilio-customerMs\\src\\driver\\postgres\\PostgresQueryRunner.ts:325:19)\n    at processTicksAndRejections (node:internal/process/task_queues:105:5)\n    at SelectQueryBuilder.loadRawResults (C:\\Users\\Roshan Chaudhary\\Desktop\\skilio-customerMs\\src\\query-builder\\SelectQueryBuilder.ts:3863:25)\n    at SelectQueryBuilder.executeEntitiesAndRawResults (C:\\Users\\Roshan Chaudhary\\Desktop\\skilio-customerMs\\src\\query-builder\\SelectQueryBuilder.ts:3609:26)\n    at SelectQueryBuilder.getRawAndEntities (C:\\Users\\Roshan Chaudhary\\Desktop\\skilio-customerMs\\src\\query-builder\\SelectQueryBuilder.ts:1671:29)\n    at SelectQueryBuilder.getMany (C:\\Users\\Roshan Chaudhary\\Desktop\\skilio-customerMs\\src\\query-builder\\SelectQueryBuilder.ts:1761:25)\n    at SystemConfigStore.loadConfigs (C:\\Users\\Roshan Chaudhary\\Desktop\\skilio-customerMs\\src\\app\\config\\systemConfigStore.ts:12:32)\n    at C:\\Users\\Roshan Chaudhary\\Desktop\\skilio-customerMs\\src\\server.ts:52:5"}
{"level":"info","message":"Listening at port number 3000","service":"user-service"}
{"level":"info","message":"Database connection established successfully at skilio-customer","service":"user-service"}
{"level":"error","message":"Database connection error Data type \"Object\" in \"Verification.otpCodeStatus\" is not supported by \"postgres\" database.","service":"user-service","stack":"DataTypeNotSupportedError: Data type \"Object\" in \"Verification.otpCodeStatus\" is not supported by \"postgres\" database.\n    at C:\\Users\\Roshan Chaudhary\\Desktop\\skilio-customerMs\\src\\metadata-builder\\EntityMetadataValidator.ts:133:31\n    at Array.forEach (<anonymous>)\n    at EntityMetadataValidator.validate (C:\\Users\\Roshan Chaudhary\\Desktop\\skilio-customerMs\\src\\metadata-builder\\EntityMetadataValidator.ts:128:18)\n    at C:\\Users\\Roshan Chaudhary\\Desktop\\skilio-customerMs\\src\\metadata-builder\\EntityMetadataValidator.ts:43:18\n    at Array.forEach (<anonymous>)\n    at EntityMetadataValidator.validateMany (C:\\Users\\Roshan Chaudhary\\Desktop\\skilio-customerMs\\src\\metadata-builder\\EntityMetadataValidator.ts:42:25)\n    at DataSource.buildMetadatas (C:\\Users\\Roshan Chaudhary\\Desktop\\skilio-customerMs\\src\\data-source\\DataSource.ts:753:33)\n    at DataSource.initialize (C:\\Users\\Roshan Chaudhary\\Desktop\\skilio-customerMs\\src\\data-source\\DataSource.ts:264:13)"}
{"level":"error","message":"Database connection error Data type \"Object\" in \"Verification.purpose\" is not supported by \"postgres\" database.","service":"user-service","stack":"DataTypeNotSupportedError: Data type \"Object\" in \"Verification.purpose\" is not supported by \"postgres\" database.\n    at C:\\Users\\Roshan Chaudhary\\Desktop\\skilio-customerMs\\src\\metadata-builder\\EntityMetadataValidator.ts:133:31\n    at Array.forEach (<anonymous>)\n    at EntityMetadataValidator.validate (C:\\Users\\Roshan Chaudhary\\Desktop\\skilio-customerMs\\src\\metadata-builder\\EntityMetadataValidator.ts:128:18)\n    at C:\\Users\\Roshan Chaudhary\\Desktop\\skilio-customerMs\\src\\metadata-builder\\EntityMetadataValidator.ts:43:18\n    at Array.forEach (<anonymous>)\n    at EntityMetadataValidator.validateMany (C:\\Users\\Roshan Chaudhary\\Desktop\\skilio-customerMs\\src\\metadata-builder\\EntityMetadataValidator.ts:42:25)\n    at DataSource.buildMetadatas (C:\\Users\\Roshan Chaudhary\\Desktop\\skilio-customerMs\\src\\data-source\\DataSource.ts:753:33)\n    at DataSource.initialize (C:\\Users\\Roshan Chaudhary\\Desktop\\skilio-customerMs\\src\\data-source\\DataSource.ts:264:13)"}
{"level":"error","message":"Database connection error Data type \"Object\" in \"Verification.purpose\" is not supported by \"postgres\" database.","service":"user-service","stack":"DataTypeNotSupportedError: Data type \"Object\" in \"Verification.purpose\" is not supported by \"postgres\" database.\n    at C:\\Users\\Roshan Chaudhary\\Desktop\\skilio-customerMs\\src\\metadata-builder\\EntityMetadataValidator.ts:133:31\n    at Array.forEach (<anonymous>)\n    at EntityMetadataValidator.validate (C:\\Users\\Roshan Chaudhary\\Desktop\\skilio-customerMs\\src\\metadata-builder\\EntityMetadataValidator.ts:128:18)\n    at C:\\Users\\Roshan Chaudhary\\Desktop\\skilio-customerMs\\src\\metadata-builder\\EntityMetadataValidator.ts:43:18\n    at Array.forEach (<anonymous>)\n    at EntityMetadataValidator.validateMany (C:\\Users\\Roshan Chaudhary\\Desktop\\skilio-customerMs\\src\\metadata-builder\\EntityMetadataValidator.ts:42:25)\n    at DataSource.buildMetadatas (C:\\Users\\Roshan Chaudhary\\Desktop\\skilio-customerMs\\src\\data-source\\DataSource.ts:753:33)\n    at DataSource.initialize (C:\\Users\\Roshan Chaudhary\\Desktop\\skilio-customerMs\\src\\data-source\\DataSource.ts:264:13)"}
{"level":"error","message":"Database connection error Data type \"Object\" in \"Verification.purpose\" is not supported by \"postgres\" database.","service":"user-service","stack":"DataTypeNotSupportedError: Data type \"Object\" in \"Verification.purpose\" is not supported by \"postgres\" database.\n    at C:\\Users\\Roshan Chaudhary\\Desktop\\skilio-customerMs\\src\\metadata-builder\\EntityMetadataValidator.ts:133:31\n    at Array.forEach (<anonymous>)\n    at EntityMetadataValidator.validate (C:\\Users\\Roshan Chaudhary\\Desktop\\skilio-customerMs\\src\\metadata-builder\\EntityMetadataValidator.ts:128:18)\n    at C:\\Users\\Roshan Chaudhary\\Desktop\\skilio-customerMs\\src\\metadata-builder\\EntityMetadataValidator.ts:43:18\n    at Array.forEach (<anonymous>)\n    at EntityMetadataValidator.validateMany (C:\\Users\\Roshan Chaudhary\\Desktop\\skilio-customerMs\\src\\metadata-builder\\EntityMetadataValidator.ts:42:25)\n    at DataSource.buildMetadatas (C:\\Users\\Roshan Chaudhary\\Desktop\\skilio-customerMs\\src\\data-source\\DataSource.ts:753:33)\n    at DataSource.initialize (C:\\Users\\Roshan Chaudhary\\Desktop\\skilio-customerMs\\src\\data-source\\DataSource.ts:264:13)"}
{"level":"error","message":"Database connection error Data type \"Object\" in \"Verification.purpose\" is not supported by \"postgres\" database.","service":"user-service","stack":"DataTypeNotSupportedError: Data type \"Object\" in \"Verification.purpose\" is not supported by \"postgres\" database.\n    at C:\\Users\\Roshan Chaudhary\\Desktop\\skilio-customerMs\\src\\metadata-builder\\EntityMetadataValidator.ts:133:31\n    at Array.forEach (<anonymous>)\n    at EntityMetadataValidator.validate (C:\\Users\\Roshan Chaudhary\\Desktop\\skilio-customerMs\\src\\metadata-builder\\EntityMetadataValidator.ts:128:18)\n    at C:\\Users\\Roshan Chaudhary\\Desktop\\skilio-customerMs\\src\\metadata-builder\\EntityMetadataValidator.ts:43:18\n    at Array.forEach (<anonymous>)\n    at EntityMetadataValidator.validateMany (C:\\Users\\Roshan Chaudhary\\Desktop\\skilio-customerMs\\src\\metadata-builder\\EntityMetadataValidator.ts:42:25)\n    at DataSource.buildMetadatas (C:\\Users\\Roshan Chaudhary\\Desktop\\skilio-customerMs\\src\\data-source\\DataSource.ts:753:33)\n    at DataSource.initialize (C:\\Users\\Roshan Chaudhary\\Desktop\\skilio-customerMs\\src\\data-source\\DataSource.ts:264:13)"}
{"level":"error","message":"Database connection error Data type \"Object\" in \"Verification.otpCodeStatus\" is not supported by \"postgres\" database.","service":"user-service","stack":"DataTypeNotSupportedError: Data type \"Object\" in \"Verification.otpCodeStatus\" is not supported by \"postgres\" database.\n    at C:\\Users\\Roshan Chaudhary\\Desktop\\skilio-customerMs\\src\\metadata-builder\\EntityMetadataValidator.ts:133:31\n    at Array.forEach (<anonymous>)\n    at EntityMetadataValidator.validate (C:\\Users\\Roshan Chaudhary\\Desktop\\skilio-customerMs\\src\\metadata-builder\\EntityMetadataValidator.ts:128:18)\n    at C:\\Users\\Roshan Chaudhary\\Desktop\\skilio-customerMs\\src\\metadata-builder\\EntityMetadataValidator.ts:43:18\n    at Array.forEach (<anonymous>)\n    at EntityMetadataValidator.validateMany (C:\\Users\\Roshan Chaudhary\\Desktop\\skilio-customerMs\\src\\metadata-builder\\EntityMetadataValidator.ts:42:25)\n    at DataSource.buildMetadatas (C:\\Users\\Roshan Chaudhary\\Desktop\\skilio-customerMs\\src\\data-source\\DataSource.ts:753:33)\n    at DataSource.initialize (C:\\Users\\Roshan Chaudhary\\Desktop\\skilio-customerMs\\src\\data-source\\DataSource.ts:264:13)"}
{"code":"42703","driverError":{"code":"42703","file":"parse_relation.c","length":121,"line":"3721","name":"error","position":"340","routine":"errorMissingColumn","severity":"ERROR"},"file":"parse_relation.c","length":121,"level":"error","line":"3721","message":"Error loading provider configurations: column SystemConfig.createdAt does not exist","parameters":[],"position":"340","query":"SELECT \"SystemConfig\".\"id\" AS \"SystemConfig_id\", \"SystemConfig\".\"providerName\" AS \"SystemConfig_providerName\", \"SystemConfig\".\"medium\" AS \"SystemConfig_medium\", \"SystemConfig\".\"apiKey\" AS \"SystemConfig_apiKey\", \"SystemConfig\".\"apiSecret\" AS \"SystemConfig_apiSecret\", \"SystemConfig\".\"twilioPhoneNumber\" AS \"SystemConfig_twilioPhoneNumber\", \"SystemConfig\".\"createdAt\" AS \"SystemConfig_createdAt\", \"SystemConfig\".\"updatedAt\" AS \"SystemConfig_updatedAt\" FROM \"system_config\" \"SystemConfig\"","routine":"errorMissingColumn","service":"user-service","severity":"ERROR","stack":"QueryFailedError: column SystemConfig.createdAt does not exist\n    at PostgresQueryRunner.query (C:\\Users\\Roshan Chaudhary\\Desktop\\skilio-customerMs\\src\\driver\\postgres\\PostgresQueryRunner.ts:325:19)\n    at processTicksAndRejections (node:internal/process/task_queues:105:5)\n    at SelectQueryBuilder.loadRawResults (C:\\Users\\Roshan Chaudhary\\Desktop\\skilio-customerMs\\src\\query-builder\\SelectQueryBuilder.ts:3863:25)\n    at SelectQueryBuilder.executeEntitiesAndRawResults (C:\\Users\\Roshan Chaudhary\\Desktop\\skilio-customerMs\\src\\query-builder\\SelectQueryBuilder.ts:3609:26)\n    at SelectQueryBuilder.getRawAndEntities (C:\\Users\\Roshan Chaudhary\\Desktop\\skilio-customerMs\\src\\query-builder\\SelectQueryBuilder.ts:1671:29)\n    at SelectQueryBuilder.getMany (C:\\Users\\Roshan Chaudhary\\Desktop\\skilio-customerMs\\src\\query-builder\\SelectQueryBuilder.ts:1761:25)\n    at SystemConfigStore.loadConfigs (C:\\Users\\Roshan Chaudhary\\Desktop\\skilio-customerMs\\src\\app\\config\\systemConfigStore.ts:12:32)\n    at C:\\Users\\Roshan Chaudhary\\Desktop\\skilio-customerMs\\src\\server.ts:52:5"}
{"level":"info","message":"Listening at port number 3000","service":"user-service"}
{"level":"info","message":"Database connection established successfully at skilio-customer","service":"user-service"}
{"code":"42703","driverError":{"code":"42703","file":"parse_relation.c","length":121,"line":"3721","name":"error","position":"340","routine":"errorMissingColumn","severity":"ERROR"},"file":"parse_relation.c","length":121,"level":"error","line":"3721","message":"Error loading provider configurations: column SystemConfig.createdAt does not exist","parameters":[],"position":"340","query":"SELECT \"SystemConfig\".\"id\" AS \"SystemConfig_id\", \"SystemConfig\".\"providerName\" AS \"SystemConfig_providerName\", \"SystemConfig\".\"medium\" AS \"SystemConfig_medium\", \"SystemConfig\".\"apiKey\" AS \"SystemConfig_apiKey\", \"SystemConfig\".\"apiSecret\" AS \"SystemConfig_apiSecret\", \"SystemConfig\".\"twilioPhoneNumber\" AS \"SystemConfig_twilioPhoneNumber\", \"SystemConfig\".\"createdAt\" AS \"SystemConfig_createdAt\", \"SystemConfig\".\"updatedAt\" AS \"SystemConfig_updatedAt\" FROM \"system_config\" \"SystemConfig\"","routine":"errorMissingColumn","service":"user-service","severity":"ERROR","stack":"QueryFailedError: column SystemConfig.createdAt does not exist\n    at PostgresQueryRunner.query (C:\\Users\\Roshan Chaudhary\\Desktop\\skilio-customerMs\\src\\driver\\postgres\\PostgresQueryRunner.ts:325:19)\n    at processTicksAndRejections (node:internal/process/task_queues:105:5)\n    at SelectQueryBuilder.loadRawResults (C:\\Users\\Roshan Chaudhary\\Desktop\\skilio-customerMs\\src\\query-builder\\SelectQueryBuilder.ts:3863:25)\n    at SelectQueryBuilder.executeEntitiesAndRawResults (C:\\Users\\Roshan Chaudhary\\Desktop\\skilio-customerMs\\src\\query-builder\\SelectQueryBuilder.ts:3609:26)\n    at SelectQueryBuilder.getRawAndEntities (C:\\Users\\Roshan Chaudhary\\Desktop\\skilio-customerMs\\src\\query-builder\\SelectQueryBuilder.ts:1671:29)\n    at SelectQueryBuilder.getMany (C:\\Users\\Roshan Chaudhary\\Desktop\\skilio-customerMs\\src\\query-builder\\SelectQueryBuilder.ts:1761:25)\n    at SystemConfigStore.loadConfigs (C:\\Users\\Roshan Chaudhary\\Desktop\\skilio-customerMs\\src\\app\\config\\systemConfigStore.ts:12:32)\n    at C:\\Users\\Roshan Chaudhary\\Desktop\\skilio-customerMs\\src\\server.ts:52:5"}
{"level":"info","message":"Listening at port number 3000","service":"user-service"}
{"level":"info","message":"Database connection established successfully at skilio-customer","service":"user-service"}
{"code":"42703","driverError":{"code":"42703","file":"parse_relation.c","length":121,"line":"3721","name":"error","position":"340","routine":"errorMissingColumn","severity":"ERROR"},"file":"parse_relation.c","length":121,"level":"error","line":"3721","message":"Error loading provider configurations: column SystemConfig.createdAt does not exist","parameters":[],"position":"340","query":"SELECT \"SystemConfig\".\"id\" AS \"SystemConfig_id\", \"SystemConfig\".\"providerName\" AS \"SystemConfig_providerName\", \"SystemConfig\".\"medium\" AS \"SystemConfig_medium\", \"SystemConfig\".\"apiKey\" AS \"SystemConfig_apiKey\", \"SystemConfig\".\"apiSecret\" AS \"SystemConfig_apiSecret\", \"SystemConfig\".\"twilioPhoneNumber\" AS \"SystemConfig_twilioPhoneNumber\", \"SystemConfig\".\"createdAt\" AS \"SystemConfig_createdAt\", \"SystemConfig\".\"updatedAt\" AS \"SystemConfig_updatedAt\" FROM \"system_config\" \"SystemConfig\"","routine":"errorMissingColumn","service":"user-service","severity":"ERROR","stack":"QueryFailedError: column SystemConfig.createdAt does not exist\n    at PostgresQueryRunner.query (C:\\Users\\Roshan Chaudhary\\Desktop\\skilio-customerMs\\src\\driver\\postgres\\PostgresQueryRunner.ts:325:19)\n    at processTicksAndRejections (node:internal/process/task_queues:105:5)\n    at SelectQueryBuilder.loadRawResults (C:\\Users\\Roshan Chaudhary\\Desktop\\skilio-customerMs\\src\\query-builder\\SelectQueryBuilder.ts:3863:25)\n    at SelectQueryBuilder.executeEntitiesAndRawResults (C:\\Users\\Roshan Chaudhary\\Desktop\\skilio-customerMs\\src\\query-builder\\SelectQueryBuilder.ts:3609:26)\n    at SelectQueryBuilder.getRawAndEntities (C:\\Users\\Roshan Chaudhary\\Desktop\\skilio-customerMs\\src\\query-builder\\SelectQueryBuilder.ts:1671:29)\n    at SelectQueryBuilder.getMany (C:\\Users\\Roshan Chaudhary\\Desktop\\skilio-customerMs\\src\\query-builder\\SelectQueryBuilder.ts:1761:25)\n    at SystemConfigStore.loadConfigs (C:\\Users\\Roshan Chaudhary\\Desktop\\skilio-customerMs\\src\\app\\config\\systemConfigStore.ts:12:32)\n    at C:\\Users\\Roshan Chaudhary\\Desktop\\skilio-customerMs\\src\\server.ts:52:5"}
{"level":"info","message":"Listening at port number 3000","service":"user-service"}
{"level":"info","message":"Database connection established successfully at skilio-customer","service":"user-service"}
{"code":"42703","driverError":{"code":"42703","file":"parse_relation.c","length":121,"line":"3721","name":"error","position":"340","routine":"errorMissingColumn","severity":"ERROR"},"file":"parse_relation.c","length":121,"level":"error","line":"3721","message":"Error loading provider configurations: column SystemConfig.createdAt does not exist","parameters":[],"position":"340","query":"SELECT \"SystemConfig\".\"id\" AS \"SystemConfig_id\", \"SystemConfig\".\"providerName\" AS \"SystemConfig_providerName\", \"SystemConfig\".\"medium\" AS \"SystemConfig_medium\", \"SystemConfig\".\"apiKey\" AS \"SystemConfig_apiKey\", \"SystemConfig\".\"apiSecret\" AS \"SystemConfig_apiSecret\", \"SystemConfig\".\"twilioPhoneNumber\" AS \"SystemConfig_twilioPhoneNumber\", \"SystemConfig\".\"createdAt\" AS \"SystemConfig_createdAt\", \"SystemConfig\".\"updatedAt\" AS \"SystemConfig_updatedAt\" FROM \"system_config\" \"SystemConfig\"","routine":"errorMissingColumn","service":"user-service","severity":"ERROR","stack":"QueryFailedError: column SystemConfig.createdAt does not exist\n    at PostgresQueryRunner.query (C:\\Users\\Roshan Chaudhary\\Desktop\\skilio-customerMs\\src\\driver\\postgres\\PostgresQueryRunner.ts:325:19)\n    at processTicksAndRejections (node:internal/process/task_queues:105:5)\n    at SelectQueryBuilder.loadRawResults (C:\\Users\\Roshan Chaudhary\\Desktop\\skilio-customerMs\\src\\query-builder\\SelectQueryBuilder.ts:3863:25)\n    at SelectQueryBuilder.executeEntitiesAndRawResults (C:\\Users\\Roshan Chaudhary\\Desktop\\skilio-customerMs\\src\\query-builder\\SelectQueryBuilder.ts:3609:26)\n    at SelectQueryBuilder.getRawAndEntities (C:\\Users\\Roshan Chaudhary\\Desktop\\skilio-customerMs\\src\\query-builder\\SelectQueryBuilder.ts:1671:29)\n    at SelectQueryBuilder.getMany (C:\\Users\\Roshan Chaudhary\\Desktop\\skilio-customerMs\\src\\query-builder\\SelectQueryBuilder.ts:1761:25)\n    at SystemConfigStore.loadConfigs (C:\\Users\\Roshan Chaudhary\\Desktop\\skilio-customerMs\\src\\app\\config\\systemConfigStore.ts:12:32)\n    at C:\\Users\\Roshan Chaudhary\\Desktop\\skilio-customerMs\\src\\server.ts:52:5"}
{"level":"info","message":"Listening at port number 3000","service":"user-service"}
{"level":"info","message":"Database connection established successfully at skilio-customer","service":"user-service"}
{"code":"42703","driverError":{"code":"42703","file":"parse_relation.c","length":121,"line":"3721","name":"error","position":"340","routine":"errorMissingColumn","severity":"ERROR"},"file":"parse_relation.c","length":121,"level":"error","line":"3721","message":"Error loading provider configurations: column SystemConfig.createdAt does not exist","parameters":[],"position":"340","query":"SELECT \"SystemConfig\".\"id\" AS \"SystemConfig_id\", \"SystemConfig\".\"providerName\" AS \"SystemConfig_providerName\", \"SystemConfig\".\"medium\" AS \"SystemConfig_medium\", \"SystemConfig\".\"apiKey\" AS \"SystemConfig_apiKey\", \"SystemConfig\".\"apiSecret\" AS \"SystemConfig_apiSecret\", \"SystemConfig\".\"twilioPhoneNumber\" AS \"SystemConfig_twilioPhoneNumber\", \"SystemConfig\".\"createdAt\" AS \"SystemConfig_createdAt\", \"SystemConfig\".\"updatedAt\" AS \"SystemConfig_updatedAt\" FROM \"system_config\" \"SystemConfig\"","routine":"errorMissingColumn","service":"user-service","severity":"ERROR","stack":"QueryFailedError: column SystemConfig.createdAt does not exist\n    at PostgresQueryRunner.query (C:\\Users\\Roshan Chaudhary\\Desktop\\skilio-customerMs\\src\\driver\\postgres\\PostgresQueryRunner.ts:325:19)\n    at processTicksAndRejections (node:internal/process/task_queues:105:5)\n    at SelectQueryBuilder.loadRawResults (C:\\Users\\Roshan Chaudhary\\Desktop\\skilio-customerMs\\src\\query-builder\\SelectQueryBuilder.ts:3863:25)\n    at SelectQueryBuilder.executeEntitiesAndRawResults (C:\\Users\\Roshan Chaudhary\\Desktop\\skilio-customerMs\\src\\query-builder\\SelectQueryBuilder.ts:3609:26)\n    at SelectQueryBuilder.getRawAndEntities (C:\\Users\\Roshan Chaudhary\\Desktop\\skilio-customerMs\\src\\query-builder\\SelectQueryBuilder.ts:1671:29)\n    at SelectQueryBuilder.getMany (C:\\Users\\Roshan Chaudhary\\Desktop\\skilio-customerMs\\src\\query-builder\\SelectQueryBuilder.ts:1761:25)\n    at SystemConfigStore.loadConfigs (C:\\Users\\Roshan Chaudhary\\Desktop\\skilio-customerMs\\src\\app\\config\\systemConfigStore.ts:12:32)\n    at C:\\Users\\Roshan Chaudhary\\Desktop\\skilio-customerMs\\src\\server.ts:52:5"}
{"level":"info","message":"Listening at port number 3000","service":"user-service"}
{"level":"info","message":"Database connection established successfully at skilio-customer","service":"user-service"}
{"code":"42703","driverError":{"code":"42703","file":"parse_relation.c","length":121,"line":"3721","name":"error","position":"340","routine":"errorMissingColumn","severity":"ERROR"},"file":"parse_relation.c","length":121,"level":"error","line":"3721","message":"Error loading provider configurations: column SystemConfig.createdAt does not exist","parameters":[],"position":"340","query":"SELECT \"SystemConfig\".\"id\" AS \"SystemConfig_id\", \"SystemConfig\".\"providerName\" AS \"SystemConfig_providerName\", \"SystemConfig\".\"medium\" AS \"SystemConfig_medium\", \"SystemConfig\".\"apiKey\" AS \"SystemConfig_apiKey\", \"SystemConfig\".\"apiSecret\" AS \"SystemConfig_apiSecret\", \"SystemConfig\".\"twilioPhoneNumber\" AS \"SystemConfig_twilioPhoneNumber\", \"SystemConfig\".\"createdAt\" AS \"SystemConfig_createdAt\", \"SystemConfig\".\"updatedAt\" AS \"SystemConfig_updatedAt\" FROM \"system_config\" \"SystemConfig\"","routine":"errorMissingColumn","service":"user-service","severity":"ERROR","stack":"QueryFailedError: column SystemConfig.createdAt does not exist\n    at PostgresQueryRunner.query (C:\\Users\\Roshan Chaudhary\\Desktop\\skilio-customerMs\\src\\driver\\postgres\\PostgresQueryRunner.ts:325:19)\n    at processTicksAndRejections (node:internal/process/task_queues:105:5)\n    at SelectQueryBuilder.loadRawResults (C:\\Users\\Roshan Chaudhary\\Desktop\\skilio-customerMs\\src\\query-builder\\SelectQueryBuilder.ts:3863:25)\n    at SelectQueryBuilder.executeEntitiesAndRawResults (C:\\Users\\Roshan Chaudhary\\Desktop\\skilio-customerMs\\src\\query-builder\\SelectQueryBuilder.ts:3609:26)\n    at SelectQueryBuilder.getRawAndEntities (C:\\Users\\Roshan Chaudhary\\Desktop\\skilio-customerMs\\src\\query-builder\\SelectQueryBuilder.ts:1671:29)\n    at SelectQueryBuilder.getMany (C:\\Users\\Roshan Chaudhary\\Desktop\\skilio-customerMs\\src\\query-builder\\SelectQueryBuilder.ts:1761:25)\n    at SystemConfigStore.loadConfigs (C:\\Users\\Roshan Chaudhary\\Desktop\\skilio-customerMs\\src\\app\\config\\systemConfigStore.ts:12:32)\n    at C:\\Users\\Roshan Chaudhary\\Desktop\\skilio-customerMs\\src\\server.ts:52:5"}
{"level":"info","message":"Listening at port number 3000","service":"user-service"}
{"level":"info","message":"Database connection established successfully at skilio-customer","service":"user-service"}
{"code":"42703","driverError":{"code":"42703","file":"parse_relation.c","length":121,"line":"3721","name":"error","position":"340","routine":"errorMissingColumn","severity":"ERROR"},"file":"parse_relation.c","length":121,"level":"error","line":"3721","message":"Error loading provider configurations: column SystemConfig.createdAt does not exist","parameters":[],"position":"340","query":"SELECT \"SystemConfig\".\"id\" AS \"SystemConfig_id\", \"SystemConfig\".\"providerName\" AS \"SystemConfig_providerName\", \"SystemConfig\".\"medium\" AS \"SystemConfig_medium\", \"SystemConfig\".\"apiKey\" AS \"SystemConfig_apiKey\", \"SystemConfig\".\"apiSecret\" AS \"SystemConfig_apiSecret\", \"SystemConfig\".\"twilioPhoneNumber\" AS \"SystemConfig_twilioPhoneNumber\", \"SystemConfig\".\"createdAt\" AS \"SystemConfig_createdAt\", \"SystemConfig\".\"updatedAt\" AS \"SystemConfig_updatedAt\" FROM \"system_config\" \"SystemConfig\"","routine":"errorMissingColumn","service":"user-service","severity":"ERROR","stack":"QueryFailedError: column SystemConfig.createdAt does not exist\n    at PostgresQueryRunner.query (C:\\Users\\Roshan Chaudhary\\Desktop\\skilio-customerMs\\src\\driver\\postgres\\PostgresQueryRunner.ts:325:19)\n    at processTicksAndRejections (node:internal/process/task_queues:105:5)\n    at SelectQueryBuilder.loadRawResults (C:\\Users\\Roshan Chaudhary\\Desktop\\skilio-customerMs\\src\\query-builder\\SelectQueryBuilder.ts:3863:25)\n    at SelectQueryBuilder.executeEntitiesAndRawResults (C:\\Users\\Roshan Chaudhary\\Desktop\\skilio-customerMs\\src\\query-builder\\SelectQueryBuilder.ts:3609:26)\n    at SelectQueryBuilder.getRawAndEntities (C:\\Users\\Roshan Chaudhary\\Desktop\\skilio-customerMs\\src\\query-builder\\SelectQueryBuilder.ts:1671:29)\n    at SelectQueryBuilder.getMany (C:\\Users\\Roshan Chaudhary\\Desktop\\skilio-customerMs\\src\\query-builder\\SelectQueryBuilder.ts:1761:25)\n    at SystemConfigStore.loadConfigs (C:\\Users\\Roshan Chaudhary\\Desktop\\skilio-customerMs\\src\\app\\config\\systemConfigStore.ts:12:32)\n    at C:\\Users\\Roshan Chaudhary\\Desktop\\skilio-customerMs\\src\\server.ts:52:5"}
{"level":"info","message":"Listening at port number 3000","service":"user-service"}
{"level":"info","message":"Database connection established successfully at skilio-customer","service":"user-service"}
{"code":"42703","driverError":{"code":"42703","file":"parse_relation.c","length":121,"line":"3721","name":"error","position":"340","routine":"errorMissingColumn","severity":"ERROR"},"file":"parse_relation.c","length":121,"level":"error","line":"3721","message":"Error loading provider configurations: column SystemConfig.createdAt does not exist","parameters":[],"position":"340","query":"SELECT \"SystemConfig\".\"id\" AS \"SystemConfig_id\", \"SystemConfig\".\"providerName\" AS \"SystemConfig_providerName\", \"SystemConfig\".\"medium\" AS \"SystemConfig_medium\", \"SystemConfig\".\"apiKey\" AS \"SystemConfig_apiKey\", \"SystemConfig\".\"apiSecret\" AS \"SystemConfig_apiSecret\", \"SystemConfig\".\"twilioPhoneNumber\" AS \"SystemConfig_twilioPhoneNumber\", \"SystemConfig\".\"createdAt\" AS \"SystemConfig_createdAt\", \"SystemConfig\".\"updatedAt\" AS \"SystemConfig_updatedAt\" FROM \"system_config\" \"SystemConfig\"","routine":"errorMissingColumn","service":"user-service","severity":"ERROR","stack":"QueryFailedError: column SystemConfig.createdAt does not exist\n    at PostgresQueryRunner.query (C:\\Users\\Roshan Chaudhary\\Desktop\\skilio-customerMs\\src\\driver\\postgres\\PostgresQueryRunner.ts:325:19)\n    at processTicksAndRejections (node:internal/process/task_queues:105:5)\n    at SelectQueryBuilder.loadRawResults (C:\\Users\\Roshan Chaudhary\\Desktop\\skilio-customerMs\\src\\query-builder\\SelectQueryBuilder.ts:3863:25)\n    at SelectQueryBuilder.executeEntitiesAndRawResults (C:\\Users\\Roshan Chaudhary\\Desktop\\skilio-customerMs\\src\\query-builder\\SelectQueryBuilder.ts:3609:26)\n    at SelectQueryBuilder.getRawAndEntities (C:\\Users\\Roshan Chaudhary\\Desktop\\skilio-customerMs\\src\\query-builder\\SelectQueryBuilder.ts:1671:29)\n    at SelectQueryBuilder.getMany (C:\\Users\\Roshan Chaudhary\\Desktop\\skilio-customerMs\\src\\query-builder\\SelectQueryBuilder.ts:1761:25)\n    at SystemConfigStore.loadConfigs (C:\\Users\\Roshan Chaudhary\\Desktop\\skilio-customerMs\\src\\app\\config\\systemConfigStore.ts:12:32)\n    at C:\\Users\\Roshan Chaudhary\\Desktop\\skilio-customerMs\\src\\server.ts:52:5"}
{"level":"info","message":"Listening at port number 3000","service":"user-service"}
{"level":"info","message":"Database connection established successfully at skilio-customer","service":"user-service"}
{"code":"42703","driverError":{"code":"42703","file":"parse_relation.c","length":121,"line":"3721","name":"error","position":"340","routine":"errorMissingColumn","severity":"ERROR"},"file":"parse_relation.c","length":121,"level":"error","line":"3721","message":"Error loading provider configurations: column SystemConfig.createdAt does not exist","parameters":[],"position":"340","query":"SELECT \"SystemConfig\".\"id\" AS \"SystemConfig_id\", \"SystemConfig\".\"providerName\" AS \"SystemConfig_providerName\", \"SystemConfig\".\"medium\" AS \"SystemConfig_medium\", \"SystemConfig\".\"apiKey\" AS \"SystemConfig_apiKey\", \"SystemConfig\".\"apiSecret\" AS \"SystemConfig_apiSecret\", \"SystemConfig\".\"twilioPhoneNumber\" AS \"SystemConfig_twilioPhoneNumber\", \"SystemConfig\".\"createdAt\" AS \"SystemConfig_createdAt\", \"SystemConfig\".\"updatedAt\" AS \"SystemConfig_updatedAt\" FROM \"system_config\" \"SystemConfig\"","routine":"errorMissingColumn","service":"user-service","severity":"ERROR","stack":"QueryFailedError: column SystemConfig.createdAt does not exist\n    at PostgresQueryRunner.query (C:\\Users\\Roshan Chaudhary\\Desktop\\skilio-customerMs\\src\\driver\\postgres\\PostgresQueryRunner.ts:325:19)\n    at processTicksAndRejections (node:internal/process/task_queues:105:5)\n    at SelectQueryBuilder.loadRawResults (C:\\Users\\Roshan Chaudhary\\Desktop\\skilio-customerMs\\src\\query-builder\\SelectQueryBuilder.ts:3863:25)\n    at SelectQueryBuilder.executeEntitiesAndRawResults (C:\\Users\\Roshan Chaudhary\\Desktop\\skilio-customerMs\\src\\query-builder\\SelectQueryBuilder.ts:3609:26)\n    at SelectQueryBuilder.getRawAndEntities (C:\\Users\\Roshan Chaudhary\\Desktop\\skilio-customerMs\\src\\query-builder\\SelectQueryBuilder.ts:1671:29)\n    at SelectQueryBuilder.getMany (C:\\Users\\Roshan Chaudhary\\Desktop\\skilio-customerMs\\src\\query-builder\\SelectQueryBuilder.ts:1761:25)\n    at SystemConfigStore.loadConfigs (C:\\Users\\Roshan Chaudhary\\Desktop\\skilio-customerMs\\src\\app\\config\\systemConfigStore.ts:12:32)\n    at C:\\Users\\Roshan Chaudhary\\Desktop\\skilio-customerMs\\src\\server.ts:52:5"}
{"level":"info","message":"Listening at port number 3000","service":"user-service"}
{"level":"info","message":"Database connection established successfully at skilio-customer","service":"user-service"}
{"code":"42703","driverError":{"code":"42703","file":"parse_relation.c","length":121,"line":"3721","name":"error","position":"340","routine":"errorMissingColumn","severity":"ERROR"},"file":"parse_relation.c","length":121,"level":"error","line":"3721","message":"Error loading provider configurations: column SystemConfig.createdAt does not exist","parameters":[],"position":"340","query":"SELECT \"SystemConfig\".\"id\" AS \"SystemConfig_id\", \"SystemConfig\".\"providerName\" AS \"SystemConfig_providerName\", \"SystemConfig\".\"medium\" AS \"SystemConfig_medium\", \"SystemConfig\".\"apiKey\" AS \"SystemConfig_apiKey\", \"SystemConfig\".\"apiSecret\" AS \"SystemConfig_apiSecret\", \"SystemConfig\".\"twilioPhoneNumber\" AS \"SystemConfig_twilioPhoneNumber\", \"SystemConfig\".\"createdAt\" AS \"SystemConfig_createdAt\", \"SystemConfig\".\"updatedAt\" AS \"SystemConfig_updatedAt\" FROM \"system_config\" \"SystemConfig\"","routine":"errorMissingColumn","service":"user-service","severity":"ERROR","stack":"QueryFailedError: column SystemConfig.createdAt does not exist\n    at PostgresQueryRunner.query (C:\\Users\\Roshan Chaudhary\\Desktop\\skilio-customerMs\\src\\driver\\postgres\\PostgresQueryRunner.ts:325:19)\n    at processTicksAndRejections (node:internal/process/task_queues:105:5)\n    at SelectQueryBuilder.loadRawResults (C:\\Users\\Roshan Chaudhary\\Desktop\\skilio-customerMs\\src\\query-builder\\SelectQueryBuilder.ts:3863:25)\n    at SelectQueryBuilder.executeEntitiesAndRawResults (C:\\Users\\Roshan Chaudhary\\Desktop\\skilio-customerMs\\src\\query-builder\\SelectQueryBuilder.ts:3609:26)\n    at SelectQueryBuilder.getRawAndEntities (C:\\Users\\Roshan Chaudhary\\Desktop\\skilio-customerMs\\src\\query-builder\\SelectQueryBuilder.ts:1671:29)\n    at SelectQueryBuilder.getMany (C:\\Users\\Roshan Chaudhary\\Desktop\\skilio-customerMs\\src\\query-builder\\SelectQueryBuilder.ts:1761:25)\n    at SystemConfigStore.loadConfigs (C:\\Users\\Roshan Chaudhary\\Desktop\\skilio-customerMs\\src\\app\\config\\systemConfigStore.ts:12:32)\n    at C:\\Users\\Roshan Chaudhary\\Desktop\\skilio-customerMs\\src\\server.ts:52:5"}
{"level":"info","message":"Listening at port number 3000","service":"user-service"}
{"level":"info","message":"Database connection established successfully at skilio-customer","service":"user-service"}
{"code":"42703","driverError":{"code":"42703","file":"parse_relation.c","length":121,"line":"3721","name":"error","position":"340","routine":"errorMissingColumn","severity":"ERROR"},"file":"parse_relation.c","length":121,"level":"error","line":"3721","message":"Error loading provider configurations: column SystemConfig.createdAt does not exist","parameters":[],"position":"340","query":"SELECT \"SystemConfig\".\"id\" AS \"SystemConfig_id\", \"SystemConfig\".\"providerName\" AS \"SystemConfig_providerName\", \"SystemConfig\".\"medium\" AS \"SystemConfig_medium\", \"SystemConfig\".\"apiKey\" AS \"SystemConfig_apiKey\", \"SystemConfig\".\"apiSecret\" AS \"SystemConfig_apiSecret\", \"SystemConfig\".\"twilioPhoneNumber\" AS \"SystemConfig_twilioPhoneNumber\", \"SystemConfig\".\"createdAt\" AS \"SystemConfig_createdAt\", \"SystemConfig\".\"updatedAt\" AS \"SystemConfig_updatedAt\" FROM \"system_config\" \"SystemConfig\"","routine":"errorMissingColumn","service":"user-service","severity":"ERROR","stack":"QueryFailedError: column SystemConfig.createdAt does not exist\n    at PostgresQueryRunner.query (C:\\Users\\Roshan Chaudhary\\Desktop\\skilio-customerMs\\src\\driver\\postgres\\PostgresQueryRunner.ts:325:19)\n    at processTicksAndRejections (node:internal/process/task_queues:105:5)\n    at SelectQueryBuilder.loadRawResults (C:\\Users\\Roshan Chaudhary\\Desktop\\skilio-customerMs\\src\\query-builder\\SelectQueryBuilder.ts:3863:25)\n    at SelectQueryBuilder.executeEntitiesAndRawResults (C:\\Users\\Roshan Chaudhary\\Desktop\\skilio-customerMs\\src\\query-builder\\SelectQueryBuilder.ts:3609:26)\n    at SelectQueryBuilder.getRawAndEntities (C:\\Users\\Roshan Chaudhary\\Desktop\\skilio-customerMs\\src\\query-builder\\SelectQueryBuilder.ts:1671:29)\n    at SelectQueryBuilder.getMany (C:\\Users\\Roshan Chaudhary\\Desktop\\skilio-customerMs\\src\\query-builder\\SelectQueryBuilder.ts:1761:25)\n    at SystemConfigStore.loadConfigs (C:\\Users\\Roshan Chaudhary\\Desktop\\skilio-customerMs\\src\\app\\config\\systemConfigStore.ts:12:32)\n    at C:\\Users\\Roshan Chaudhary\\Desktop\\skilio-customerMs\\src\\server.ts:52:5"}
{"level":"info","message":"Listening at port number 3000","service":"user-service"}
{"level":"info","message":"Database connection established successfully at skilio-customer","service":"user-service"}
{"code":"42703","driverError":{"code":"42703","file":"parse_relation.c","length":121,"line":"3721","name":"error","position":"340","routine":"errorMissingColumn","severity":"ERROR"},"file":"parse_relation.c","length":121,"level":"error","line":"3721","message":"Error loading provider configurations: column SystemConfig.createdAt does not exist","parameters":[],"position":"340","query":"SELECT \"SystemConfig\".\"id\" AS \"SystemConfig_id\", \"SystemConfig\".\"providerName\" AS \"SystemConfig_providerName\", \"SystemConfig\".\"medium\" AS \"SystemConfig_medium\", \"SystemConfig\".\"apiKey\" AS \"SystemConfig_apiKey\", \"SystemConfig\".\"apiSecret\" AS \"SystemConfig_apiSecret\", \"SystemConfig\".\"twilioPhoneNumber\" AS \"SystemConfig_twilioPhoneNumber\", \"SystemConfig\".\"createdAt\" AS \"SystemConfig_createdAt\", \"SystemConfig\".\"updatedAt\" AS \"SystemConfig_updatedAt\" FROM \"system_config\" \"SystemConfig\"","routine":"errorMissingColumn","service":"user-service","severity":"ERROR","stack":"QueryFailedError: column SystemConfig.createdAt does not exist\n    at PostgresQueryRunner.query (C:\\Users\\Roshan Chaudhary\\Desktop\\skilio-customerMs\\src\\driver\\postgres\\PostgresQueryRunner.ts:325:19)\n    at processTicksAndRejections (node:internal/process/task_queues:105:5)\n    at SelectQueryBuilder.loadRawResults (C:\\Users\\Roshan Chaudhary\\Desktop\\skilio-customerMs\\src\\query-builder\\SelectQueryBuilder.ts:3863:25)\n    at SelectQueryBuilder.executeEntitiesAndRawResults (C:\\Users\\Roshan Chaudhary\\Desktop\\skilio-customerMs\\src\\query-builder\\SelectQueryBuilder.ts:3609:26)\n    at SelectQueryBuilder.getRawAndEntities (C:\\Users\\Roshan Chaudhary\\Desktop\\skilio-customerMs\\src\\query-builder\\SelectQueryBuilder.ts:1671:29)\n    at SelectQueryBuilder.getMany (C:\\Users\\Roshan Chaudhary\\Desktop\\skilio-customerMs\\src\\query-builder\\SelectQueryBuilder.ts:1761:25)\n    at SystemConfigStore.loadConfigs (C:\\Users\\Roshan Chaudhary\\Desktop\\skilio-customerMs\\src\\app\\config\\systemConfigStore.ts:12:32)\n    at C:\\Users\\Roshan Chaudhary\\Desktop\\skilio-customerMs\\src\\server.ts:52:5"}
{"level":"info","message":"Listening at port number 3000","service":"user-service"}
{"level":"info","message":"Database connection established successfully at skilio-customer","service":"user-service"}
{"code":"42703","driverError":{"code":"42703","file":"parse_relation.c","length":121,"line":"3721","name":"error","position":"340","routine":"errorMissingColumn","severity":"ERROR"},"file":"parse_relation.c","length":121,"level":"error","line":"3721","message":"Error loading provider configurations: column SystemConfig.createdAt does not exist","parameters":[],"position":"340","query":"SELECT \"SystemConfig\".\"id\" AS \"SystemConfig_id\", \"SystemConfig\".\"providerName\" AS \"SystemConfig_providerName\", \"SystemConfig\".\"medium\" AS \"SystemConfig_medium\", \"SystemConfig\".\"apiKey\" AS \"SystemConfig_apiKey\", \"SystemConfig\".\"apiSecret\" AS \"SystemConfig_apiSecret\", \"SystemConfig\".\"twilioPhoneNumber\" AS \"SystemConfig_twilioPhoneNumber\", \"SystemConfig\".\"createdAt\" AS \"SystemConfig_createdAt\", \"SystemConfig\".\"updatedAt\" AS \"SystemConfig_updatedAt\" FROM \"system_config\" \"SystemConfig\"","routine":"errorMissingColumn","service":"user-service","severity":"ERROR","stack":"QueryFailedError: column SystemConfig.createdAt does not exist\n    at PostgresQueryRunner.query (C:\\Users\\Roshan Chaudhary\\Desktop\\skilio-customerMs\\src\\driver\\postgres\\PostgresQueryRunner.ts:325:19)\n    at processTicksAndRejections (node:internal/process/task_queues:105:5)\n    at SelectQueryBuilder.loadRawResults (C:\\Users\\Roshan Chaudhary\\Desktop\\skilio-customerMs\\src\\query-builder\\SelectQueryBuilder.ts:3863:25)\n    at SelectQueryBuilder.executeEntitiesAndRawResults (C:\\Users\\Roshan Chaudhary\\Desktop\\skilio-customerMs\\src\\query-builder\\SelectQueryBuilder.ts:3609:26)\n    at SelectQueryBuilder.getRawAndEntities (C:\\Users\\Roshan Chaudhary\\Desktop\\skilio-customerMs\\src\\query-builder\\SelectQueryBuilder.ts:1671:29)\n    at SelectQueryBuilder.getMany (C:\\Users\\Roshan Chaudhary\\Desktop\\skilio-customerMs\\src\\query-builder\\SelectQueryBuilder.ts:1761:25)\n    at SystemConfigStore.loadConfigs (C:\\Users\\Roshan Chaudhary\\Desktop\\skilio-customerMs\\src\\app\\config\\systemConfigStore.ts:12:32)\n    at C:\\Users\\Roshan Chaudhary\\Desktop\\skilio-customerMs\\src\\server.ts:52:5"}
{"level":"info","message":"Listening at port number 3000","service":"user-service"}
{"level":"info","message":"Database connection established successfully at skilio-customer","service":"user-service"}
{"code":"42703","driverError":{"code":"42703","file":"parse_relation.c","length":121,"line":"3721","name":"error","position":"340","routine":"errorMissingColumn","severity":"ERROR"},"file":"parse_relation.c","length":121,"level":"error","line":"3721","message":"Error loading provider configurations: column SystemConfig.createdAt does not exist","parameters":[],"position":"340","query":"SELECT \"SystemConfig\".\"id\" AS \"SystemConfig_id\", \"SystemConfig\".\"providerName\" AS \"SystemConfig_providerName\", \"SystemConfig\".\"medium\" AS \"SystemConfig_medium\", \"SystemConfig\".\"apiKey\" AS \"SystemConfig_apiKey\", \"SystemConfig\".\"apiSecret\" AS \"SystemConfig_apiSecret\", \"SystemConfig\".\"twilioPhoneNumber\" AS \"SystemConfig_twilioPhoneNumber\", \"SystemConfig\".\"createdAt\" AS \"SystemConfig_createdAt\", \"SystemConfig\".\"updatedAt\" AS \"SystemConfig_updatedAt\" FROM \"system_config\" \"SystemConfig\"","routine":"errorMissingColumn","service":"user-service","severity":"ERROR","stack":"QueryFailedError: column SystemConfig.createdAt does not exist\n    at PostgresQueryRunner.query (C:\\Users\\Roshan Chaudhary\\Desktop\\skilio-customerMs\\src\\driver\\postgres\\PostgresQueryRunner.ts:325:19)\n    at processTicksAndRejections (node:internal/process/task_queues:105:5)\n    at SelectQueryBuilder.loadRawResults (C:\\Users\\Roshan Chaudhary\\Desktop\\skilio-customerMs\\src\\query-builder\\SelectQueryBuilder.ts:3863:25)\n    at SelectQueryBuilder.executeEntitiesAndRawResults (C:\\Users\\Roshan Chaudhary\\Desktop\\skilio-customerMs\\src\\query-builder\\SelectQueryBuilder.ts:3609:26)\n    at SelectQueryBuilder.getRawAndEntities (C:\\Users\\Roshan Chaudhary\\Desktop\\skilio-customerMs\\src\\query-builder\\SelectQueryBuilder.ts:1671:29)\n    at SelectQueryBuilder.getMany (C:\\Users\\Roshan Chaudhary\\Desktop\\skilio-customerMs\\src\\query-builder\\SelectQueryBuilder.ts:1761:25)\n    at SystemConfigStore.loadConfigs (C:\\Users\\Roshan Chaudhary\\Desktop\\skilio-customerMs\\src\\app\\config\\systemConfigStore.ts:12:32)\n    at C:\\Users\\Roshan Chaudhary\\Desktop\\skilio-customerMs\\src\\server.ts:52:5"}
{"level":"info","message":"Listening at port number 3000","service":"user-service"}
{"level":"info","message":"Database connection established successfully at skilio-customer","service":"user-service"}
{"code":"42703","driverError":{"code":"42703","file":"parse_relation.c","length":120,"line":"3721","name":"error","position":"50","routine":"errorMissingColumn","severity":"ERROR"},"file":"parse_relation.c","length":120,"level":"error","line":"3721","message":"Error loading provider configurations: column SystemConfig.createdAt does not exist","parameters":[],"position":"50","query":"SELECT \"SystemConfig\".\"id\" AS \"SystemConfig_id\", \"SystemConfig\".\"createdAt\" AS \"SystemConfig_createdAt\", \"SystemConfig\".\"updatedAt\" AS \"SystemConfig_updatedAt\", \"SystemConfig\".\"providerName\" AS \"SystemConfig_providerName\", \"SystemConfig\".\"medium\" AS \"SystemConfig_medium\", \"SystemConfig\".\"apiKey\" AS \"SystemConfig_apiKey\", \"SystemConfig\".\"apiSecret\" AS \"SystemConfig_apiSecret\", \"SystemConfig\".\"twilioPhoneNumber\" AS \"SystemConfig_twilioPhoneNumber\" FROM \"system_config\" \"SystemConfig\"","routine":"errorMissingColumn","service":"user-service","severity":"ERROR","stack":"QueryFailedError: column SystemConfig.createdAt does not exist\n    at PostgresQueryRunner.query (C:\\Users\\Roshan Chaudhary\\Desktop\\skilio-customerMs\\src\\driver\\postgres\\PostgresQueryRunner.ts:325:19)\n    at processTicksAndRejections (node:internal/process/task_queues:105:5)\n    at SelectQueryBuilder.loadRawResults (C:\\Users\\Roshan Chaudhary\\Desktop\\skilio-customerMs\\src\\query-builder\\SelectQueryBuilder.ts:3863:25)\n    at SelectQueryBuilder.executeEntitiesAndRawResults (C:\\Users\\Roshan Chaudhary\\Desktop\\skilio-customerMs\\src\\query-builder\\SelectQueryBuilder.ts:3609:26)\n    at SelectQueryBuilder.getRawAndEntities (C:\\Users\\Roshan Chaudhary\\Desktop\\skilio-customerMs\\src\\query-builder\\SelectQueryBuilder.ts:1671:29)\n    at SelectQueryBuilder.getMany (C:\\Users\\Roshan Chaudhary\\Desktop\\skilio-customerMs\\src\\query-builder\\SelectQueryBuilder.ts:1761:25)\n    at SystemConfigStore.loadConfigs (C:\\Users\\Roshan Chaudhary\\Desktop\\skilio-customerMs\\src\\app\\config\\systemConfigStore.ts:12:32)\n    at C:\\Users\\Roshan Chaudhary\\Desktop\\skilio-customerMs\\src\\server.ts:52:5"}
{"level":"info","message":"Listening at port number 3000","service":"user-service"}
{"level":"info","message":"Database connection established successfully at skilio-customer","service":"user-service"}
{"code":"42703","driverError":{"code":"42703","file":"parse_relation.c","length":120,"line":"3721","name":"error","position":"50","routine":"errorMissingColumn","severity":"ERROR"},"file":"parse_relation.c","length":120,"level":"error","line":"3721","message":"Error loading provider configurations: column SystemConfig.createdAt does not exist","parameters":[],"position":"50","query":"SELECT \"SystemConfig\".\"id\" AS \"SystemConfig_id\", \"SystemConfig\".\"createdAt\" AS \"SystemConfig_createdAt\", \"SystemConfig\".\"updatedAt\" AS \"SystemConfig_updatedAt\", \"SystemConfig\".\"providerName\" AS \"SystemConfig_providerName\", \"SystemConfig\".\"medium\" AS \"SystemConfig_medium\", \"SystemConfig\".\"apiKey\" AS \"SystemConfig_apiKey\", \"SystemConfig\".\"apiSecret\" AS \"SystemConfig_apiSecret\", \"SystemConfig\".\"twilioPhoneNumber\" AS \"SystemConfig_twilioPhoneNumber\" FROM \"system_config\" \"SystemConfig\"","routine":"errorMissingColumn","service":"user-service","severity":"ERROR","stack":"QueryFailedError: column SystemConfig.createdAt does not exist\n    at PostgresQueryRunner.query (C:\\Users\\Roshan Chaudhary\\Desktop\\skilio-customerMs\\src\\driver\\postgres\\PostgresQueryRunner.ts:325:19)\n    at processTicksAndRejections (node:internal/process/task_queues:105:5)\n    at SelectQueryBuilder.loadRawResults (C:\\Users\\Roshan Chaudhary\\Desktop\\skilio-customerMs\\src\\query-builder\\SelectQueryBuilder.ts:3863:25)\n    at SelectQueryBuilder.executeEntitiesAndRawResults (C:\\Users\\Roshan Chaudhary\\Desktop\\skilio-customerMs\\src\\query-builder\\SelectQueryBuilder.ts:3609:26)\n    at SelectQueryBuilder.getRawAndEntities (C:\\Users\\Roshan Chaudhary\\Desktop\\skilio-customerMs\\src\\query-builder\\SelectQueryBuilder.ts:1671:29)\n    at SelectQueryBuilder.getMany (C:\\Users\\Roshan Chaudhary\\Desktop\\skilio-customerMs\\src\\query-builder\\SelectQueryBuilder.ts:1761:25)\n    at SystemConfigStore.loadConfigs (C:\\Users\\Roshan Chaudhary\\Desktop\\skilio-customerMs\\src\\app\\config\\systemConfigStore.ts:12:32)\n    at C:\\Users\\Roshan Chaudhary\\Desktop\\skilio-customerMs\\src\\server.ts:52:5"}
{"level":"info","message":"Listening at port number 3000","service":"user-service"}
{"level":"info","message":"Database connection established successfully at skilio-customer","service":"user-service"}
{"code":"42703","driverError":{"code":"42703","file":"parse_relation.c","length":120,"line":"3721","name":"error","position":"50","routine":"errorMissingColumn","severity":"ERROR"},"file":"parse_relation.c","length":120,"level":"error","line":"3721","message":"Error loading provider configurations: column SystemConfig.createdAt does not exist","parameters":[],"position":"50","query":"SELECT \"SystemConfig\".\"id\" AS \"SystemConfig_id\", \"SystemConfig\".\"createdAt\" AS \"SystemConfig_createdAt\", \"SystemConfig\".\"updatedAt\" AS \"SystemConfig_updatedAt\", \"SystemConfig\".\"providerName\" AS \"SystemConfig_providerName\", \"SystemConfig\".\"medium\" AS \"SystemConfig_medium\", \"SystemConfig\".\"apiKey\" AS \"SystemConfig_apiKey\", \"SystemConfig\".\"apiSecret\" AS \"SystemConfig_apiSecret\", \"SystemConfig\".\"twilioPhoneNumber\" AS \"SystemConfig_twilioPhoneNumber\" FROM \"system_config\" \"SystemConfig\"","routine":"errorMissingColumn","service":"user-service","severity":"ERROR","stack":"QueryFailedError: column SystemConfig.createdAt does not exist\n    at PostgresQueryRunner.query (C:\\Users\\Roshan Chaudhary\\Desktop\\skilio-customerMs\\src\\driver\\postgres\\PostgresQueryRunner.ts:325:19)\n    at processTicksAndRejections (node:internal/process/task_queues:105:5)\n    at SelectQueryBuilder.loadRawResults (C:\\Users\\Roshan Chaudhary\\Desktop\\skilio-customerMs\\src\\query-builder\\SelectQueryBuilder.ts:3863:25)\n    at SelectQueryBuilder.executeEntitiesAndRawResults (C:\\Users\\Roshan Chaudhary\\Desktop\\skilio-customerMs\\src\\query-builder\\SelectQueryBuilder.ts:3609:26)\n    at SelectQueryBuilder.getRawAndEntities (C:\\Users\\Roshan Chaudhary\\Desktop\\skilio-customerMs\\src\\query-builder\\SelectQueryBuilder.ts:1671:29)\n    at SelectQueryBuilder.getMany (C:\\Users\\Roshan Chaudhary\\Desktop\\skilio-customerMs\\src\\query-builder\\SelectQueryBuilder.ts:1761:25)\n    at SystemConfigStore.loadConfigs (C:\\Users\\Roshan Chaudhary\\Desktop\\skilio-customerMs\\src\\app\\config\\systemConfigStore.ts:12:32)\n    at C:\\Users\\Roshan Chaudhary\\Desktop\\skilio-customerMs\\src\\server.ts:52:5"}
{"level":"info","message":"Listening at port number 3000","service":"user-service"}
{"level":"info","message":"Database connection established successfully at skilio-customer","service":"user-service"}
{"code":"42703","driverError":{"code":"42703","file":"parse_relation.c","length":120,"line":"3721","name":"error","position":"50","routine":"errorMissingColumn","severity":"ERROR"},"file":"parse_relation.c","length":120,"level":"error","line":"3721","message":"Error loading provider configurations: column SystemConfig.createdAt does not exist","parameters":[],"position":"50","query":"SELECT \"SystemConfig\".\"id\" AS \"SystemConfig_id\", \"SystemConfig\".\"createdAt\" AS \"SystemConfig_createdAt\", \"SystemConfig\".\"updatedAt\" AS \"SystemConfig_updatedAt\", \"SystemConfig\".\"providerName\" AS \"SystemConfig_providerName\", \"SystemConfig\".\"medium\" AS \"SystemConfig_medium\", \"SystemConfig\".\"apiKey\" AS \"SystemConfig_apiKey\", \"SystemConfig\".\"apiSecret\" AS \"SystemConfig_apiSecret\", \"SystemConfig\".\"twilioPhoneNumber\" AS \"SystemConfig_twilioPhoneNumber\" FROM \"system_config\" \"SystemConfig\"","routine":"errorMissingColumn","service":"user-service","severity":"ERROR","stack":"QueryFailedError: column SystemConfig.createdAt does not exist\n    at PostgresQueryRunner.query (C:\\Users\\Roshan Chaudhary\\Desktop\\skilio-customerMs\\src\\driver\\postgres\\PostgresQueryRunner.ts:325:19)\n    at processTicksAndRejections (node:internal/process/task_queues:105:5)\n    at SelectQueryBuilder.loadRawResults (C:\\Users\\Roshan Chaudhary\\Desktop\\skilio-customerMs\\src\\query-builder\\SelectQueryBuilder.ts:3863:25)\n    at SelectQueryBuilder.executeEntitiesAndRawResults (C:\\Users\\Roshan Chaudhary\\Desktop\\skilio-customerMs\\src\\query-builder\\SelectQueryBuilder.ts:3609:26)\n    at SelectQueryBuilder.getRawAndEntities (C:\\Users\\Roshan Chaudhary\\Desktop\\skilio-customerMs\\src\\query-builder\\SelectQueryBuilder.ts:1671:29)\n    at SelectQueryBuilder.getMany (C:\\Users\\Roshan Chaudhary\\Desktop\\skilio-customerMs\\src\\query-builder\\SelectQueryBuilder.ts:1761:25)\n    at SystemConfigStore.loadConfigs (C:\\Users\\Roshan Chaudhary\\Desktop\\skilio-customerMs\\src\\app\\config\\systemConfigStore.ts:12:32)\n    at C:\\Users\\Roshan Chaudhary\\Desktop\\skilio-customerMs\\src\\server.ts:52:5"}
{"level":"info","message":"Listening at port number 3000","service":"user-service"}
{"level":"info","message":"Database connection established successfully at skilio-customer","service":"user-service"}
{"code":"42703","driverError":{"code":"42703","file":"parse_relation.c","length":120,"line":"3721","name":"error","position":"50","routine":"errorMissingColumn","severity":"ERROR"},"file":"parse_relation.c","length":120,"level":"error","line":"3721","message":"Error loading provider configurations: column SystemConfig.createdAt does not exist","parameters":[],"position":"50","query":"SELECT \"SystemConfig\".\"id\" AS \"SystemConfig_id\", \"SystemConfig\".\"createdAt\" AS \"SystemConfig_createdAt\", \"SystemConfig\".\"updatedAt\" AS \"SystemConfig_updatedAt\", \"SystemConfig\".\"providerName\" AS \"SystemConfig_providerName\", \"SystemConfig\".\"medium\" AS \"SystemConfig_medium\", \"SystemConfig\".\"apiKey\" AS \"SystemConfig_apiKey\", \"SystemConfig\".\"apiSecret\" AS \"SystemConfig_apiSecret\", \"SystemConfig\".\"twilioPhoneNumber\" AS \"SystemConfig_twilioPhoneNumber\" FROM \"system_config\" \"SystemConfig\"","routine":"errorMissingColumn","service":"user-service","severity":"ERROR","stack":"QueryFailedError: column SystemConfig.createdAt does not exist\n    at PostgresQueryRunner.query (C:\\Users\\Roshan Chaudhary\\Desktop\\skilio-customerMs\\src\\driver\\postgres\\PostgresQueryRunner.ts:325:19)\n    at processTicksAndRejections (node:internal/process/task_queues:105:5)\n    at SelectQueryBuilder.loadRawResults (C:\\Users\\Roshan Chaudhary\\Desktop\\skilio-customerMs\\src\\query-builder\\SelectQueryBuilder.ts:3863:25)\n    at SelectQueryBuilder.executeEntitiesAndRawResults (C:\\Users\\Roshan Chaudhary\\Desktop\\skilio-customerMs\\src\\query-builder\\SelectQueryBuilder.ts:3609:26)\n    at SelectQueryBuilder.getRawAndEntities (C:\\Users\\Roshan Chaudhary\\Desktop\\skilio-customerMs\\src\\query-builder\\SelectQueryBuilder.ts:1671:29)\n    at SelectQueryBuilder.getMany (C:\\Users\\Roshan Chaudhary\\Desktop\\skilio-customerMs\\src\\query-builder\\SelectQueryBuilder.ts:1761:25)\n    at SystemConfigStore.loadConfigs (C:\\Users\\Roshan Chaudhary\\Desktop\\skilio-customerMs\\src\\app\\config\\systemConfigStore.ts:12:32)\n    at C:\\Users\\Roshan Chaudhary\\Desktop\\skilio-customerMs\\src\\server.ts:52:5"}
{"level":"info","message":"Listening at port number 3000","service":"user-service"}
{"level":"info","message":"Database connection established successfully at skilio-customer","service":"user-service"}
{"code":"42703","driverError":{"code":"42703","file":"parse_relation.c","length":120,"line":"3721","name":"error","position":"50","routine":"errorMissingColumn","severity":"ERROR"},"file":"parse_relation.c","length":120,"level":"error","line":"3721","message":"Error loading provider configurations: column SystemConfig.createdAt does not exist","parameters":[],"position":"50","query":"SELECT \"SystemConfig\".\"id\" AS \"SystemConfig_id\", \"SystemConfig\".\"createdAt\" AS \"SystemConfig_createdAt\", \"SystemConfig\".\"updatedAt\" AS \"SystemConfig_updatedAt\", \"SystemConfig\".\"providerName\" AS \"SystemConfig_providerName\", \"SystemConfig\".\"medium\" AS \"SystemConfig_medium\", \"SystemConfig\".\"apiKey\" AS \"SystemConfig_apiKey\", \"SystemConfig\".\"apiSecret\" AS \"SystemConfig_apiSecret\", \"SystemConfig\".\"twilioPhoneNumber\" AS \"SystemConfig_twilioPhoneNumber\" FROM \"system_config\" \"SystemConfig\"","routine":"errorMissingColumn","service":"user-service","severity":"ERROR","stack":"QueryFailedError: column SystemConfig.createdAt does not exist\n    at PostgresQueryRunner.query (C:\\Users\\Roshan Chaudhary\\Desktop\\skilio-customerMs\\src\\driver\\postgres\\PostgresQueryRunner.ts:325:19)\n    at processTicksAndRejections (node:internal/process/task_queues:105:5)\n    at SelectQueryBuilder.loadRawResults (C:\\Users\\Roshan Chaudhary\\Desktop\\skilio-customerMs\\src\\query-builder\\SelectQueryBuilder.ts:3863:25)\n    at SelectQueryBuilder.executeEntitiesAndRawResults (C:\\Users\\Roshan Chaudhary\\Desktop\\skilio-customerMs\\src\\query-builder\\SelectQueryBuilder.ts:3609:26)\n    at SelectQueryBuilder.getRawAndEntities (C:\\Users\\Roshan Chaudhary\\Desktop\\skilio-customerMs\\src\\query-builder\\SelectQueryBuilder.ts:1671:29)\n    at SelectQueryBuilder.getMany (C:\\Users\\Roshan Chaudhary\\Desktop\\skilio-customerMs\\src\\query-builder\\SelectQueryBuilder.ts:1761:25)\n    at SystemConfigStore.loadConfigs (C:\\Users\\Roshan Chaudhary\\Desktop\\skilio-customerMs\\src\\app\\config\\systemConfigStore.ts:12:32)\n    at C:\\Users\\Roshan Chaudhary\\Desktop\\skilio-customerMs\\src\\server.ts:52:5"}
{"level":"info","message":"Listening at port number 3000","service":"user-service"}
{"level":"info","message":"Database connection established successfully at skilio-customer","service":"user-service"}
{"code":"42703","driverError":{"code":"42703","file":"parse_relation.c","length":120,"line":"3721","name":"error","position":"50","routine":"errorMissingColumn","severity":"ERROR"},"file":"parse_relation.c","length":120,"level":"error","line":"3721","message":"Error loading provider configurations: column SystemConfig.createdAt does not exist","parameters":[],"position":"50","query":"SELECT \"SystemConfig\".\"id\" AS \"SystemConfig_id\", \"SystemConfig\".\"createdAt\" AS \"SystemConfig_createdAt\", \"SystemConfig\".\"updatedAt\" AS \"SystemConfig_updatedAt\", \"SystemConfig\".\"providerName\" AS \"SystemConfig_providerName\", \"SystemConfig\".\"medium\" AS \"SystemConfig_medium\", \"SystemConfig\".\"apiKey\" AS \"SystemConfig_apiKey\", \"SystemConfig\".\"apiSecret\" AS \"SystemConfig_apiSecret\", \"SystemConfig\".\"twilioPhoneNumber\" AS \"SystemConfig_twilioPhoneNumber\" FROM \"system_config\" \"SystemConfig\"","routine":"errorMissingColumn","service":"user-service","severity":"ERROR","stack":"QueryFailedError: column SystemConfig.createdAt does not exist\n    at PostgresQueryRunner.query (C:\\Users\\Roshan Chaudhary\\Desktop\\skilio-customerMs\\src\\driver\\postgres\\PostgresQueryRunner.ts:325:19)\n    at processTicksAndRejections (node:internal/process/task_queues:105:5)\n    at SelectQueryBuilder.loadRawResults (C:\\Users\\Roshan Chaudhary\\Desktop\\skilio-customerMs\\src\\query-builder\\SelectQueryBuilder.ts:3863:25)\n    at SelectQueryBuilder.executeEntitiesAndRawResults (C:\\Users\\Roshan Chaudhary\\Desktop\\skilio-customerMs\\src\\query-builder\\SelectQueryBuilder.ts:3609:26)\n    at SelectQueryBuilder.getRawAndEntities (C:\\Users\\Roshan Chaudhary\\Desktop\\skilio-customerMs\\src\\query-builder\\SelectQueryBuilder.ts:1671:29)\n    at SelectQueryBuilder.getMany (C:\\Users\\Roshan Chaudhary\\Desktop\\skilio-customerMs\\src\\query-builder\\SelectQueryBuilder.ts:1761:25)\n    at SystemConfigStore.loadConfigs (C:\\Users\\Roshan Chaudhary\\Desktop\\skilio-customerMs\\src\\app\\config\\systemConfigStore.ts:12:32)\n    at C:\\Users\\Roshan Chaudhary\\Desktop\\skilio-customerMs\\src\\server.ts:52:5"}
{"level":"info","message":"Listening at port number 3000","service":"user-service"}
{"level":"info","message":"Database connection established successfully at skilio-customer","service":"user-service"}
{"code":"42703","driverError":{"code":"42703","file":"parse_relation.c","length":120,"line":"3721","name":"error","position":"50","routine":"errorMissingColumn","severity":"ERROR"},"file":"parse_relation.c","length":120,"level":"error","line":"3721","message":"Error loading provider configurations: column SystemConfig.createdAt does not exist","parameters":[],"position":"50","query":"SELECT \"SystemConfig\".\"id\" AS \"SystemConfig_id\", \"SystemConfig\".\"createdAt\" AS \"SystemConfig_createdAt\", \"SystemConfig\".\"updatedAt\" AS \"SystemConfig_updatedAt\", \"SystemConfig\".\"providerName\" AS \"SystemConfig_providerName\", \"SystemConfig\".\"medium\" AS \"SystemConfig_medium\", \"SystemConfig\".\"apiKey\" AS \"SystemConfig_apiKey\", \"SystemConfig\".\"apiSecret\" AS \"SystemConfig_apiSecret\", \"SystemConfig\".\"twilioPhoneNumber\" AS \"SystemConfig_twilioPhoneNumber\" FROM \"system_config\" \"SystemConfig\"","routine":"errorMissingColumn","service":"user-service","severity":"ERROR","stack":"QueryFailedError: column SystemConfig.createdAt does not exist\n    at PostgresQueryRunner.query (C:\\Users\\Roshan Chaudhary\\Desktop\\skilio-customerMs\\src\\driver\\postgres\\PostgresQueryRunner.ts:325:19)\n    at processTicksAndRejections (node:internal/process/task_queues:105:5)\n    at SelectQueryBuilder.loadRawResults (C:\\Users\\Roshan Chaudhary\\Desktop\\skilio-customerMs\\src\\query-builder\\SelectQueryBuilder.ts:3863:25)\n    at SelectQueryBuilder.executeEntitiesAndRawResults (C:\\Users\\Roshan Chaudhary\\Desktop\\skilio-customerMs\\src\\query-builder\\SelectQueryBuilder.ts:3609:26)\n    at SelectQueryBuilder.getRawAndEntities (C:\\Users\\Roshan Chaudhary\\Desktop\\skilio-customerMs\\src\\query-builder\\SelectQueryBuilder.ts:1671:29)\n    at SelectQueryBuilder.getMany (C:\\Users\\Roshan Chaudhary\\Desktop\\skilio-customerMs\\src\\query-builder\\SelectQueryBuilder.ts:1761:25)\n    at SystemConfigStore.loadConfigs (C:\\Users\\Roshan Chaudhary\\Desktop\\skilio-customerMs\\src\\app\\config\\systemConfigStore.ts:12:32)\n    at C:\\Users\\Roshan Chaudhary\\Desktop\\skilio-customerMs\\src\\server.ts:52:5"}
{"level":"info","message":"Listening at port number 3000","service":"user-service"}
{"level":"info","message":"Database connection established successfully at skilio-customer","service":"user-service"}
{"code":"42703","driverError":{"code":"42703","file":"parse_relation.c","length":120,"line":"3721","name":"error","position":"50","routine":"errorMissingColumn","severity":"ERROR"},"file":"parse_relation.c","length":120,"level":"error","line":"3721","message":"Error loading provider configurations: column SystemConfig.createdAt does not exist","parameters":[],"position":"50","query":"SELECT \"SystemConfig\".\"id\" AS \"SystemConfig_id\", \"SystemConfig\".\"createdAt\" AS \"SystemConfig_createdAt\", \"SystemConfig\".\"updatedAt\" AS \"SystemConfig_updatedAt\", \"SystemConfig\".\"providerName\" AS \"SystemConfig_providerName\", \"SystemConfig\".\"medium\" AS \"SystemConfig_medium\", \"SystemConfig\".\"apiKey\" AS \"SystemConfig_apiKey\", \"SystemConfig\".\"apiSecret\" AS \"SystemConfig_apiSecret\", \"SystemConfig\".\"twilioPhoneNumber\" AS \"SystemConfig_twilioPhoneNumber\" FROM \"system_config\" \"SystemConfig\"","routine":"errorMissingColumn","service":"user-service","severity":"ERROR","stack":"QueryFailedError: column SystemConfig.createdAt does not exist\n    at PostgresQueryRunner.query (C:\\Users\\Roshan Chaudhary\\Desktop\\skilio-customerMs\\src\\driver\\postgres\\PostgresQueryRunner.ts:325:19)\n    at processTicksAndRejections (node:internal/process/task_queues:105:5)\n    at SelectQueryBuilder.loadRawResults (C:\\Users\\Roshan Chaudhary\\Desktop\\skilio-customerMs\\src\\query-builder\\SelectQueryBuilder.ts:3863:25)\n    at SelectQueryBuilder.executeEntitiesAndRawResults (C:\\Users\\Roshan Chaudhary\\Desktop\\skilio-customerMs\\src\\query-builder\\SelectQueryBuilder.ts:3609:26)\n    at SelectQueryBuilder.getRawAndEntities (C:\\Users\\Roshan Chaudhary\\Desktop\\skilio-customerMs\\src\\query-builder\\SelectQueryBuilder.ts:1671:29)\n    at SelectQueryBuilder.getMany (C:\\Users\\Roshan Chaudhary\\Desktop\\skilio-customerMs\\src\\query-builder\\SelectQueryBuilder.ts:1761:25)\n    at SystemConfigStore.loadConfigs (C:\\Users\\Roshan Chaudhary\\Desktop\\skilio-customerMs\\src\\app\\config\\systemConfigStore.ts:12:32)\n    at C:\\Users\\Roshan Chaudhary\\Desktop\\skilio-customerMs\\src\\server.ts:52:5"}
{"level":"info","message":"Listening at port number 3000","service":"user-service"}
{"level":"info","message":"Database connection established successfully at skilio-customer","service":"user-service"}
{"code":"42703","driverError":{"code":"42703","file":"parse_relation.c","length":120,"line":"3721","name":"error","position":"50","routine":"errorMissingColumn","severity":"ERROR"},"file":"parse_relation.c","length":120,"level":"error","line":"3721","message":"Error loading provider configurations: column SystemConfig.createdAt does not exist","parameters":[],"position":"50","query":"SELECT \"SystemConfig\".\"id\" AS \"SystemConfig_id\", \"SystemConfig\".\"createdAt\" AS \"SystemConfig_createdAt\", \"SystemConfig\".\"updatedAt\" AS \"SystemConfig_updatedAt\", \"SystemConfig\".\"providerName\" AS \"SystemConfig_providerName\", \"SystemConfig\".\"medium\" AS \"SystemConfig_medium\", \"SystemConfig\".\"apiKey\" AS \"SystemConfig_apiKey\", \"SystemConfig\".\"apiSecret\" AS \"SystemConfig_apiSecret\", \"SystemConfig\".\"twilioPhoneNumber\" AS \"SystemConfig_twilioPhoneNumber\" FROM \"system_config\" \"SystemConfig\"","routine":"errorMissingColumn","service":"user-service","severity":"ERROR","stack":"QueryFailedError: column SystemConfig.createdAt does not exist\n    at PostgresQueryRunner.query (C:\\Users\\Roshan Chaudhary\\Desktop\\skilio-customerMs\\src\\driver\\postgres\\PostgresQueryRunner.ts:325:19)\n    at processTicksAndRejections (node:internal/process/task_queues:105:5)\n    at SelectQueryBuilder.loadRawResults (C:\\Users\\Roshan Chaudhary\\Desktop\\skilio-customerMs\\src\\query-builder\\SelectQueryBuilder.ts:3863:25)\n    at SelectQueryBuilder.executeEntitiesAndRawResults (C:\\Users\\Roshan Chaudhary\\Desktop\\skilio-customerMs\\src\\query-builder\\SelectQueryBuilder.ts:3609:26)\n    at SelectQueryBuilder.getRawAndEntities (C:\\Users\\Roshan Chaudhary\\Desktop\\skilio-customerMs\\src\\query-builder\\SelectQueryBuilder.ts:1671:29)\n    at SelectQueryBuilder.getMany (C:\\Users\\Roshan Chaudhary\\Desktop\\skilio-customerMs\\src\\query-builder\\SelectQueryBuilder.ts:1761:25)\n    at SystemConfigStore.loadConfigs (C:\\Users\\Roshan Chaudhary\\Desktop\\skilio-customerMs\\src\\app\\config\\systemConfigStore.ts:12:32)\n    at C:\\Users\\Roshan Chaudhary\\Desktop\\skilio-customerMs\\src\\server.ts:52:5"}
{"level":"info","message":"Listening at port number 3000","service":"user-service"}
{"level":"info","message":"Database connection established successfully at skilio-customer","service":"user-service"}
{"code":"42703","driverError":{"code":"42703","file":"parse_relation.c","length":120,"line":"3721","name":"error","position":"50","routine":"errorMissingColumn","severity":"ERROR"},"file":"parse_relation.c","length":120,"level":"error","line":"3721","message":"Error loading provider configurations: column SystemConfig.createdAt does not exist","parameters":[],"position":"50","query":"SELECT \"SystemConfig\".\"id\" AS \"SystemConfig_id\", \"SystemConfig\".\"createdAt\" AS \"SystemConfig_createdAt\", \"SystemConfig\".\"updatedAt\" AS \"SystemConfig_updatedAt\", \"SystemConfig\".\"providerName\" AS \"SystemConfig_providerName\", \"SystemConfig\".\"medium\" AS \"SystemConfig_medium\", \"SystemConfig\".\"apiKey\" AS \"SystemConfig_apiKey\", \"SystemConfig\".\"apiSecret\" AS \"SystemConfig_apiSecret\", \"SystemConfig\".\"twilioPhoneNumber\" AS \"SystemConfig_twilioPhoneNumber\" FROM \"system_config\" \"SystemConfig\"","routine":"errorMissingColumn","service":"user-service","severity":"ERROR","stack":"QueryFailedError: column SystemConfig.createdAt does not exist\n    at PostgresQueryRunner.query (C:\\Users\\Roshan Chaudhary\\Desktop\\skilio-customerMs\\src\\driver\\postgres\\PostgresQueryRunner.ts:325:19)\n    at processTicksAndRejections (node:internal/process/task_queues:105:5)\n    at SelectQueryBuilder.loadRawResults (C:\\Users\\Roshan Chaudhary\\Desktop\\skilio-customerMs\\src\\query-builder\\SelectQueryBuilder.ts:3863:25)\n    at SelectQueryBuilder.executeEntitiesAndRawResults (C:\\Users\\Roshan Chaudhary\\Desktop\\skilio-customerMs\\src\\query-builder\\SelectQueryBuilder.ts:3609:26)\n    at SelectQueryBuilder.getRawAndEntities (C:\\Users\\Roshan Chaudhary\\Desktop\\skilio-customerMs\\src\\query-builder\\SelectQueryBuilder.ts:1671:29)\n    at SelectQueryBuilder.getMany (C:\\Users\\Roshan Chaudhary\\Desktop\\skilio-customerMs\\src\\query-builder\\SelectQueryBuilder.ts:1761:25)\n    at SystemConfigStore.loadConfigs (C:\\Users\\Roshan Chaudhary\\Desktop\\skilio-customerMs\\src\\app\\config\\systemConfigStore.ts:12:32)\n    at C:\\Users\\Roshan Chaudhary\\Desktop\\skilio-customerMs\\src\\server.ts:52:5"}
{"level":"info","message":"Listening at port number 3000","service":"user-service"}
{"level":"info","message":"Database connection established successfully at skilio-customer","service":"user-service"}
{"code":"42703","driverError":{"code":"42703","file":"parse_relation.c","length":120,"line":"3721","name":"error","position":"50","routine":"errorMissingColumn","severity":"ERROR"},"file":"parse_relation.c","length":120,"level":"error","line":"3721","message":"Error loading provider configurations: column SystemConfig.createdAt does not exist","parameters":[],"position":"50","query":"SELECT \"SystemConfig\".\"id\" AS \"SystemConfig_id\", \"SystemConfig\".\"createdAt\" AS \"SystemConfig_createdAt\", \"SystemConfig\".\"updatedAt\" AS \"SystemConfig_updatedAt\", \"SystemConfig\".\"providerName\" AS \"SystemConfig_providerName\", \"SystemConfig\".\"medium\" AS \"SystemConfig_medium\", \"SystemConfig\".\"apiKey\" AS \"SystemConfig_apiKey\", \"SystemConfig\".\"apiSecret\" AS \"SystemConfig_apiSecret\", \"SystemConfig\".\"twilioPhoneNumber\" AS \"SystemConfig_twilioPhoneNumber\" FROM \"system_config\" \"SystemConfig\"","routine":"errorMissingColumn","service":"user-service","severity":"ERROR","stack":"QueryFailedError: column SystemConfig.createdAt does not exist\n    at PostgresQueryRunner.query (C:\\Users\\Roshan Chaudhary\\Desktop\\skilio-customerMs\\src\\driver\\postgres\\PostgresQueryRunner.ts:325:19)\n    at processTicksAndRejections (node:internal/process/task_queues:105:5)\n    at SelectQueryBuilder.loadRawResults (C:\\Users\\Roshan Chaudhary\\Desktop\\skilio-customerMs\\src\\query-builder\\SelectQueryBuilder.ts:3863:25)\n    at SelectQueryBuilder.executeEntitiesAndRawResults (C:\\Users\\Roshan Chaudhary\\Desktop\\skilio-customerMs\\src\\query-builder\\SelectQueryBuilder.ts:3609:26)\n    at SelectQueryBuilder.getRawAndEntities (C:\\Users\\Roshan Chaudhary\\Desktop\\skilio-customerMs\\src\\query-builder\\SelectQueryBuilder.ts:1671:29)\n    at SelectQueryBuilder.getMany (C:\\Users\\Roshan Chaudhary\\Desktop\\skilio-customerMs\\src\\query-builder\\SelectQueryBuilder.ts:1761:25)\n    at SystemConfigStore.loadConfigs (C:\\Users\\Roshan Chaudhary\\Desktop\\skilio-customerMs\\src\\app\\config\\systemConfigStore.ts:12:32)\n    at C:\\Users\\Roshan Chaudhary\\Desktop\\skilio-customerMs\\src\\server.ts:52:5"}
{"level":"info","message":"Listening at port number 3000","service":"user-service"}
{"level":"info","message":"Database connection established successfully at skilio-customer","service":"user-service"}
{"code":"42703","driverError":{"code":"42703","file":"parse_relation.c","length":120,"line":"3721","name":"error","position":"50","routine":"errorMissingColumn","severity":"ERROR"},"file":"parse_relation.c","length":120,"level":"error","line":"3721","message":"Error loading provider configurations: column SystemConfig.createdAt does not exist","parameters":[],"position":"50","query":"SELECT \"SystemConfig\".\"id\" AS \"SystemConfig_id\", \"SystemConfig\".\"createdAt\" AS \"SystemConfig_createdAt\", \"SystemConfig\".\"updatedAt\" AS \"SystemConfig_updatedAt\", \"SystemConfig\".\"providerName\" AS \"SystemConfig_providerName\", \"SystemConfig\".\"medium\" AS \"SystemConfig_medium\", \"SystemConfig\".\"apiKey\" AS \"SystemConfig_apiKey\", \"SystemConfig\".\"apiSecret\" AS \"SystemConfig_apiSecret\", \"SystemConfig\".\"twilioPhoneNumber\" AS \"SystemConfig_twilioPhoneNumber\" FROM \"system_config\" \"SystemConfig\"","routine":"errorMissingColumn","service":"user-service","severity":"ERROR","stack":"QueryFailedError: column SystemConfig.createdAt does not exist\n    at PostgresQueryRunner.query (C:\\Users\\Roshan Chaudhary\\Desktop\\skilio-customerMs\\src\\driver\\postgres\\PostgresQueryRunner.ts:325:19)\n    at processTicksAndRejections (node:internal/process/task_queues:105:5)\n    at SelectQueryBuilder.loadRawResults (C:\\Users\\Roshan Chaudhary\\Desktop\\skilio-customerMs\\src\\query-builder\\SelectQueryBuilder.ts:3863:25)\n    at SelectQueryBuilder.executeEntitiesAndRawResults (C:\\Users\\Roshan Chaudhary\\Desktop\\skilio-customerMs\\src\\query-builder\\SelectQueryBuilder.ts:3609:26)\n    at SelectQueryBuilder.getRawAndEntities (C:\\Users\\Roshan Chaudhary\\Desktop\\skilio-customerMs\\src\\query-builder\\SelectQueryBuilder.ts:1671:29)\n    at SelectQueryBuilder.getMany (C:\\Users\\Roshan Chaudhary\\Desktop\\skilio-customerMs\\src\\query-builder\\SelectQueryBuilder.ts:1761:25)\n    at SystemConfigStore.loadConfigs (C:\\Users\\Roshan Chaudhary\\Desktop\\skilio-customerMs\\src\\app\\config\\systemConfigStore.ts:12:32)\n    at C:\\Users\\Roshan Chaudhary\\Desktop\\skilio-customerMs\\src\\server.ts:52:5"}
{"level":"info","message":"Listening at port number 3000","service":"user-service"}
{"level":"info","message":"Database connection established successfully at skilio-customer","service":"user-service"}
{"code":"42703","driverError":{"code":"42703","file":"parse_relation.c","length":120,"line":"3721","name":"error","position":"50","routine":"errorMissingColumn","severity":"ERROR"},"file":"parse_relation.c","length":120,"level":"error","line":"3721","message":"Error loading provider configurations: column SystemConfig.createdAt does not exist","parameters":[],"position":"50","query":"SELECT \"SystemConfig\".\"id\" AS \"SystemConfig_id\", \"SystemConfig\".\"createdAt\" AS \"SystemConfig_createdAt\", \"SystemConfig\".\"updatedAt\" AS \"SystemConfig_updatedAt\", \"SystemConfig\".\"providerName\" AS \"SystemConfig_providerName\", \"SystemConfig\".\"medium\" AS \"SystemConfig_medium\", \"SystemConfig\".\"apiKey\" AS \"SystemConfig_apiKey\", \"SystemConfig\".\"apiSecret\" AS \"SystemConfig_apiSecret\", \"SystemConfig\".\"twilioPhoneNumber\" AS \"SystemConfig_twilioPhoneNumber\" FROM \"system_config\" \"SystemConfig\"","routine":"errorMissingColumn","service":"user-service","severity":"ERROR","stack":"QueryFailedError: column SystemConfig.createdAt does not exist\n    at PostgresQueryRunner.query (C:\\Users\\Roshan Chaudhary\\Desktop\\skilio-customerMs\\src\\driver\\postgres\\PostgresQueryRunner.ts:325:19)\n    at processTicksAndRejections (node:internal/process/task_queues:105:5)\n    at SelectQueryBuilder.loadRawResults (C:\\Users\\Roshan Chaudhary\\Desktop\\skilio-customerMs\\src\\query-builder\\SelectQueryBuilder.ts:3863:25)\n    at SelectQueryBuilder.executeEntitiesAndRawResults (C:\\Users\\Roshan Chaudhary\\Desktop\\skilio-customerMs\\src\\query-builder\\SelectQueryBuilder.ts:3609:26)\n    at SelectQueryBuilder.getRawAndEntities (C:\\Users\\Roshan Chaudhary\\Desktop\\skilio-customerMs\\src\\query-builder\\SelectQueryBuilder.ts:1671:29)\n    at SelectQueryBuilder.getMany (C:\\Users\\Roshan Chaudhary\\Desktop\\skilio-customerMs\\src\\query-builder\\SelectQueryBuilder.ts:1761:25)\n    at SystemConfigStore.loadConfigs (C:\\Users\\Roshan Chaudhary\\Desktop\\skilio-customerMs\\src\\app\\config\\systemConfigStore.ts:12:32)\n    at C:\\Users\\Roshan Chaudhary\\Desktop\\skilio-customerMs\\src\\server.ts:52:5"}
{"level":"info","message":"Listening at port number 3000","service":"user-service"}
{"level":"info","message":"Database connection established successfully at skilio-customer","service":"user-service"}
{"code":"42703","driverError":{"code":"42703","file":"parse_relation.c","length":120,"line":"3721","name":"error","position":"50","routine":"errorMissingColumn","severity":"ERROR"},"file":"parse_relation.c","length":120,"level":"error","line":"3721","message":"Error loading provider configurations: column SystemConfig.createdAt does not exist","parameters":[],"position":"50","query":"SELECT \"SystemConfig\".\"id\" AS \"SystemConfig_id\", \"SystemConfig\".\"createdAt\" AS \"SystemConfig_createdAt\", \"SystemConfig\".\"updatedAt\" AS \"SystemConfig_updatedAt\", \"SystemConfig\".\"providerName\" AS \"SystemConfig_providerName\", \"SystemConfig\".\"medium\" AS \"SystemConfig_medium\", \"SystemConfig\".\"apiKey\" AS \"SystemConfig_apiKey\", \"SystemConfig\".\"apiSecret\" AS \"SystemConfig_apiSecret\", \"SystemConfig\".\"twilioPhoneNumber\" AS \"SystemConfig_twilioPhoneNumber\" FROM \"system_config\" \"SystemConfig\"","routine":"errorMissingColumn","service":"user-service","severity":"ERROR","stack":"QueryFailedError: column SystemConfig.createdAt does not exist\n    at PostgresQueryRunner.query (C:\\Users\\Roshan Chaudhary\\Desktop\\skilio-customerMs\\src\\driver\\postgres\\PostgresQueryRunner.ts:325:19)\n    at processTicksAndRejections (node:internal/process/task_queues:105:5)\n    at SelectQueryBuilder.loadRawResults (C:\\Users\\Roshan Chaudhary\\Desktop\\skilio-customerMs\\src\\query-builder\\SelectQueryBuilder.ts:3863:25)\n    at SelectQueryBuilder.executeEntitiesAndRawResults (C:\\Users\\Roshan Chaudhary\\Desktop\\skilio-customerMs\\src\\query-builder\\SelectQueryBuilder.ts:3609:26)\n    at SelectQueryBuilder.getRawAndEntities (C:\\Users\\Roshan Chaudhary\\Desktop\\skilio-customerMs\\src\\query-builder\\SelectQueryBuilder.ts:1671:29)\n    at SelectQueryBuilder.getMany (C:\\Users\\Roshan Chaudhary\\Desktop\\skilio-customerMs\\src\\query-builder\\SelectQueryBuilder.ts:1761:25)\n    at SystemConfigStore.loadConfigs (C:\\Users\\Roshan Chaudhary\\Desktop\\skilio-customerMs\\src\\app\\config\\systemConfigStore.ts:12:32)\n    at C:\\Users\\Roshan Chaudhary\\Desktop\\skilio-customerMs\\src\\server.ts:52:5"}
{"level":"info","message":"Listening at port number 3000","service":"user-service"}
{"level":"info","message":"Database connection established successfully at skilio-customer","service":"user-service"}
{"code":"42703","driverError":{"code":"42703","file":"parse_relation.c","length":120,"line":"3721","name":"error","position":"50","routine":"errorMissingColumn","severity":"ERROR"},"file":"parse_relation.c","length":120,"level":"error","line":"3721","message":"Error loading provider configurations: column SystemConfig.createdAt does not exist","parameters":[],"position":"50","query":"SELECT \"SystemConfig\".\"id\" AS \"SystemConfig_id\", \"SystemConfig\".\"createdAt\" AS \"SystemConfig_createdAt\", \"SystemConfig\".\"updatedAt\" AS \"SystemConfig_updatedAt\", \"SystemConfig\".\"providerName\" AS \"SystemConfig_providerName\", \"SystemConfig\".\"medium\" AS \"SystemConfig_medium\", \"SystemConfig\".\"apiKey\" AS \"SystemConfig_apiKey\", \"SystemConfig\".\"apiSecret\" AS \"SystemConfig_apiSecret\", \"SystemConfig\".\"twilioPhoneNumber\" AS \"SystemConfig_twilioPhoneNumber\" FROM \"system_config\" \"SystemConfig\"","routine":"errorMissingColumn","service":"user-service","severity":"ERROR","stack":"QueryFailedError: column SystemConfig.createdAt does not exist\n    at PostgresQueryRunner.query (C:\\Users\\Roshan Chaudhary\\Desktop\\skilio-customerMs\\src\\driver\\postgres\\PostgresQueryRunner.ts:325:19)\n    at processTicksAndRejections (node:internal/process/task_queues:105:5)\n    at SelectQueryBuilder.loadRawResults (C:\\Users\\Roshan Chaudhary\\Desktop\\skilio-customerMs\\src\\query-builder\\SelectQueryBuilder.ts:3863:25)\n    at SelectQueryBuilder.executeEntitiesAndRawResults (C:\\Users\\Roshan Chaudhary\\Desktop\\skilio-customerMs\\src\\query-builder\\SelectQueryBuilder.ts:3609:26)\n    at SelectQueryBuilder.getRawAndEntities (C:\\Users\\Roshan Chaudhary\\Desktop\\skilio-customerMs\\src\\query-builder\\SelectQueryBuilder.ts:1671:29)\n    at SelectQueryBuilder.getMany (C:\\Users\\Roshan Chaudhary\\Desktop\\skilio-customerMs\\src\\query-builder\\SelectQueryBuilder.ts:1761:25)\n    at SystemConfigStore.loadConfigs (C:\\Users\\Roshan Chaudhary\\Desktop\\skilio-customerMs\\src\\app\\config\\systemConfigStore.ts:12:32)\n    at C:\\Users\\Roshan Chaudhary\\Desktop\\skilio-customerMs\\src\\server.ts:52:5"}
{"level":"info","message":"Listening at port number 3000","service":"user-service"}
{"level":"info","message":"Database connection established successfully at skilio-customer","service":"user-service"}
{"code":"42703","driverError":{"code":"42703","file":"parse_relation.c","length":120,"line":"3721","name":"error","position":"50","routine":"errorMissingColumn","severity":"ERROR"},"file":"parse_relation.c","length":120,"level":"error","line":"3721","message":"Error loading provider configurations: column SystemConfig.createdAt does not exist","parameters":[],"position":"50","query":"SELECT \"SystemConfig\".\"id\" AS \"SystemConfig_id\", \"SystemConfig\".\"createdAt\" AS \"SystemConfig_createdAt\", \"SystemConfig\".\"updatedAt\" AS \"SystemConfig_updatedAt\", \"SystemConfig\".\"providerName\" AS \"SystemConfig_providerName\", \"SystemConfig\".\"medium\" AS \"SystemConfig_medium\", \"SystemConfig\".\"apiKey\" AS \"SystemConfig_apiKey\", \"SystemConfig\".\"apiSecret\" AS \"SystemConfig_apiSecret\", \"SystemConfig\".\"twilioPhoneNumber\" AS \"SystemConfig_twilioPhoneNumber\" FROM \"system_config\" \"SystemConfig\"","routine":"errorMissingColumn","service":"user-service","severity":"ERROR","stack":"QueryFailedError: column SystemConfig.createdAt does not exist\n    at PostgresQueryRunner.query (C:\\Users\\Roshan Chaudhary\\Desktop\\skilio-customerMs\\src\\driver\\postgres\\PostgresQueryRunner.ts:325:19)\n    at processTicksAndRejections (node:internal/process/task_queues:105:5)\n    at SelectQueryBuilder.loadRawResults (C:\\Users\\Roshan Chaudhary\\Desktop\\skilio-customerMs\\src\\query-builder\\SelectQueryBuilder.ts:3863:25)\n    at SelectQueryBuilder.executeEntitiesAndRawResults (C:\\Users\\Roshan Chaudhary\\Desktop\\skilio-customerMs\\src\\query-builder\\SelectQueryBuilder.ts:3609:26)\n    at SelectQueryBuilder.getRawAndEntities (C:\\Users\\Roshan Chaudhary\\Desktop\\skilio-customerMs\\src\\query-builder\\SelectQueryBuilder.ts:1671:29)\n    at SelectQueryBuilder.getMany (C:\\Users\\Roshan Chaudhary\\Desktop\\skilio-customerMs\\src\\query-builder\\SelectQueryBuilder.ts:1761:25)\n    at SystemConfigStore.loadConfigs (C:\\Users\\Roshan Chaudhary\\Desktop\\skilio-customerMs\\src\\app\\config\\systemConfigStore.ts:12:32)\n    at C:\\Users\\Roshan Chaudhary\\Desktop\\skilio-customerMs\\src\\server.ts:52:5"}
{"level":"info","message":"Listening at port number 3000","service":"user-service"}
{"level":"info","message":"Database connection established successfully at skilio-customer","service":"user-service"}
{"code":"42703","driverError":{"code":"42703","file":"parse_relation.c","length":120,"line":"3721","name":"error","position":"50","routine":"errorMissingColumn","severity":"ERROR"},"file":"parse_relation.c","length":120,"level":"error","line":"3721","message":"Error loading provider configurations: column SystemConfig.createdAt does not exist","parameters":[],"position":"50","query":"SELECT \"SystemConfig\".\"id\" AS \"SystemConfig_id\", \"SystemConfig\".\"createdAt\" AS \"SystemConfig_createdAt\", \"SystemConfig\".\"updatedAt\" AS \"SystemConfig_updatedAt\", \"SystemConfig\".\"providerName\" AS \"SystemConfig_providerName\", \"SystemConfig\".\"medium\" AS \"SystemConfig_medium\", \"SystemConfig\".\"apiKey\" AS \"SystemConfig_apiKey\", \"SystemConfig\".\"apiSecret\" AS \"SystemConfig_apiSecret\", \"SystemConfig\".\"twilioPhoneNumber\" AS \"SystemConfig_twilioPhoneNumber\" FROM \"system_config\" \"SystemConfig\"","routine":"errorMissingColumn","service":"user-service","severity":"ERROR","stack":"QueryFailedError: column SystemConfig.createdAt does not exist\n    at PostgresQueryRunner.query (C:\\Users\\Roshan Chaudhary\\Desktop\\skilio-customerMs\\src\\driver\\postgres\\PostgresQueryRunner.ts:325:19)\n    at processTicksAndRejections (node:internal/process/task_queues:105:5)\n    at SelectQueryBuilder.loadRawResults (C:\\Users\\Roshan Chaudhary\\Desktop\\skilio-customerMs\\src\\query-builder\\SelectQueryBuilder.ts:3863:25)\n    at SelectQueryBuilder.executeEntitiesAndRawResults (C:\\Users\\Roshan Chaudhary\\Desktop\\skilio-customerMs\\src\\query-builder\\SelectQueryBuilder.ts:3609:26)\n    at SelectQueryBuilder.getRawAndEntities (C:\\Users\\Roshan Chaudhary\\Desktop\\skilio-customerMs\\src\\query-builder\\SelectQueryBuilder.ts:1671:29)\n    at SelectQueryBuilder.getMany (C:\\Users\\Roshan Chaudhary\\Desktop\\skilio-customerMs\\src\\query-builder\\SelectQueryBuilder.ts:1761:25)\n    at SystemConfigStore.loadConfigs (C:\\Users\\Roshan Chaudhary\\Desktop\\skilio-customerMs\\src\\app\\config\\systemConfigStore.ts:12:32)\n    at C:\\Users\\Roshan Chaudhary\\Desktop\\skilio-customerMs\\src\\server.ts:52:5"}
{"level":"info","message":"Listening at port number 3000","service":"user-service"}
{"level":"info","message":"Database connection established successfully at skilio-customer","service":"user-service"}
{"code":"42703","driverError":{"code":"42703","file":"parse_relation.c","length":120,"line":"3721","name":"error","position":"50","routine":"errorMissingColumn","severity":"ERROR"},"file":"parse_relation.c","length":120,"level":"error","line":"3721","message":"Error loading provider configurations: column SystemConfig.createdAt does not exist","parameters":[],"position":"50","query":"SELECT \"SystemConfig\".\"id\" AS \"SystemConfig_id\", \"SystemConfig\".\"createdAt\" AS \"SystemConfig_createdAt\", \"SystemConfig\".\"updatedAt\" AS \"SystemConfig_updatedAt\", \"SystemConfig\".\"providerName\" AS \"SystemConfig_providerName\", \"SystemConfig\".\"medium\" AS \"SystemConfig_medium\", \"SystemConfig\".\"apiKey\" AS \"SystemConfig_apiKey\", \"SystemConfig\".\"apiSecret\" AS \"SystemConfig_apiSecret\", \"SystemConfig\".\"twilioPhoneNumber\" AS \"SystemConfig_twilioPhoneNumber\" FROM \"system_config\" \"SystemConfig\"","routine":"errorMissingColumn","service":"user-service","severity":"ERROR","stack":"QueryFailedError: column SystemConfig.createdAt does not exist\n    at PostgresQueryRunner.query (C:\\Users\\Roshan Chaudhary\\Desktop\\skilio-customerMs\\src\\driver\\postgres\\PostgresQueryRunner.ts:325:19)\n    at processTicksAndRejections (node:internal/process/task_queues:105:5)\n    at SelectQueryBuilder.loadRawResults (C:\\Users\\Roshan Chaudhary\\Desktop\\skilio-customerMs\\src\\query-builder\\SelectQueryBuilder.ts:3863:25)\n    at SelectQueryBuilder.executeEntitiesAndRawResults (C:\\Users\\Roshan Chaudhary\\Desktop\\skilio-customerMs\\src\\query-builder\\SelectQueryBuilder.ts:3609:26)\n    at SelectQueryBuilder.getRawAndEntities (C:\\Users\\Roshan Chaudhary\\Desktop\\skilio-customerMs\\src\\query-builder\\SelectQueryBuilder.ts:1671:29)\n    at SelectQueryBuilder.getMany (C:\\Users\\Roshan Chaudhary\\Desktop\\skilio-customerMs\\src\\query-builder\\SelectQueryBuilder.ts:1761:25)\n    at SystemConfigStore.loadConfigs (C:\\Users\\Roshan Chaudhary\\Desktop\\skilio-customerMs\\src\\app\\config\\systemConfigStore.ts:12:32)\n    at C:\\Users\\Roshan Chaudhary\\Desktop\\skilio-customerMs\\src\\server.ts:52:5"}
{"level":"info","message":"Listening at port number 3000","service":"user-service"}
{"level":"info","message":"Database connection established successfully at skilio-customer","service":"user-service"}
{"code":"42703","driverError":{"code":"42703","file":"parse_relation.c","length":120,"line":"3721","name":"error","position":"50","routine":"errorMissingColumn","severity":"ERROR"},"file":"parse_relation.c","length":120,"level":"error","line":"3721","message":"Error loading provider configurations: column SystemConfig.createdAt does not exist","parameters":[],"position":"50","query":"SELECT \"SystemConfig\".\"id\" AS \"SystemConfig_id\", \"SystemConfig\".\"createdAt\" AS \"SystemConfig_createdAt\", \"SystemConfig\".\"updatedAt\" AS \"SystemConfig_updatedAt\", \"SystemConfig\".\"providerName\" AS \"SystemConfig_providerName\", \"SystemConfig\".\"medium\" AS \"SystemConfig_medium\", \"SystemConfig\".\"apiKey\" AS \"SystemConfig_apiKey\", \"SystemConfig\".\"apiSecret\" AS \"SystemConfig_apiSecret\", \"SystemConfig\".\"twilioPhoneNumber\" AS \"SystemConfig_twilioPhoneNumber\" FROM \"system_config\" \"SystemConfig\"","routine":"errorMissingColumn","service":"user-service","severity":"ERROR","stack":"QueryFailedError: column SystemConfig.createdAt does not exist\n    at PostgresQueryRunner.query (C:\\Users\\Roshan Chaudhary\\Desktop\\skilio-customerMs\\src\\driver\\postgres\\PostgresQueryRunner.ts:325:19)\n    at processTicksAndRejections (node:internal/process/task_queues:105:5)\n    at SelectQueryBuilder.loadRawResults (C:\\Users\\Roshan Chaudhary\\Desktop\\skilio-customerMs\\src\\query-builder\\SelectQueryBuilder.ts:3863:25)\n    at SelectQueryBuilder.executeEntitiesAndRawResults (C:\\Users\\Roshan Chaudhary\\Desktop\\skilio-customerMs\\src\\query-builder\\SelectQueryBuilder.ts:3609:26)\n    at SelectQueryBuilder.getRawAndEntities (C:\\Users\\Roshan Chaudhary\\Desktop\\skilio-customerMs\\src\\query-builder\\SelectQueryBuilder.ts:1671:29)\n    at SelectQueryBuilder.getMany (C:\\Users\\Roshan Chaudhary\\Desktop\\skilio-customerMs\\src\\query-builder\\SelectQueryBuilder.ts:1761:25)\n    at SystemConfigStore.loadConfigs (C:\\Users\\Roshan Chaudhary\\Desktop\\skilio-customerMs\\src\\app\\config\\systemConfigStore.ts:12:32)\n    at C:\\Users\\Roshan Chaudhary\\Desktop\\skilio-customerMs\\src\\server.ts:52:5"}
{"level":"info","message":"Listening at port number 3000","service":"user-service"}
{"level":"info","message":"Database connection established successfully at skilio-customer","service":"user-service"}
{"code":"42703","driverError":{"code":"42703","file":"parse_relation.c","length":120,"line":"3721","name":"error","position":"50","routine":"errorMissingColumn","severity":"ERROR"},"file":"parse_relation.c","length":120,"level":"error","line":"3721","message":"Error loading provider configurations: column SystemConfig.createdAt does not exist","parameters":[],"position":"50","query":"SELECT \"SystemConfig\".\"id\" AS \"SystemConfig_id\", \"SystemConfig\".\"createdAt\" AS \"SystemConfig_createdAt\", \"SystemConfig\".\"updatedAt\" AS \"SystemConfig_updatedAt\", \"SystemConfig\".\"providerName\" AS \"SystemConfig_providerName\", \"SystemConfig\".\"medium\" AS \"SystemConfig_medium\", \"SystemConfig\".\"apiKey\" AS \"SystemConfig_apiKey\", \"SystemConfig\".\"apiSecret\" AS \"SystemConfig_apiSecret\", \"SystemConfig\".\"twilioPhoneNumber\" AS \"SystemConfig_twilioPhoneNumber\" FROM \"system_config\" \"SystemConfig\"","routine":"errorMissingColumn","service":"user-service","severity":"ERROR","stack":"QueryFailedError: column SystemConfig.createdAt does not exist\n    at PostgresQueryRunner.query (C:\\Users\\Roshan Chaudhary\\Desktop\\skilio-customerMs\\src\\driver\\postgres\\PostgresQueryRunner.ts:325:19)\n    at processTicksAndRejections (node:internal/process/task_queues:105:5)\n    at SelectQueryBuilder.loadRawResults (C:\\Users\\Roshan Chaudhary\\Desktop\\skilio-customerMs\\src\\query-builder\\SelectQueryBuilder.ts:3863:25)\n    at SelectQueryBuilder.executeEntitiesAndRawResults (C:\\Users\\Roshan Chaudhary\\Desktop\\skilio-customerMs\\src\\query-builder\\SelectQueryBuilder.ts:3609:26)\n    at SelectQueryBuilder.getRawAndEntities (C:\\Users\\Roshan Chaudhary\\Desktop\\skilio-customerMs\\src\\query-builder\\SelectQueryBuilder.ts:1671:29)\n    at SelectQueryBuilder.getMany (C:\\Users\\Roshan Chaudhary\\Desktop\\skilio-customerMs\\src\\query-builder\\SelectQueryBuilder.ts:1761:25)\n    at SystemConfigStore.loadConfigs (C:\\Users\\Roshan Chaudhary\\Desktop\\skilio-customerMs\\src\\app\\config\\systemConfigStore.ts:12:32)\n    at C:\\Users\\Roshan Chaudhary\\Desktop\\skilio-customerMs\\src\\server.ts:52:5"}
{"level":"info","message":"Listening at port number 3000","service":"user-service"}
{"level":"info","message":"Database connection established successfully at skilio-customer","service":"user-service"}
{"code":"42703","driverError":{"code":"42703","file":"parse_relation.c","length":120,"line":"3721","name":"error","position":"50","routine":"errorMissingColumn","severity":"ERROR"},"file":"parse_relation.c","length":120,"level":"error","line":"3721","message":"Error loading provider configurations: column SystemConfig.createdAt does not exist","parameters":[],"position":"50","query":"SELECT \"SystemConfig\".\"id\" AS \"SystemConfig_id\", \"SystemConfig\".\"createdAt\" AS \"SystemConfig_createdAt\", \"SystemConfig\".\"updatedAt\" AS \"SystemConfig_updatedAt\", \"SystemConfig\".\"providerName\" AS \"SystemConfig_providerName\", \"SystemConfig\".\"medium\" AS \"SystemConfig_medium\", \"SystemConfig\".\"apiKey\" AS \"SystemConfig_apiKey\", \"SystemConfig\".\"apiSecret\" AS \"SystemConfig_apiSecret\", \"SystemConfig\".\"twilioPhoneNumber\" AS \"SystemConfig_twilioPhoneNumber\" FROM \"system_config\" \"SystemConfig\"","routine":"errorMissingColumn","service":"user-service","severity":"ERROR","stack":"QueryFailedError: column SystemConfig.createdAt does not exist\n    at PostgresQueryRunner.query (C:\\Users\\Roshan Chaudhary\\Desktop\\skilio-customerMs\\src\\driver\\postgres\\PostgresQueryRunner.ts:325:19)\n    at processTicksAndRejections (node:internal/process/task_queues:105:5)\n    at SelectQueryBuilder.loadRawResults (C:\\Users\\Roshan Chaudhary\\Desktop\\skilio-customerMs\\src\\query-builder\\SelectQueryBuilder.ts:3863:25)\n    at SelectQueryBuilder.executeEntitiesAndRawResults (C:\\Users\\Roshan Chaudhary\\Desktop\\skilio-customerMs\\src\\query-builder\\SelectQueryBuilder.ts:3609:26)\n    at SelectQueryBuilder.getRawAndEntities (C:\\Users\\Roshan Chaudhary\\Desktop\\skilio-customerMs\\src\\query-builder\\SelectQueryBuilder.ts:1671:29)\n    at SelectQueryBuilder.getMany (C:\\Users\\Roshan Chaudhary\\Desktop\\skilio-customerMs\\src\\query-builder\\SelectQueryBuilder.ts:1761:25)\n    at SystemConfigStore.loadConfigs (C:\\Users\\Roshan Chaudhary\\Desktop\\skilio-customerMs\\src\\app\\config\\systemConfigStore.ts:12:32)\n    at C:\\Users\\Roshan Chaudhary\\Desktop\\skilio-customerMs\\src\\server.ts:52:5"}
{"level":"info","message":"Listening at port number 3000","service":"user-service"}
{"level":"info","message":"Database connection established successfully at skilio-customer","service":"user-service"}
{"code":"42703","driverError":{"code":"42703","file":"parse_relation.c","length":120,"line":"3721","name":"error","position":"50","routine":"errorMissingColumn","severity":"ERROR"},"file":"parse_relation.c","length":120,"level":"error","line":"3721","message":"Error loading provider configurations: column SystemConfig.createdAt does not exist","parameters":[],"position":"50","query":"SELECT \"SystemConfig\".\"id\" AS \"SystemConfig_id\", \"SystemConfig\".\"createdAt\" AS \"SystemConfig_createdAt\", \"SystemConfig\".\"updatedAt\" AS \"SystemConfig_updatedAt\", \"SystemConfig\".\"providerName\" AS \"SystemConfig_providerName\", \"SystemConfig\".\"medium\" AS \"SystemConfig_medium\", \"SystemConfig\".\"apiKey\" AS \"SystemConfig_apiKey\", \"SystemConfig\".\"apiSecret\" AS \"SystemConfig_apiSecret\", \"SystemConfig\".\"twilioPhoneNumber\" AS \"SystemConfig_twilioPhoneNumber\" FROM \"system_config\" \"SystemConfig\"","routine":"errorMissingColumn","service":"user-service","severity":"ERROR","stack":"QueryFailedError: column SystemConfig.createdAt does not exist\n    at PostgresQueryRunner.query (C:\\Users\\Roshan Chaudhary\\Desktop\\skilio-customerMs\\src\\driver\\postgres\\PostgresQueryRunner.ts:325:19)\n    at processTicksAndRejections (node:internal/process/task_queues:105:5)\n    at SelectQueryBuilder.loadRawResults (C:\\Users\\Roshan Chaudhary\\Desktop\\skilio-customerMs\\src\\query-builder\\SelectQueryBuilder.ts:3863:25)\n    at SelectQueryBuilder.executeEntitiesAndRawResults (C:\\Users\\Roshan Chaudhary\\Desktop\\skilio-customerMs\\src\\query-builder\\SelectQueryBuilder.ts:3609:26)\n    at SelectQueryBuilder.getRawAndEntities (C:\\Users\\Roshan Chaudhary\\Desktop\\skilio-customerMs\\src\\query-builder\\SelectQueryBuilder.ts:1671:29)\n    at SelectQueryBuilder.getMany (C:\\Users\\Roshan Chaudhary\\Desktop\\skilio-customerMs\\src\\query-builder\\SelectQueryBuilder.ts:1761:25)\n    at SystemConfigStore.loadConfigs (C:\\Users\\Roshan Chaudhary\\Desktop\\skilio-customerMs\\src\\app\\config\\systemConfigStore.ts:12:32)\n    at C:\\Users\\Roshan Chaudhary\\Desktop\\skilio-customerMs\\src\\server.ts:52:5"}
{"level":"info","message":"Listening at port number 3000","service":"user-service"}
{"level":"info","message":"Database connection established successfully at skilio-customer","service":"user-service"}
{"code":"42703","driverError":{"code":"42703","file":"parse_relation.c","length":120,"line":"3721","name":"error","position":"50","routine":"errorMissingColumn","severity":"ERROR"},"file":"parse_relation.c","length":120,"level":"error","line":"3721","message":"Error loading provider configurations: column SystemConfig.createdAt does not exist","parameters":[],"position":"50","query":"SELECT \"SystemConfig\".\"id\" AS \"SystemConfig_id\", \"SystemConfig\".\"createdAt\" AS \"SystemConfig_createdAt\", \"SystemConfig\".\"updatedAt\" AS \"SystemConfig_updatedAt\", \"SystemConfig\".\"providerName\" AS \"SystemConfig_providerName\", \"SystemConfig\".\"medium\" AS \"SystemConfig_medium\", \"SystemConfig\".\"apiKey\" AS \"SystemConfig_apiKey\", \"SystemConfig\".\"apiSecret\" AS \"SystemConfig_apiSecret\", \"SystemConfig\".\"twilioPhoneNumber\" AS \"SystemConfig_twilioPhoneNumber\" FROM \"system_config\" \"SystemConfig\"","routine":"errorMissingColumn","service":"user-service","severity":"ERROR","stack":"QueryFailedError: column SystemConfig.createdAt does not exist\n    at PostgresQueryRunner.query (C:\\Users\\Roshan Chaudhary\\Desktop\\skilio-customerMs\\src\\driver\\postgres\\PostgresQueryRunner.ts:325:19)\n    at processTicksAndRejections (node:internal/process/task_queues:105:5)\n    at SelectQueryBuilder.loadRawResults (C:\\Users\\Roshan Chaudhary\\Desktop\\skilio-customerMs\\src\\query-builder\\SelectQueryBuilder.ts:3863:25)\n    at SelectQueryBuilder.executeEntitiesAndRawResults (C:\\Users\\Roshan Chaudhary\\Desktop\\skilio-customerMs\\src\\query-builder\\SelectQueryBuilder.ts:3609:26)\n    at SelectQueryBuilder.getRawAndEntities (C:\\Users\\Roshan Chaudhary\\Desktop\\skilio-customerMs\\src\\query-builder\\SelectQueryBuilder.ts:1671:29)\n    at SelectQueryBuilder.getMany (C:\\Users\\Roshan Chaudhary\\Desktop\\skilio-customerMs\\src\\query-builder\\SelectQueryBuilder.ts:1761:25)\n    at SystemConfigStore.loadConfigs (C:\\Users\\Roshan Chaudhary\\Desktop\\skilio-customerMs\\src\\app\\config\\systemConfigStore.ts:12:32)\n    at C:\\Users\\Roshan Chaudhary\\Desktop\\skilio-customerMs\\src\\server.ts:52:5"}
{"level":"info","message":"Listening at port number 3000","service":"user-service"}
{"level":"info","message":"Database connection established successfully at skilio-customer","service":"user-service"}
{"code":"42703","driverError":{"code":"42703","file":"parse_relation.c","length":120,"line":"3721","name":"error","position":"50","routine":"errorMissingColumn","severity":"ERROR"},"file":"parse_relation.c","length":120,"level":"error","line":"3721","message":"Error loading provider configurations: column SystemConfig.createdAt does not exist","parameters":[],"position":"50","query":"SELECT \"SystemConfig\".\"id\" AS \"SystemConfig_id\", \"SystemConfig\".\"createdAt\" AS \"SystemConfig_createdAt\", \"SystemConfig\".\"updatedAt\" AS \"SystemConfig_updatedAt\", \"SystemConfig\".\"providerName\" AS \"SystemConfig_providerName\", \"SystemConfig\".\"medium\" AS \"SystemConfig_medium\", \"SystemConfig\".\"apiKey\" AS \"SystemConfig_apiKey\", \"SystemConfig\".\"apiSecret\" AS \"SystemConfig_apiSecret\", \"SystemConfig\".\"twilioPhoneNumber\" AS \"SystemConfig_twilioPhoneNumber\" FROM \"system_config\" \"SystemConfig\"","routine":"errorMissingColumn","service":"user-service","severity":"ERROR","stack":"QueryFailedError: column SystemConfig.createdAt does not exist\n    at PostgresQueryRunner.query (C:\\Users\\Roshan Chaudhary\\Desktop\\skilio-customerMs\\src\\driver\\postgres\\PostgresQueryRunner.ts:325:19)\n    at processTicksAndRejections (node:internal/process/task_queues:105:5)\n    at SelectQueryBuilder.loadRawResults (C:\\Users\\Roshan Chaudhary\\Desktop\\skilio-customerMs\\src\\query-builder\\SelectQueryBuilder.ts:3863:25)\n    at SelectQueryBuilder.executeEntitiesAndRawResults (C:\\Users\\Roshan Chaudhary\\Desktop\\skilio-customerMs\\src\\query-builder\\SelectQueryBuilder.ts:3609:26)\n    at SelectQueryBuilder.getRawAndEntities (C:\\Users\\Roshan Chaudhary\\Desktop\\skilio-customerMs\\src\\query-builder\\SelectQueryBuilder.ts:1671:29)\n    at SelectQueryBuilder.getMany (C:\\Users\\Roshan Chaudhary\\Desktop\\skilio-customerMs\\src\\query-builder\\SelectQueryBuilder.ts:1761:25)\n    at SystemConfigStore.loadConfigs (C:\\Users\\Roshan Chaudhary\\Desktop\\skilio-customerMs\\src\\app\\config\\systemConfigStore.ts:12:32)\n    at C:\\Users\\Roshan Chaudhary\\Desktop\\skilio-customerMs\\src\\server.ts:52:5"}
{"level":"info","message":"Listening at port number 3000","service":"user-service"}
{"level":"info","message":"Database connection established successfully at skilio-customer","service":"user-service"}
{"code":"42703","driverError":{"code":"42703","file":"parse_relation.c","length":120,"line":"3721","name":"error","position":"50","routine":"errorMissingColumn","severity":"ERROR"},"file":"parse_relation.c","length":120,"level":"error","line":"3721","message":"Error loading provider configurations: column SystemConfig.createdAt does not exist","parameters":[],"position":"50","query":"SELECT \"SystemConfig\".\"id\" AS \"SystemConfig_id\", \"SystemConfig\".\"createdAt\" AS \"SystemConfig_createdAt\", \"SystemConfig\".\"updatedAt\" AS \"SystemConfig_updatedAt\", \"SystemConfig\".\"providerName\" AS \"SystemConfig_providerName\", \"SystemConfig\".\"medium\" AS \"SystemConfig_medium\", \"SystemConfig\".\"apiKey\" AS \"SystemConfig_apiKey\", \"SystemConfig\".\"apiSecret\" AS \"SystemConfig_apiSecret\", \"SystemConfig\".\"twilioPhoneNumber\" AS \"SystemConfig_twilioPhoneNumber\" FROM \"system_config\" \"SystemConfig\"","routine":"errorMissingColumn","service":"user-service","severity":"ERROR","stack":"QueryFailedError: column SystemConfig.createdAt does not exist\n    at PostgresQueryRunner.query (C:\\Users\\Roshan Chaudhary\\Desktop\\skilio-customerMs\\src\\driver\\postgres\\PostgresQueryRunner.ts:325:19)\n    at processTicksAndRejections (node:internal/process/task_queues:105:5)\n    at SelectQueryBuilder.loadRawResults (C:\\Users\\Roshan Chaudhary\\Desktop\\skilio-customerMs\\src\\query-builder\\SelectQueryBuilder.ts:3863:25)\n    at SelectQueryBuilder.executeEntitiesAndRawResults (C:\\Users\\Roshan Chaudhary\\Desktop\\skilio-customerMs\\src\\query-builder\\SelectQueryBuilder.ts:3609:26)\n    at SelectQueryBuilder.getRawAndEntities (C:\\Users\\Roshan Chaudhary\\Desktop\\skilio-customerMs\\src\\query-builder\\SelectQueryBuilder.ts:1671:29)\n    at SelectQueryBuilder.getMany (C:\\Users\\Roshan Chaudhary\\Desktop\\skilio-customerMs\\src\\query-builder\\SelectQueryBuilder.ts:1761:25)\n    at SystemConfigStore.loadConfigs (C:\\Users\\Roshan Chaudhary\\Desktop\\skilio-customerMs\\src\\app\\config\\systemConfigStore.ts:12:32)\n    at C:\\Users\\Roshan Chaudhary\\Desktop\\skilio-customerMs\\src\\server.ts:52:5"}
{"level":"info","message":"Listening at port number 3000","service":"user-service"}
{"level":"info","message":"Database connection established successfully at skilio-customer","service":"user-service"}
{"code":"42703","driverError":{"code":"42703","file":"parse_relation.c","length":120,"line":"3721","name":"error","position":"50","routine":"errorMissingColumn","severity":"ERROR"},"file":"parse_relation.c","length":120,"level":"error","line":"3721","message":"Error loading provider configurations: column SystemConfig.createdAt does not exist","parameters":[],"position":"50","query":"SELECT \"SystemConfig\".\"id\" AS \"SystemConfig_id\", \"SystemConfig\".\"createdAt\" AS \"SystemConfig_createdAt\", \"SystemConfig\".\"updatedAt\" AS \"SystemConfig_updatedAt\", \"SystemConfig\".\"providerName\" AS \"SystemConfig_providerName\", \"SystemConfig\".\"medium\" AS \"SystemConfig_medium\", \"SystemConfig\".\"apiKey\" AS \"SystemConfig_apiKey\", \"SystemConfig\".\"apiSecret\" AS \"SystemConfig_apiSecret\", \"SystemConfig\".\"twilioPhoneNumber\" AS \"SystemConfig_twilioPhoneNumber\" FROM \"system_config\" \"SystemConfig\"","routine":"errorMissingColumn","service":"user-service","severity":"ERROR","stack":"QueryFailedError: column SystemConfig.createdAt does not exist\n    at PostgresQueryRunner.query (C:\\Users\\Roshan Chaudhary\\Desktop\\skilio-customerMs\\src\\driver\\postgres\\PostgresQueryRunner.ts:325:19)\n    at processTicksAndRejections (node:internal/process/task_queues:105:5)\n    at SelectQueryBuilder.loadRawResults (C:\\Users\\Roshan Chaudhary\\Desktop\\skilio-customerMs\\src\\query-builder\\SelectQueryBuilder.ts:3863:25)\n    at SelectQueryBuilder.executeEntitiesAndRawResults (C:\\Users\\Roshan Chaudhary\\Desktop\\skilio-customerMs\\src\\query-builder\\SelectQueryBuilder.ts:3609:26)\n    at SelectQueryBuilder.getRawAndEntities (C:\\Users\\Roshan Chaudhary\\Desktop\\skilio-customerMs\\src\\query-builder\\SelectQueryBuilder.ts:1671:29)\n    at SelectQueryBuilder.getMany (C:\\Users\\Roshan Chaudhary\\Desktop\\skilio-customerMs\\src\\query-builder\\SelectQueryBuilder.ts:1761:25)\n    at SystemConfigStore.loadConfigs (C:\\Users\\Roshan Chaudhary\\Desktop\\skilio-customerMs\\src\\app\\config\\systemConfigStore.ts:12:32)\n    at C:\\Users\\Roshan Chaudhary\\Desktop\\skilio-customerMs\\src\\server.ts:52:5"}
{"level":"info","message":"Listening at port number 3000","service":"user-service"}
{"level":"info","message":"Database connection established successfully at skilio-customer","service":"user-service"}
{"code":"42703","driverError":{"code":"42703","file":"parse_relation.c","length":120,"line":"3721","name":"error","position":"50","routine":"errorMissingColumn","severity":"ERROR"},"file":"parse_relation.c","length":120,"level":"error","line":"3721","message":"Error loading provider configurations: column SystemConfig.createdAt does not exist","parameters":[],"position":"50","query":"SELECT \"SystemConfig\".\"id\" AS \"SystemConfig_id\", \"SystemConfig\".\"createdAt\" AS \"SystemConfig_createdAt\", \"SystemConfig\".\"updatedAt\" AS \"SystemConfig_updatedAt\", \"SystemConfig\".\"providerName\" AS \"SystemConfig_providerName\", \"SystemConfig\".\"medium\" AS \"SystemConfig_medium\", \"SystemConfig\".\"apiKey\" AS \"SystemConfig_apiKey\", \"SystemConfig\".\"apiSecret\" AS \"SystemConfig_apiSecret\", \"SystemConfig\".\"twilioPhoneNumber\" AS \"SystemConfig_twilioPhoneNumber\" FROM \"system_config\" \"SystemConfig\"","routine":"errorMissingColumn","service":"user-service","severity":"ERROR","stack":"QueryFailedError: column SystemConfig.createdAt does not exist\n    at PostgresQueryRunner.query (C:\\Users\\Roshan Chaudhary\\Desktop\\skilio-customerMs\\src\\driver\\postgres\\PostgresQueryRunner.ts:325:19)\n    at processTicksAndRejections (node:internal/process/task_queues:105:5)\n    at SelectQueryBuilder.loadRawResults (C:\\Users\\Roshan Chaudhary\\Desktop\\skilio-customerMs\\src\\query-builder\\SelectQueryBuilder.ts:3863:25)\n    at SelectQueryBuilder.executeEntitiesAndRawResults (C:\\Users\\Roshan Chaudhary\\Desktop\\skilio-customerMs\\src\\query-builder\\SelectQueryBuilder.ts:3609:26)\n    at SelectQueryBuilder.getRawAndEntities (C:\\Users\\Roshan Chaudhary\\Desktop\\skilio-customerMs\\src\\query-builder\\SelectQueryBuilder.ts:1671:29)\n    at SelectQueryBuilder.getMany (C:\\Users\\Roshan Chaudhary\\Desktop\\skilio-customerMs\\src\\query-builder\\SelectQueryBuilder.ts:1761:25)\n    at SystemConfigStore.loadConfigs (C:\\Users\\Roshan Chaudhary\\Desktop\\skilio-customerMs\\src\\app\\config\\systemConfigStore.ts:12:32)\n    at C:\\Users\\Roshan Chaudhary\\Desktop\\skilio-customerMs\\src\\server.ts:52:5"}
{"level":"info","message":"Listening at port number 3000","service":"user-service"}
{"level":"info","message":"Database connection established successfully at skilio-customer","service":"user-service"}
{"code":"42703","driverError":{"code":"42703","file":"parse_relation.c","length":120,"line":"3721","name":"error","position":"50","routine":"errorMissingColumn","severity":"ERROR"},"file":"parse_relation.c","length":120,"level":"error","line":"3721","message":"Error loading provider configurations: column SystemConfig.createdAt does not exist","parameters":[],"position":"50","query":"SELECT \"SystemConfig\".\"id\" AS \"SystemConfig_id\", \"SystemConfig\".\"createdAt\" AS \"SystemConfig_createdAt\", \"SystemConfig\".\"updatedAt\" AS \"SystemConfig_updatedAt\", \"SystemConfig\".\"providerName\" AS \"SystemConfig_providerName\", \"SystemConfig\".\"medium\" AS \"SystemConfig_medium\", \"SystemConfig\".\"apiKey\" AS \"SystemConfig_apiKey\", \"SystemConfig\".\"apiSecret\" AS \"SystemConfig_apiSecret\", \"SystemConfig\".\"twilioPhoneNumber\" AS \"SystemConfig_twilioPhoneNumber\" FROM \"system_config\" \"SystemConfig\"","routine":"errorMissingColumn","service":"user-service","severity":"ERROR","stack":"QueryFailedError: column SystemConfig.createdAt does not exist\n    at PostgresQueryRunner.query (C:\\Users\\Roshan Chaudhary\\Desktop\\skilio-customerMs\\src\\driver\\postgres\\PostgresQueryRunner.ts:325:19)\n    at processTicksAndRejections (node:internal/process/task_queues:105:5)\n    at SelectQueryBuilder.loadRawResults (C:\\Users\\Roshan Chaudhary\\Desktop\\skilio-customerMs\\src\\query-builder\\SelectQueryBuilder.ts:3863:25)\n    at SelectQueryBuilder.executeEntitiesAndRawResults (C:\\Users\\Roshan Chaudhary\\Desktop\\skilio-customerMs\\src\\query-builder\\SelectQueryBuilder.ts:3609:26)\n    at SelectQueryBuilder.getRawAndEntities (C:\\Users\\Roshan Chaudhary\\Desktop\\skilio-customerMs\\src\\query-builder\\SelectQueryBuilder.ts:1671:29)\n    at SelectQueryBuilder.getMany (C:\\Users\\Roshan Chaudhary\\Desktop\\skilio-customerMs\\src\\query-builder\\SelectQueryBuilder.ts:1761:25)\n    at SystemConfigStore.loadConfigs (C:\\Users\\Roshan Chaudhary\\Desktop\\skilio-customerMs\\src\\app\\config\\systemConfigStore.ts:12:32)\n    at C:\\Users\\Roshan Chaudhary\\Desktop\\skilio-customerMs\\src\\server.ts:52:5"}
{"level":"info","message":"Listening at port number 3000","service":"user-service"}
{"level":"info","message":"Database connection established successfully at skilio-customer","service":"user-service"}
{"code":"42703","driverError":{"code":"42703","file":"parse_relation.c","length":120,"line":"3721","name":"error","position":"50","routine":"errorMissingColumn","severity":"ERROR"},"file":"parse_relation.c","length":120,"level":"error","line":"3721","message":"Error loading provider configurations: column SystemConfig.createdAt does not exist","parameters":[],"position":"50","query":"SELECT \"SystemConfig\".\"id\" AS \"SystemConfig_id\", \"SystemConfig\".\"createdAt\" AS \"SystemConfig_createdAt\", \"SystemConfig\".\"updatedAt\" AS \"SystemConfig_updatedAt\", \"SystemConfig\".\"providerName\" AS \"SystemConfig_providerName\", \"SystemConfig\".\"medium\" AS \"SystemConfig_medium\", \"SystemConfig\".\"apiKey\" AS \"SystemConfig_apiKey\", \"SystemConfig\".\"apiSecret\" AS \"SystemConfig_apiSecret\", \"SystemConfig\".\"twilioPhoneNumber\" AS \"SystemConfig_twilioPhoneNumber\" FROM \"system_config\" \"SystemConfig\"","routine":"errorMissingColumn","service":"user-service","severity":"ERROR","stack":"QueryFailedError: column SystemConfig.createdAt does not exist\n    at PostgresQueryRunner.query (C:\\Users\\Roshan Chaudhary\\Desktop\\skilio-customerMs\\src\\driver\\postgres\\PostgresQueryRunner.ts:325:19)\n    at processTicksAndRejections (node:internal/process/task_queues:105:5)\n    at SelectQueryBuilder.loadRawResults (C:\\Users\\Roshan Chaudhary\\Desktop\\skilio-customerMs\\src\\query-builder\\SelectQueryBuilder.ts:3863:25)\n    at SelectQueryBuilder.executeEntitiesAndRawResults (C:\\Users\\Roshan Chaudhary\\Desktop\\skilio-customerMs\\src\\query-builder\\SelectQueryBuilder.ts:3609:26)\n    at SelectQueryBuilder.getRawAndEntities (C:\\Users\\Roshan Chaudhary\\Desktop\\skilio-customerMs\\src\\query-builder\\SelectQueryBuilder.ts:1671:29)\n    at SelectQueryBuilder.getMany (C:\\Users\\Roshan Chaudhary\\Desktop\\skilio-customerMs\\src\\query-builder\\SelectQueryBuilder.ts:1761:25)\n    at SystemConfigStore.loadConfigs (C:\\Users\\Roshan Chaudhary\\Desktop\\skilio-customerMs\\src\\app\\config\\systemConfigStore.ts:12:32)\n    at C:\\Users\\Roshan Chaudhary\\Desktop\\skilio-customerMs\\src\\server.ts:52:5"}
{"level":"info","message":"Listening at port number 3000","service":"user-service"}
{"level":"info","message":"Database connection established successfully at skilio-customer","service":"user-service"}
{"code":"42703","driverError":{"code":"42703","file":"parse_relation.c","length":120,"line":"3721","name":"error","position":"50","routine":"errorMissingColumn","severity":"ERROR"},"file":"parse_relation.c","length":120,"level":"error","line":"3721","message":"Error loading provider configurations: column SystemConfig.createdAt does not exist","parameters":[],"position":"50","query":"SELECT \"SystemConfig\".\"id\" AS \"SystemConfig_id\", \"SystemConfig\".\"createdAt\" AS \"SystemConfig_createdAt\", \"SystemConfig\".\"updatedAt\" AS \"SystemConfig_updatedAt\", \"SystemConfig\".\"providerName\" AS \"SystemConfig_providerName\", \"SystemConfig\".\"medium\" AS \"SystemConfig_medium\", \"SystemConfig\".\"apiKey\" AS \"SystemConfig_apiKey\", \"SystemConfig\".\"apiSecret\" AS \"SystemConfig_apiSecret\", \"SystemConfig\".\"twilioPhoneNumber\" AS \"SystemConfig_twilioPhoneNumber\" FROM \"system_config\" \"SystemConfig\"","routine":"errorMissingColumn","service":"user-service","severity":"ERROR","stack":"QueryFailedError: column SystemConfig.createdAt does not exist\n    at PostgresQueryRunner.query (C:\\Users\\Roshan Chaudhary\\Desktop\\skilio-customerMs\\src\\driver\\postgres\\PostgresQueryRunner.ts:325:19)\n    at processTicksAndRejections (node:internal/process/task_queues:105:5)\n    at SelectQueryBuilder.loadRawResults (C:\\Users\\Roshan Chaudhary\\Desktop\\skilio-customerMs\\src\\query-builder\\SelectQueryBuilder.ts:3863:25)\n    at SelectQueryBuilder.executeEntitiesAndRawResults (C:\\Users\\Roshan Chaudhary\\Desktop\\skilio-customerMs\\src\\query-builder\\SelectQueryBuilder.ts:3609:26)\n    at SelectQueryBuilder.getRawAndEntities (C:\\Users\\Roshan Chaudhary\\Desktop\\skilio-customerMs\\src\\query-builder\\SelectQueryBuilder.ts:1671:29)\n    at SelectQueryBuilder.getMany (C:\\Users\\Roshan Chaudhary\\Desktop\\skilio-customerMs\\src\\query-builder\\SelectQueryBuilder.ts:1761:25)\n    at SystemConfigStore.loadConfigs (C:\\Users\\Roshan Chaudhary\\Desktop\\skilio-customerMs\\src\\app\\config\\systemConfigStore.ts:12:32)\n    at C:\\Users\\Roshan Chaudhary\\Desktop\\skilio-customerMs\\src\\server.ts:52:5"}
{"level":"info","message":"Listening at port number 3000","service":"user-service"}
{"level":"info","message":"Database connection established successfully at skilio-customer","service":"user-service"}
{"code":"42703","driverError":{"code":"42703","file":"parse_relation.c","length":120,"line":"3721","name":"error","position":"50","routine":"errorMissingColumn","severity":"ERROR"},"file":"parse_relation.c","length":120,"level":"error","line":"3721","message":"Error loading provider configurations: column SystemConfig.createdAt does not exist","parameters":[],"position":"50","query":"SELECT \"SystemConfig\".\"id\" AS \"SystemConfig_id\", \"SystemConfig\".\"createdAt\" AS \"SystemConfig_createdAt\", \"SystemConfig\".\"updatedAt\" AS \"SystemConfig_updatedAt\", \"SystemConfig\".\"providerName\" AS \"SystemConfig_providerName\", \"SystemConfig\".\"medium\" AS \"SystemConfig_medium\", \"SystemConfig\".\"apiKey\" AS \"SystemConfig_apiKey\", \"SystemConfig\".\"apiSecret\" AS \"SystemConfig_apiSecret\", \"SystemConfig\".\"twilioPhoneNumber\" AS \"SystemConfig_twilioPhoneNumber\" FROM \"system_config\" \"SystemConfig\"","routine":"errorMissingColumn","service":"user-service","severity":"ERROR","stack":"QueryFailedError: column SystemConfig.createdAt does not exist\n    at PostgresQueryRunner.query (C:\\Users\\Roshan Chaudhary\\Desktop\\skilio-customerMs\\src\\driver\\postgres\\PostgresQueryRunner.ts:325:19)\n    at processTicksAndRejections (node:internal/process/task_queues:105:5)\n    at SelectQueryBuilder.loadRawResults (C:\\Users\\Roshan Chaudhary\\Desktop\\skilio-customerMs\\src\\query-builder\\SelectQueryBuilder.ts:3863:25)\n    at SelectQueryBuilder.executeEntitiesAndRawResults (C:\\Users\\Roshan Chaudhary\\Desktop\\skilio-customerMs\\src\\query-builder\\SelectQueryBuilder.ts:3609:26)\n    at SelectQueryBuilder.getRawAndEntities (C:\\Users\\Roshan Chaudhary\\Desktop\\skilio-customerMs\\src\\query-builder\\SelectQueryBuilder.ts:1671:29)\n    at SelectQueryBuilder.getMany (C:\\Users\\Roshan Chaudhary\\Desktop\\skilio-customerMs\\src\\query-builder\\SelectQueryBuilder.ts:1761:25)\n    at SystemConfigStore.loadConfigs (C:\\Users\\Roshan Chaudhary\\Desktop\\skilio-customerMs\\src\\app\\config\\systemConfigStore.ts:12:32)\n    at C:\\Users\\Roshan Chaudhary\\Desktop\\skilio-customerMs\\src\\server.ts:52:5"}
{"level":"info","message":"Listening at port number 3000","service":"user-service"}
{"level":"info","message":"Database connection established successfully at skilio-customer","service":"user-service"}
{"code":"42703","driverError":{"code":"42703","file":"parse_relation.c","length":120,"line":"3721","name":"error","position":"50","routine":"errorMissingColumn","severity":"ERROR"},"file":"parse_relation.c","length":120,"level":"error","line":"3721","message":"Error loading provider configurations: column SystemConfig.createdAt does not exist","parameters":[],"position":"50","query":"SELECT \"SystemConfig\".\"id\" AS \"SystemConfig_id\", \"SystemConfig\".\"createdAt\" AS \"SystemConfig_createdAt\", \"SystemConfig\".\"updatedAt\" AS \"SystemConfig_updatedAt\", \"SystemConfig\".\"providerName\" AS \"SystemConfig_providerName\", \"SystemConfig\".\"medium\" AS \"SystemConfig_medium\", \"SystemConfig\".\"apiKey\" AS \"SystemConfig_apiKey\", \"SystemConfig\".\"apiSecret\" AS \"SystemConfig_apiSecret\", \"SystemConfig\".\"twilioPhoneNumber\" AS \"SystemConfig_twilioPhoneNumber\" FROM \"system_config\" \"SystemConfig\"","routine":"errorMissingColumn","service":"user-service","severity":"ERROR","stack":"QueryFailedError: column SystemConfig.createdAt does not exist\n    at PostgresQueryRunner.query (C:\\Users\\Roshan Chaudhary\\Desktop\\skilio-customerMs\\src\\driver\\postgres\\PostgresQueryRunner.ts:325:19)\n    at processTicksAndRejections (node:internal/process/task_queues:105:5)\n    at SelectQueryBuilder.loadRawResults (C:\\Users\\Roshan Chaudhary\\Desktop\\skilio-customerMs\\src\\query-builder\\SelectQueryBuilder.ts:3863:25)\n    at SelectQueryBuilder.executeEntitiesAndRawResults (C:\\Users\\Roshan Chaudhary\\Desktop\\skilio-customerMs\\src\\query-builder\\SelectQueryBuilder.ts:3609:26)\n    at SelectQueryBuilder.getRawAndEntities (C:\\Users\\Roshan Chaudhary\\Desktop\\skilio-customerMs\\src\\query-builder\\SelectQueryBuilder.ts:1671:29)\n    at SelectQueryBuilder.getMany (C:\\Users\\Roshan Chaudhary\\Desktop\\skilio-customerMs\\src\\query-builder\\SelectQueryBuilder.ts:1761:25)\n    at SystemConfigStore.loadConfigs (C:\\Users\\Roshan Chaudhary\\Desktop\\skilio-customerMs\\src\\app\\config\\systemConfigStore.ts:12:32)\n    at C:\\Users\\Roshan Chaudhary\\Desktop\\skilio-customerMs\\src\\server.ts:52:5"}
{"level":"info","message":"Listening at port number 3000","service":"user-service"}
{"level":"info","message":"Database connection established successfully at skilio-customer","service":"user-service"}
{"code":"42703","driverError":{"code":"42703","file":"parse_relation.c","length":120,"line":"3721","name":"error","position":"50","routine":"errorMissingColumn","severity":"ERROR"},"file":"parse_relation.c","length":120,"level":"error","line":"3721","message":"Error loading provider configurations: column SystemConfig.createdAt does not exist","parameters":[],"position":"50","query":"SELECT \"SystemConfig\".\"id\" AS \"SystemConfig_id\", \"SystemConfig\".\"createdAt\" AS \"SystemConfig_createdAt\", \"SystemConfig\".\"updatedAt\" AS \"SystemConfig_updatedAt\", \"SystemConfig\".\"providerName\" AS \"SystemConfig_providerName\", \"SystemConfig\".\"medium\" AS \"SystemConfig_medium\", \"SystemConfig\".\"apiKey\" AS \"SystemConfig_apiKey\", \"SystemConfig\".\"apiSecret\" AS \"SystemConfig_apiSecret\", \"SystemConfig\".\"twilioPhoneNumber\" AS \"SystemConfig_twilioPhoneNumber\" FROM \"system_config\" \"SystemConfig\"","routine":"errorMissingColumn","service":"user-service","severity":"ERROR","stack":"QueryFailedError: column SystemConfig.createdAt does not exist\n    at PostgresQueryRunner.query (C:\\Users\\Roshan Chaudhary\\Desktop\\skilio-customerMs\\src\\driver\\postgres\\PostgresQueryRunner.ts:325:19)\n    at processTicksAndRejections (node:internal/process/task_queues:105:5)\n    at SelectQueryBuilder.loadRawResults (C:\\Users\\Roshan Chaudhary\\Desktop\\skilio-customerMs\\src\\query-builder\\SelectQueryBuilder.ts:3863:25)\n    at SelectQueryBuilder.executeEntitiesAndRawResults (C:\\Users\\Roshan Chaudhary\\Desktop\\skilio-customerMs\\src\\query-builder\\SelectQueryBuilder.ts:3609:26)\n    at SelectQueryBuilder.getRawAndEntities (C:\\Users\\Roshan Chaudhary\\Desktop\\skilio-customerMs\\src\\query-builder\\SelectQueryBuilder.ts:1671:29)\n    at SelectQueryBuilder.getMany (C:\\Users\\Roshan Chaudhary\\Desktop\\skilio-customerMs\\src\\query-builder\\SelectQueryBuilder.ts:1761:25)\n    at SystemConfigStore.loadConfigs (C:\\Users\\Roshan Chaudhary\\Desktop\\skilio-customerMs\\src\\app\\config\\systemConfigStore.ts:12:32)\n    at C:\\Users\\Roshan Chaudhary\\Desktop\\skilio-customerMs\\src\\server.ts:52:5"}
{"level":"info","message":"Listening at port number 3000","service":"user-service"}
{"level":"info","message":"Database connection established successfully at skilio-customer","service":"user-service"}
{"code":"42703","driverError":{"code":"42703","file":"parse_relation.c","length":120,"line":"3721","name":"error","position":"50","routine":"errorMissingColumn","severity":"ERROR"},"file":"parse_relation.c","length":120,"level":"error","line":"3721","message":"Error loading provider configurations: column SystemConfig.createdAt does not exist","parameters":[],"position":"50","query":"SELECT \"SystemConfig\".\"id\" AS \"SystemConfig_id\", \"SystemConfig\".\"createdAt\" AS \"SystemConfig_createdAt\", \"SystemConfig\".\"updatedAt\" AS \"SystemConfig_updatedAt\", \"SystemConfig\".\"providerName\" AS \"SystemConfig_providerName\", \"SystemConfig\".\"medium\" AS \"SystemConfig_medium\", \"SystemConfig\".\"apiKey\" AS \"SystemConfig_apiKey\", \"SystemConfig\".\"apiSecret\" AS \"SystemConfig_apiSecret\", \"SystemConfig\".\"twilioPhoneNumber\" AS \"SystemConfig_twilioPhoneNumber\" FROM \"system_config\" \"SystemConfig\"","routine":"errorMissingColumn","service":"user-service","severity":"ERROR","stack":"QueryFailedError: column SystemConfig.createdAt does not exist\n    at PostgresQueryRunner.query (C:\\Users\\Roshan Chaudhary\\Desktop\\skilio-customerMs\\src\\driver\\postgres\\PostgresQueryRunner.ts:325:19)\n    at processTicksAndRejections (node:internal/process/task_queues:105:5)\n    at SelectQueryBuilder.loadRawResults (C:\\Users\\Roshan Chaudhary\\Desktop\\skilio-customerMs\\src\\query-builder\\SelectQueryBuilder.ts:3863:25)\n    at SelectQueryBuilder.executeEntitiesAndRawResults (C:\\Users\\Roshan Chaudhary\\Desktop\\skilio-customerMs\\src\\query-builder\\SelectQueryBuilder.ts:3609:26)\n    at SelectQueryBuilder.getRawAndEntities (C:\\Users\\Roshan Chaudhary\\Desktop\\skilio-customerMs\\src\\query-builder\\SelectQueryBuilder.ts:1671:29)\n    at SelectQueryBuilder.getMany (C:\\Users\\Roshan Chaudhary\\Desktop\\skilio-customerMs\\src\\query-builder\\SelectQueryBuilder.ts:1761:25)\n    at SystemConfigStore.loadConfigs (C:\\Users\\Roshan Chaudhary\\Desktop\\skilio-customerMs\\src\\app\\config\\systemConfigStore.ts:12:32)\n    at C:\\Users\\Roshan Chaudhary\\Desktop\\skilio-customerMs\\src\\server.ts:52:5"}
{"level":"info","message":"Listening at port number 3000","service":"user-service"}
{"level":"info","message":"Database connection established successfully at skilio-customer","service":"user-service"}
{"code":"42703","driverError":{"code":"42703","file":"parse_relation.c","length":120,"line":"3721","name":"error","position":"50","routine":"errorMissingColumn","severity":"ERROR"},"file":"parse_relation.c","length":120,"level":"error","line":"3721","message":"Error loading provider configurations: column SystemConfig.createdAt does not exist","parameters":[],"position":"50","query":"SELECT \"SystemConfig\".\"id\" AS \"SystemConfig_id\", \"SystemConfig\".\"createdAt\" AS \"SystemConfig_createdAt\", \"SystemConfig\".\"updatedAt\" AS \"SystemConfig_updatedAt\", \"SystemConfig\".\"providerName\" AS \"SystemConfig_providerName\", \"SystemConfig\".\"medium\" AS \"SystemConfig_medium\", \"SystemConfig\".\"apiKey\" AS \"SystemConfig_apiKey\", \"SystemConfig\".\"apiSecret\" AS \"SystemConfig_apiSecret\", \"SystemConfig\".\"twilioPhoneNumber\" AS \"SystemConfig_twilioPhoneNumber\" FROM \"system_config\" \"SystemConfig\"","routine":"errorMissingColumn","service":"user-service","severity":"ERROR","stack":"QueryFailedError: column SystemConfig.createdAt does not exist\n    at PostgresQueryRunner.query (C:\\Users\\Roshan Chaudhary\\Desktop\\skilio-customerMs\\src\\driver\\postgres\\PostgresQueryRunner.ts:325:19)\n    at processTicksAndRejections (node:internal/process/task_queues:105:5)\n    at SelectQueryBuilder.loadRawResults (C:\\Users\\Roshan Chaudhary\\Desktop\\skilio-customerMs\\src\\query-builder\\SelectQueryBuilder.ts:3863:25)\n    at SelectQueryBuilder.executeEntitiesAndRawResults (C:\\Users\\Roshan Chaudhary\\Desktop\\skilio-customerMs\\src\\query-builder\\SelectQueryBuilder.ts:3609:26)\n    at SelectQueryBuilder.getRawAndEntities (C:\\Users\\Roshan Chaudhary\\Desktop\\skilio-customerMs\\src\\query-builder\\SelectQueryBuilder.ts:1671:29)\n    at SelectQueryBuilder.getMany (C:\\Users\\Roshan Chaudhary\\Desktop\\skilio-customerMs\\src\\query-builder\\SelectQueryBuilder.ts:1761:25)\n    at SystemConfigStore.loadConfigs (C:\\Users\\Roshan Chaudhary\\Desktop\\skilio-customerMs\\src\\app\\config\\systemConfigStore.ts:12:32)\n    at C:\\Users\\Roshan Chaudhary\\Desktop\\skilio-customerMs\\src\\server.ts:52:5"}
{"level":"info","message":"Listening at port number 3000","service":"user-service"}
{"level":"info","message":"Database connection established successfully at skilio-customer","service":"user-service"}
{"code":"42703","driverError":{"code":"42703","file":"parse_relation.c","length":120,"line":"3721","name":"error","position":"50","routine":"errorMissingColumn","severity":"ERROR"},"file":"parse_relation.c","length":120,"level":"error","line":"3721","message":"Error loading provider configurations: column SystemConfig.createdAt does not exist","parameters":[],"position":"50","query":"SELECT \"SystemConfig\".\"id\" AS \"SystemConfig_id\", \"SystemConfig\".\"createdAt\" AS \"SystemConfig_createdAt\", \"SystemConfig\".\"updatedAt\" AS \"SystemConfig_updatedAt\", \"SystemConfig\".\"providerName\" AS \"SystemConfig_providerName\", \"SystemConfig\".\"medium\" AS \"SystemConfig_medium\", \"SystemConfig\".\"apiKey\" AS \"SystemConfig_apiKey\", \"SystemConfig\".\"apiSecret\" AS \"SystemConfig_apiSecret\", \"SystemConfig\".\"twilioPhoneNumber\" AS \"SystemConfig_twilioPhoneNumber\" FROM \"system_config\" \"SystemConfig\"","routine":"errorMissingColumn","service":"user-service","severity":"ERROR","stack":"QueryFailedError: column SystemConfig.createdAt does not exist\n    at PostgresQueryRunner.query (C:\\Users\\Roshan Chaudhary\\Desktop\\skilio-customerMs\\src\\driver\\postgres\\PostgresQueryRunner.ts:325:19)\n    at processTicksAndRejections (node:internal/process/task_queues:105:5)\n    at SelectQueryBuilder.loadRawResults (C:\\Users\\Roshan Chaudhary\\Desktop\\skilio-customerMs\\src\\query-builder\\SelectQueryBuilder.ts:3863:25)\n    at SelectQueryBuilder.executeEntitiesAndRawResults (C:\\Users\\Roshan Chaudhary\\Desktop\\skilio-customerMs\\src\\query-builder\\SelectQueryBuilder.ts:3609:26)\n    at SelectQueryBuilder.getRawAndEntities (C:\\Users\\Roshan Chaudhary\\Desktop\\skilio-customerMs\\src\\query-builder\\SelectQueryBuilder.ts:1671:29)\n    at SelectQueryBuilder.getMany (C:\\Users\\Roshan Chaudhary\\Desktop\\skilio-customerMs\\src\\query-builder\\SelectQueryBuilder.ts:1761:25)\n    at SystemConfigStore.loadConfigs (C:\\Users\\Roshan Chaudhary\\Desktop\\skilio-customerMs\\src\\app\\config\\systemConfigStore.ts:12:32)\n    at C:\\Users\\Roshan Chaudhary\\Desktop\\skilio-customerMs\\src\\server.ts:52:5"}
{"level":"info","message":"Listening at port number 3000","service":"user-service"}
{"level":"info","message":"Database connection established successfully at skilio-customer","service":"user-service"}
{"code":"42703","driverError":{"code":"42703","file":"parse_relation.c","length":120,"line":"3721","name":"error","position":"50","routine":"errorMissingColumn","severity":"ERROR"},"file":"parse_relation.c","length":120,"level":"error","line":"3721","message":"Error loading provider configurations: column SystemConfig.createdAt does not exist","parameters":[],"position":"50","query":"SELECT \"SystemConfig\".\"id\" AS \"SystemConfig_id\", \"SystemConfig\".\"createdAt\" AS \"SystemConfig_createdAt\", \"SystemConfig\".\"updatedAt\" AS \"SystemConfig_updatedAt\", \"SystemConfig\".\"providerName\" AS \"SystemConfig_providerName\", \"SystemConfig\".\"medium\" AS \"SystemConfig_medium\", \"SystemConfig\".\"apiKey\" AS \"SystemConfig_apiKey\", \"SystemConfig\".\"apiSecret\" AS \"SystemConfig_apiSecret\", \"SystemConfig\".\"twilioPhoneNumber\" AS \"SystemConfig_twilioPhoneNumber\" FROM \"system_config\" \"SystemConfig\"","routine":"errorMissingColumn","service":"user-service","severity":"ERROR","stack":"QueryFailedError: column SystemConfig.createdAt does not exist\n    at PostgresQueryRunner.query (C:\\Users\\Roshan Chaudhary\\Desktop\\skilio-customerMs\\src\\driver\\postgres\\PostgresQueryRunner.ts:325:19)\n    at processTicksAndRejections (node:internal/process/task_queues:105:5)\n    at SelectQueryBuilder.loadRawResults (C:\\Users\\Roshan Chaudhary\\Desktop\\skilio-customerMs\\src\\query-builder\\SelectQueryBuilder.ts:3863:25)\n    at SelectQueryBuilder.executeEntitiesAndRawResults (C:\\Users\\Roshan Chaudhary\\Desktop\\skilio-customerMs\\src\\query-builder\\SelectQueryBuilder.ts:3609:26)\n    at SelectQueryBuilder.getRawAndEntities (C:\\Users\\Roshan Chaudhary\\Desktop\\skilio-customerMs\\src\\query-builder\\SelectQueryBuilder.ts:1671:29)\n    at SelectQueryBuilder.getMany (C:\\Users\\Roshan Chaudhary\\Desktop\\skilio-customerMs\\src\\query-builder\\SelectQueryBuilder.ts:1761:25)\n    at SystemConfigStore.loadConfigs (C:\\Users\\Roshan Chaudhary\\Desktop\\skilio-customerMs\\src\\app\\config\\systemConfigStore.ts:12:32)\n    at C:\\Users\\Roshan Chaudhary\\Desktop\\skilio-customerMs\\src\\server.ts:52:5"}
{"level":"info","message":"Listening at port number 3000","service":"user-service"}
{"level":"info","message":"Database connection established successfully at skilio-customer","service":"user-service"}
{"code":"42703","driverError":{"code":"42703","file":"parse_relation.c","length":120,"line":"3721","name":"error","position":"50","routine":"errorMissingColumn","severity":"ERROR"},"file":"parse_relation.c","length":120,"level":"error","line":"3721","message":"Error loading provider configurations: column SystemConfig.createdAt does not exist","parameters":[],"position":"50","query":"SELECT \"SystemConfig\".\"id\" AS \"SystemConfig_id\", \"SystemConfig\".\"createdAt\" AS \"SystemConfig_createdAt\", \"SystemConfig\".\"updatedAt\" AS \"SystemConfig_updatedAt\", \"SystemConfig\".\"providerName\" AS \"SystemConfig_providerName\", \"SystemConfig\".\"medium\" AS \"SystemConfig_medium\", \"SystemConfig\".\"apiKey\" AS \"SystemConfig_apiKey\", \"SystemConfig\".\"apiSecret\" AS \"SystemConfig_apiSecret\", \"SystemConfig\".\"twilioPhoneNumber\" AS \"SystemConfig_twilioPhoneNumber\" FROM \"system_config\" \"SystemConfig\"","routine":"errorMissingColumn","service":"user-service","severity":"ERROR","stack":"QueryFailedError: column SystemConfig.createdAt does not exist\n    at PostgresQueryRunner.query (C:\\Users\\Roshan Chaudhary\\Desktop\\skilio-customerMs\\src\\driver\\postgres\\PostgresQueryRunner.ts:325:19)\n    at processTicksAndRejections (node:internal/process/task_queues:105:5)\n    at SelectQueryBuilder.loadRawResults (C:\\Users\\Roshan Chaudhary\\Desktop\\skilio-customerMs\\src\\query-builder\\SelectQueryBuilder.ts:3863:25)\n    at SelectQueryBuilder.executeEntitiesAndRawResults (C:\\Users\\Roshan Chaudhary\\Desktop\\skilio-customerMs\\src\\query-builder\\SelectQueryBuilder.ts:3609:26)\n    at SelectQueryBuilder.getRawAndEntities (C:\\Users\\Roshan Chaudhary\\Desktop\\skilio-customerMs\\src\\query-builder\\SelectQueryBuilder.ts:1671:29)\n    at SelectQueryBuilder.getMany (C:\\Users\\Roshan Chaudhary\\Desktop\\skilio-customerMs\\src\\query-builder\\SelectQueryBuilder.ts:1761:25)\n    at SystemConfigStore.loadConfigs (C:\\Users\\Roshan Chaudhary\\Desktop\\skilio-customerMs\\src\\app\\config\\systemConfigStore.ts:12:32)\n    at C:\\Users\\Roshan Chaudhary\\Desktop\\skilio-customerMs\\src\\server.ts:52:5"}
{"level":"info","message":"Listening at port number 3000","service":"user-service"}
{"level":"info","message":"Database connection established successfully at skilio-customer","service":"user-service"}
{"code":"42703","driverError":{"code":"42703","file":"parse_relation.c","length":120,"line":"3721","name":"error","position":"50","routine":"errorMissingColumn","severity":"ERROR"},"file":"parse_relation.c","length":120,"level":"error","line":"3721","message":"Error loading provider configurations: column SystemConfig.createdAt does not exist","parameters":[],"position":"50","query":"SELECT \"SystemConfig\".\"id\" AS \"SystemConfig_id\", \"SystemConfig\".\"createdAt\" AS \"SystemConfig_createdAt\", \"SystemConfig\".\"updatedAt\" AS \"SystemConfig_updatedAt\", \"SystemConfig\".\"providerName\" AS \"SystemConfig_providerName\", \"SystemConfig\".\"medium\" AS \"SystemConfig_medium\", \"SystemConfig\".\"apiKey\" AS \"SystemConfig_apiKey\", \"SystemConfig\".\"apiSecret\" AS \"SystemConfig_apiSecret\", \"SystemConfig\".\"twilioPhoneNumber\" AS \"SystemConfig_twilioPhoneNumber\" FROM \"system_config\" \"SystemConfig\"","routine":"errorMissingColumn","service":"user-service","severity":"ERROR","stack":"QueryFailedError: column SystemConfig.createdAt does not exist\n    at PostgresQueryRunner.query (C:\\Users\\Roshan Chaudhary\\Desktop\\skilio-customerMs\\src\\driver\\postgres\\PostgresQueryRunner.ts:325:19)\n    at processTicksAndRejections (node:internal/process/task_queues:105:5)\n    at SelectQueryBuilder.loadRawResults (C:\\Users\\Roshan Chaudhary\\Desktop\\skilio-customerMs\\src\\query-builder\\SelectQueryBuilder.ts:3863:25)\n    at SelectQueryBuilder.executeEntitiesAndRawResults (C:\\Users\\Roshan Chaudhary\\Desktop\\skilio-customerMs\\src\\query-builder\\SelectQueryBuilder.ts:3609:26)\n    at SelectQueryBuilder.getRawAndEntities (C:\\Users\\Roshan Chaudhary\\Desktop\\skilio-customerMs\\src\\query-builder\\SelectQueryBuilder.ts:1671:29)\n    at SelectQueryBuilder.getMany (C:\\Users\\Roshan Chaudhary\\Desktop\\skilio-customerMs\\src\\query-builder\\SelectQueryBuilder.ts:1761:25)\n    at SystemConfigStore.loadConfigs (C:\\Users\\Roshan Chaudhary\\Desktop\\skilio-customerMs\\src\\app\\config\\systemConfigStore.ts:12:32)\n    at C:\\Users\\Roshan Chaudhary\\Desktop\\skilio-customerMs\\src\\server.ts:52:5"}
{"level":"info","message":"Listening at port number 3000","service":"user-service"}
{"level":"info","message":"Database connection established successfully at skilio-customer","service":"user-service"}
{"code":"42703","driverError":{"code":"42703","file":"parse_relation.c","length":120,"line":"3721","name":"error","position":"50","routine":"errorMissingColumn","severity":"ERROR"},"file":"parse_relation.c","length":120,"level":"error","line":"3721","message":"Error loading provider configurations: column SystemConfig.createdAt does not exist","parameters":[],"position":"50","query":"SELECT \"SystemConfig\".\"id\" AS \"SystemConfig_id\", \"SystemConfig\".\"createdAt\" AS \"SystemConfig_createdAt\", \"SystemConfig\".\"updatedAt\" AS \"SystemConfig_updatedAt\", \"SystemConfig\".\"providerName\" AS \"SystemConfig_providerName\", \"SystemConfig\".\"medium\" AS \"SystemConfig_medium\", \"SystemConfig\".\"apiKey\" AS \"SystemConfig_apiKey\", \"SystemConfig\".\"apiSecret\" AS \"SystemConfig_apiSecret\", \"SystemConfig\".\"twilioPhoneNumber\" AS \"SystemConfig_twilioPhoneNumber\" FROM \"system_config\" \"SystemConfig\"","routine":"errorMissingColumn","service":"user-service","severity":"ERROR","stack":"QueryFailedError: column SystemConfig.createdAt does not exist\n    at PostgresQueryRunner.query (C:\\Users\\Roshan Chaudhary\\Desktop\\skilio-customerMs\\src\\driver\\postgres\\PostgresQueryRunner.ts:325:19)\n    at processTicksAndRejections (node:internal/process/task_queues:105:5)\n    at SelectQueryBuilder.loadRawResults (C:\\Users\\Roshan Chaudhary\\Desktop\\skilio-customerMs\\src\\query-builder\\SelectQueryBuilder.ts:3863:25)\n    at SelectQueryBuilder.executeEntitiesAndRawResults (C:\\Users\\Roshan Chaudhary\\Desktop\\skilio-customerMs\\src\\query-builder\\SelectQueryBuilder.ts:3609:26)\n    at SelectQueryBuilder.getRawAndEntities (C:\\Users\\Roshan Chaudhary\\Desktop\\skilio-customerMs\\src\\query-builder\\SelectQueryBuilder.ts:1671:29)\n    at SelectQueryBuilder.getMany (C:\\Users\\Roshan Chaudhary\\Desktop\\skilio-customerMs\\src\\query-builder\\SelectQueryBuilder.ts:1761:25)\n    at SystemConfigStore.loadConfigs (C:\\Users\\Roshan Chaudhary\\Desktop\\skilio-customerMs\\src\\app\\config\\systemConfigStore.ts:12:32)\n    at C:\\Users\\Roshan Chaudhary\\Desktop\\skilio-customerMs\\src\\server.ts:52:5"}
{"level":"info","message":"Listening at port number 3000","service":"user-service"}
{"level":"info","message":"Database connection established successfully at skilio-customer","service":"user-service"}
{"code":"42703","driverError":{"code":"42703","file":"parse_relation.c","length":120,"line":"3721","name":"error","position":"50","routine":"errorMissingColumn","severity":"ERROR"},"file":"parse_relation.c","length":120,"level":"error","line":"3721","message":"Error loading provider configurations: column SystemConfig.createdAt does not exist","parameters":[],"position":"50","query":"SELECT \"SystemConfig\".\"id\" AS \"SystemConfig_id\", \"SystemConfig\".\"createdAt\" AS \"SystemConfig_createdAt\", \"SystemConfig\".\"updatedAt\" AS \"SystemConfig_updatedAt\", \"SystemConfig\".\"providerName\" AS \"SystemConfig_providerName\", \"SystemConfig\".\"medium\" AS \"SystemConfig_medium\", \"SystemConfig\".\"apiKey\" AS \"SystemConfig_apiKey\", \"SystemConfig\".\"apiSecret\" AS \"SystemConfig_apiSecret\", \"SystemConfig\".\"twilioPhoneNumber\" AS \"SystemConfig_twilioPhoneNumber\" FROM \"system_config\" \"SystemConfig\"","routine":"errorMissingColumn","service":"user-service","severity":"ERROR","stack":"QueryFailedError: column SystemConfig.createdAt does not exist\n    at PostgresQueryRunner.query (C:\\Users\\Roshan Chaudhary\\Desktop\\skilio-customerMs\\src\\driver\\postgres\\PostgresQueryRunner.ts:325:19)\n    at processTicksAndRejections (node:internal/process/task_queues:105:5)\n    at SelectQueryBuilder.loadRawResults (C:\\Users\\Roshan Chaudhary\\Desktop\\skilio-customerMs\\src\\query-builder\\SelectQueryBuilder.ts:3863:25)\n    at SelectQueryBuilder.executeEntitiesAndRawResults (C:\\Users\\Roshan Chaudhary\\Desktop\\skilio-customerMs\\src\\query-builder\\SelectQueryBuilder.ts:3609:26)\n    at SelectQueryBuilder.getRawAndEntities (C:\\Users\\Roshan Chaudhary\\Desktop\\skilio-customerMs\\src\\query-builder\\SelectQueryBuilder.ts:1671:29)\n    at SelectQueryBuilder.getMany (C:\\Users\\Roshan Chaudhary\\Desktop\\skilio-customerMs\\src\\query-builder\\SelectQueryBuilder.ts:1761:25)\n    at SystemConfigStore.loadConfigs (C:\\Users\\Roshan Chaudhary\\Desktop\\skilio-customerMs\\src\\app\\config\\systemConfigStore.ts:12:32)\n    at C:\\Users\\Roshan Chaudhary\\Desktop\\skilio-customerMs\\src\\server.ts:52:5"}
{"level":"info","message":"Listening at port number 3000","service":"user-service"}
{"level":"info","message":"Database connection established successfully at skilio-customer","service":"user-service"}
{"code":"42703","driverError":{"code":"42703","file":"parse_relation.c","length":120,"line":"3721","name":"error","position":"50","routine":"errorMissingColumn","severity":"ERROR"},"file":"parse_relation.c","length":120,"level":"error","line":"3721","message":"Error loading provider configurations: column SystemConfig.createdAt does not exist","parameters":[],"position":"50","query":"SELECT \"SystemConfig\".\"id\" AS \"SystemConfig_id\", \"SystemConfig\".\"createdAt\" AS \"SystemConfig_createdAt\", \"SystemConfig\".\"updatedAt\" AS \"SystemConfig_updatedAt\", \"SystemConfig\".\"providerName\" AS \"SystemConfig_providerName\", \"SystemConfig\".\"medium\" AS \"SystemConfig_medium\", \"SystemConfig\".\"apiKey\" AS \"SystemConfig_apiKey\", \"SystemConfig\".\"apiSecret\" AS \"SystemConfig_apiSecret\", \"SystemConfig\".\"twilioPhoneNumber\" AS \"SystemConfig_twilioPhoneNumber\" FROM \"system_config\" \"SystemConfig\"","routine":"errorMissingColumn","service":"user-service","severity":"ERROR","stack":"QueryFailedError: column SystemConfig.createdAt does not exist\n    at PostgresQueryRunner.query (C:\\Users\\Roshan Chaudhary\\Desktop\\skilio-customerMs\\src\\driver\\postgres\\PostgresQueryRunner.ts:325:19)\n    at processTicksAndRejections (node:internal/process/task_queues:105:5)\n    at SelectQueryBuilder.loadRawResults (C:\\Users\\Roshan Chaudhary\\Desktop\\skilio-customerMs\\src\\query-builder\\SelectQueryBuilder.ts:3863:25)\n    at SelectQueryBuilder.executeEntitiesAndRawResults (C:\\Users\\Roshan Chaudhary\\Desktop\\skilio-customerMs\\src\\query-builder\\SelectQueryBuilder.ts:3609:26)\n    at SelectQueryBuilder.getRawAndEntities (C:\\Users\\Roshan Chaudhary\\Desktop\\skilio-customerMs\\src\\query-builder\\SelectQueryBuilder.ts:1671:29)\n    at SelectQueryBuilder.getMany (C:\\Users\\Roshan Chaudhary\\Desktop\\skilio-customerMs\\src\\query-builder\\SelectQueryBuilder.ts:1761:25)\n    at SystemConfigStore.loadConfigs (C:\\Users\\Roshan Chaudhary\\Desktop\\skilio-customerMs\\src\\app\\config\\systemConfigStore.ts:12:32)\n    at C:\\Users\\Roshan Chaudhary\\Desktop\\skilio-customerMs\\src\\server.ts:52:5"}
{"level":"info","message":"Listening at port number 3000","service":"user-service"}
{"level":"info","message":"Database connection established successfully at skilio-customer","service":"user-service"}
{"code":"42703","driverError":{"code":"42703","file":"parse_relation.c","length":120,"line":"3721","name":"error","position":"50","routine":"errorMissingColumn","severity":"ERROR"},"file":"parse_relation.c","length":120,"level":"error","line":"3721","message":"Error loading provider configurations: column SystemConfig.createdAt does not exist","parameters":[],"position":"50","query":"SELECT \"SystemConfig\".\"id\" AS \"SystemConfig_id\", \"SystemConfig\".\"createdAt\" AS \"SystemConfig_createdAt\", \"SystemConfig\".\"updatedAt\" AS \"SystemConfig_updatedAt\", \"SystemConfig\".\"providerName\" AS \"SystemConfig_providerName\", \"SystemConfig\".\"medium\" AS \"SystemConfig_medium\", \"SystemConfig\".\"apiKey\" AS \"SystemConfig_apiKey\", \"SystemConfig\".\"apiSecret\" AS \"SystemConfig_apiSecret\", \"SystemConfig\".\"twilioPhoneNumber\" AS \"SystemConfig_twilioPhoneNumber\" FROM \"system_config\" \"SystemConfig\"","routine":"errorMissingColumn","service":"user-service","severity":"ERROR","stack":"QueryFailedError: column SystemConfig.createdAt does not exist\n    at PostgresQueryRunner.query (C:\\Users\\Roshan Chaudhary\\Desktop\\skilio-customerMs\\src\\driver\\postgres\\PostgresQueryRunner.ts:325:19)\n    at processTicksAndRejections (node:internal/process/task_queues:105:5)\n    at SelectQueryBuilder.loadRawResults (C:\\Users\\Roshan Chaudhary\\Desktop\\skilio-customerMs\\src\\query-builder\\SelectQueryBuilder.ts:3863:25)\n    at SelectQueryBuilder.executeEntitiesAndRawResults (C:\\Users\\Roshan Chaudhary\\Desktop\\skilio-customerMs\\src\\query-builder\\SelectQueryBuilder.ts:3609:26)\n    at SelectQueryBuilder.getRawAndEntities (C:\\Users\\Roshan Chaudhary\\Desktop\\skilio-customerMs\\src\\query-builder\\SelectQueryBuilder.ts:1671:29)\n    at SelectQueryBuilder.getMany (C:\\Users\\Roshan Chaudhary\\Desktop\\skilio-customerMs\\src\\query-builder\\SelectQueryBuilder.ts:1761:25)\n    at SystemConfigStore.loadConfigs (C:\\Users\\Roshan Chaudhary\\Desktop\\skilio-customerMs\\src\\app\\config\\systemConfigStore.ts:12:32)\n    at C:\\Users\\Roshan Chaudhary\\Desktop\\skilio-customerMs\\src\\server.ts:52:5"}
{"level":"info","message":"Listening at port number 3000","service":"user-service"}
{"level":"info","message":"Database connection established successfully at skilio-customer","service":"user-service"}
{"code":"42703","driverError":{"code":"42703","file":"parse_relation.c","length":120,"line":"3721","name":"error","position":"50","routine":"errorMissingColumn","severity":"ERROR"},"file":"parse_relation.c","length":120,"level":"error","line":"3721","message":"Error loading provider configurations: column SystemConfig.createdAt does not exist","parameters":[],"position":"50","query":"SELECT \"SystemConfig\".\"id\" AS \"SystemConfig_id\", \"SystemConfig\".\"createdAt\" AS \"SystemConfig_createdAt\", \"SystemConfig\".\"updatedAt\" AS \"SystemConfig_updatedAt\", \"SystemConfig\".\"providerName\" AS \"SystemConfig_providerName\", \"SystemConfig\".\"medium\" AS \"SystemConfig_medium\", \"SystemConfig\".\"apiKey\" AS \"SystemConfig_apiKey\", \"SystemConfig\".\"apiSecret\" AS \"SystemConfig_apiSecret\", \"SystemConfig\".\"twilioPhoneNumber\" AS \"SystemConfig_twilioPhoneNumber\" FROM \"system_config\" \"SystemConfig\"","routine":"errorMissingColumn","service":"user-service","severity":"ERROR","stack":"QueryFailedError: column SystemConfig.createdAt does not exist\n    at PostgresQueryRunner.query (C:\\Users\\Roshan Chaudhary\\Desktop\\skilio-customerMs\\src\\driver\\postgres\\PostgresQueryRunner.ts:325:19)\n    at processTicksAndRejections (node:internal/process/task_queues:105:5)\n    at SelectQueryBuilder.loadRawResults (C:\\Users\\Roshan Chaudhary\\Desktop\\skilio-customerMs\\src\\query-builder\\SelectQueryBuilder.ts:3863:25)\n    at SelectQueryBuilder.executeEntitiesAndRawResults (C:\\Users\\Roshan Chaudhary\\Desktop\\skilio-customerMs\\src\\query-builder\\SelectQueryBuilder.ts:3609:26)\n    at SelectQueryBuilder.getRawAndEntities (C:\\Users\\Roshan Chaudhary\\Desktop\\skilio-customerMs\\src\\query-builder\\SelectQueryBuilder.ts:1671:29)\n    at SelectQueryBuilder.getMany (C:\\Users\\Roshan Chaudhary\\Desktop\\skilio-customerMs\\src\\query-builder\\SelectQueryBuilder.ts:1761:25)\n    at SystemConfigStore.loadConfigs (C:\\Users\\Roshan Chaudhary\\Desktop\\skilio-customerMs\\src\\app\\config\\systemConfigStore.ts:12:32)\n    at C:\\Users\\Roshan Chaudhary\\Desktop\\skilio-customerMs\\src\\server.ts:52:5"}
{"level":"info","message":"Listening at port number 3000","service":"user-service"}
{"level":"info","message":"Database connection established successfully at skilio-customer","service":"user-service"}
{"code":"42703","driverError":{"code":"42703","file":"parse_relation.c","length":120,"line":"3721","name":"error","position":"50","routine":"errorMissingColumn","severity":"ERROR"},"file":"parse_relation.c","length":120,"level":"error","line":"3721","message":"Error loading provider configurations: column SystemConfig.createdAt does not exist","parameters":[],"position":"50","query":"SELECT \"SystemConfig\".\"id\" AS \"SystemConfig_id\", \"SystemConfig\".\"createdAt\" AS \"SystemConfig_createdAt\", \"SystemConfig\".\"updatedAt\" AS \"SystemConfig_updatedAt\", \"SystemConfig\".\"providerName\" AS \"SystemConfig_providerName\", \"SystemConfig\".\"medium\" AS \"SystemConfig_medium\", \"SystemConfig\".\"apiKey\" AS \"SystemConfig_apiKey\", \"SystemConfig\".\"apiSecret\" AS \"SystemConfig_apiSecret\", \"SystemConfig\".\"twilioPhoneNumber\" AS \"SystemConfig_twilioPhoneNumber\" FROM \"system_config\" \"SystemConfig\"","routine":"errorMissingColumn","service":"user-service","severity":"ERROR","stack":"QueryFailedError: column SystemConfig.createdAt does not exist\n    at PostgresQueryRunner.query (C:\\Users\\Roshan Chaudhary\\Desktop\\skilio-customerMs\\src\\driver\\postgres\\PostgresQueryRunner.ts:325:19)\n    at processTicksAndRejections (node:internal/process/task_queues:105:5)\n    at SelectQueryBuilder.loadRawResults (C:\\Users\\Roshan Chaudhary\\Desktop\\skilio-customerMs\\src\\query-builder\\SelectQueryBuilder.ts:3863:25)\n    at SelectQueryBuilder.executeEntitiesAndRawResults (C:\\Users\\Roshan Chaudhary\\Desktop\\skilio-customerMs\\src\\query-builder\\SelectQueryBuilder.ts:3609:26)\n    at SelectQueryBuilder.getRawAndEntities (C:\\Users\\Roshan Chaudhary\\Desktop\\skilio-customerMs\\src\\query-builder\\SelectQueryBuilder.ts:1671:29)\n    at SelectQueryBuilder.getMany (C:\\Users\\Roshan Chaudhary\\Desktop\\skilio-customerMs\\src\\query-builder\\SelectQueryBuilder.ts:1761:25)\n    at SystemConfigStore.loadConfigs (C:\\Users\\Roshan Chaudhary\\Desktop\\skilio-customerMs\\src\\app\\config\\systemConfigStore.ts:12:32)\n    at C:\\Users\\Roshan Chaudhary\\Desktop\\skilio-customerMs\\src\\server.ts:52:5"}
{"level":"info","message":"Listening at port number 3000","service":"user-service"}
{"level":"info","message":"Database connection established successfully at skilio-customer","service":"user-service"}
{"code":"42703","driverError":{"code":"42703","file":"parse_relation.c","length":120,"line":"3721","name":"error","position":"50","routine":"errorMissingColumn","severity":"ERROR"},"file":"parse_relation.c","length":120,"level":"error","line":"3721","message":"Error loading provider configurations: column SystemConfig.createdAt does not exist","parameters":[],"position":"50","query":"SELECT \"SystemConfig\".\"id\" AS \"SystemConfig_id\", \"SystemConfig\".\"createdAt\" AS \"SystemConfig_createdAt\", \"SystemConfig\".\"updatedAt\" AS \"SystemConfig_updatedAt\", \"SystemConfig\".\"providerName\" AS \"SystemConfig_providerName\", \"SystemConfig\".\"medium\" AS \"SystemConfig_medium\", \"SystemConfig\".\"apiKey\" AS \"SystemConfig_apiKey\", \"SystemConfig\".\"apiSecret\" AS \"SystemConfig_apiSecret\", \"SystemConfig\".\"twilioPhoneNumber\" AS \"SystemConfig_twilioPhoneNumber\" FROM \"system_config\" \"SystemConfig\"","routine":"errorMissingColumn","service":"user-service","severity":"ERROR","stack":"QueryFailedError: column SystemConfig.createdAt does not exist\n    at PostgresQueryRunner.query (C:\\Users\\Roshan Chaudhary\\Desktop\\skilio-customerMs\\src\\driver\\postgres\\PostgresQueryRunner.ts:325:19)\n    at processTicksAndRejections (node:internal/process/task_queues:105:5)\n    at SelectQueryBuilder.loadRawResults (C:\\Users\\Roshan Chaudhary\\Desktop\\skilio-customerMs\\src\\query-builder\\SelectQueryBuilder.ts:3863:25)\n    at SelectQueryBuilder.executeEntitiesAndRawResults (C:\\Users\\Roshan Chaudhary\\Desktop\\skilio-customerMs\\src\\query-builder\\SelectQueryBuilder.ts:3609:26)\n    at SelectQueryBuilder.getRawAndEntities (C:\\Users\\Roshan Chaudhary\\Desktop\\skilio-customerMs\\src\\query-builder\\SelectQueryBuilder.ts:1671:29)\n    at SelectQueryBuilder.getMany (C:\\Users\\Roshan Chaudhary\\Desktop\\skilio-customerMs\\src\\query-builder\\SelectQueryBuilder.ts:1761:25)\n    at SystemConfigStore.loadConfigs (C:\\Users\\Roshan Chaudhary\\Desktop\\skilio-customerMs\\src\\app\\config\\systemConfigStore.ts:12:32)\n    at C:\\Users\\Roshan Chaudhary\\Desktop\\skilio-customerMs\\src\\server.ts:52:5"}
{"level":"info","message":"Listening at port number 3000","service":"user-service"}
{"level":"info","message":"Database connection established successfully at skilio-customer","service":"user-service"}
{"code":"42703","driverError":{"code":"42703","file":"parse_relation.c","length":120,"line":"3721","name":"error","position":"50","routine":"errorMissingColumn","severity":"ERROR"},"file":"parse_relation.c","length":120,"level":"error","line":"3721","message":"Error loading provider configurations: column SystemConfig.createdAt does not exist","parameters":[],"position":"50","query":"SELECT \"SystemConfig\".\"id\" AS \"SystemConfig_id\", \"SystemConfig\".\"createdAt\" AS \"SystemConfig_createdAt\", \"SystemConfig\".\"updatedAt\" AS \"SystemConfig_updatedAt\", \"SystemConfig\".\"providerName\" AS \"SystemConfig_providerName\", \"SystemConfig\".\"medium\" AS \"SystemConfig_medium\", \"SystemConfig\".\"apiKey\" AS \"SystemConfig_apiKey\", \"SystemConfig\".\"apiSecret\" AS \"SystemConfig_apiSecret\", \"SystemConfig\".\"twilioPhoneNumber\" AS \"SystemConfig_twilioPhoneNumber\" FROM \"system_config\" \"SystemConfig\"","routine":"errorMissingColumn","service":"user-service","severity":"ERROR","stack":"QueryFailedError: column SystemConfig.createdAt does not exist\n    at PostgresQueryRunner.query (C:\\Users\\Roshan Chaudhary\\Desktop\\skilio-customerMs\\src\\driver\\postgres\\PostgresQueryRunner.ts:325:19)\n    at processTicksAndRejections (node:internal/process/task_queues:105:5)\n    at SelectQueryBuilder.loadRawResults (C:\\Users\\Roshan Chaudhary\\Desktop\\skilio-customerMs\\src\\query-builder\\SelectQueryBuilder.ts:3863:25)\n    at SelectQueryBuilder.executeEntitiesAndRawResults (C:\\Users\\Roshan Chaudhary\\Desktop\\skilio-customerMs\\src\\query-builder\\SelectQueryBuilder.ts:3609:26)\n    at SelectQueryBuilder.getRawAndEntities (C:\\Users\\Roshan Chaudhary\\Desktop\\skilio-customerMs\\src\\query-builder\\SelectQueryBuilder.ts:1671:29)\n    at SelectQueryBuilder.getMany (C:\\Users\\Roshan Chaudhary\\Desktop\\skilio-customerMs\\src\\query-builder\\SelectQueryBuilder.ts:1761:25)\n    at SystemConfigStore.loadConfigs (C:\\Users\\Roshan Chaudhary\\Desktop\\skilio-customerMs\\src\\app\\config\\systemConfigStore.ts:12:32)\n    at C:\\Users\\Roshan Chaudhary\\Desktop\\skilio-customerMs\\src\\server.ts:52:5"}
{"level":"info","message":"Listening at port number 3000","service":"user-service"}
{"level":"info","message":"Database connection established successfully at skilio-customer","service":"user-service"}
{"code":"42703","driverError":{"code":"42703","file":"parse_relation.c","length":120,"line":"3721","name":"error","position":"50","routine":"errorMissingColumn","severity":"ERROR"},"file":"parse_relation.c","length":120,"level":"error","line":"3721","message":"Error loading provider configurations: column SystemConfig.createdAt does not exist","parameters":[],"position":"50","query":"SELECT \"SystemConfig\".\"id\" AS \"SystemConfig_id\", \"SystemConfig\".\"createdAt\" AS \"SystemConfig_createdAt\", \"SystemConfig\".\"updatedAt\" AS \"SystemConfig_updatedAt\", \"SystemConfig\".\"providerName\" AS \"SystemConfig_providerName\", \"SystemConfig\".\"medium\" AS \"SystemConfig_medium\", \"SystemConfig\".\"apiKey\" AS \"SystemConfig_apiKey\", \"SystemConfig\".\"apiSecret\" AS \"SystemConfig_apiSecret\", \"SystemConfig\".\"twilioPhoneNumber\" AS \"SystemConfig_twilioPhoneNumber\" FROM \"system_config\" \"SystemConfig\"","routine":"errorMissingColumn","service":"user-service","severity":"ERROR","stack":"QueryFailedError: column SystemConfig.createdAt does not exist\n    at PostgresQueryRunner.query (C:\\Users\\Roshan Chaudhary\\Desktop\\skilio-customerMs\\src\\driver\\postgres\\PostgresQueryRunner.ts:325:19)\n    at processTicksAndRejections (node:internal/process/task_queues:105:5)\n    at SelectQueryBuilder.loadRawResults (C:\\Users\\Roshan Chaudhary\\Desktop\\skilio-customerMs\\src\\query-builder\\SelectQueryBuilder.ts:3863:25)\n    at SelectQueryBuilder.executeEntitiesAndRawResults (C:\\Users\\Roshan Chaudhary\\Desktop\\skilio-customerMs\\src\\query-builder\\SelectQueryBuilder.ts:3609:26)\n    at SelectQueryBuilder.getRawAndEntities (C:\\Users\\Roshan Chaudhary\\Desktop\\skilio-customerMs\\src\\query-builder\\SelectQueryBuilder.ts:1671:29)\n    at SelectQueryBuilder.getMany (C:\\Users\\Roshan Chaudhary\\Desktop\\skilio-customerMs\\src\\query-builder\\SelectQueryBuilder.ts:1761:25)\n    at SystemConfigStore.loadConfigs (C:\\Users\\Roshan Chaudhary\\Desktop\\skilio-customerMs\\src\\app\\config\\systemConfigStore.ts:12:32)\n    at C:\\Users\\Roshan Chaudhary\\Desktop\\skilio-customerMs\\src\\server.ts:52:5"}
{"level":"info","message":"Listening at port number 3000","service":"user-service"}
{"level":"info","message":"Database connection established successfully at skilio-customer","service":"user-service"}
{"code":"42703","driverError":{"code":"42703","file":"parse_relation.c","length":120,"line":"3721","name":"error","position":"50","routine":"errorMissingColumn","severity":"ERROR"},"file":"parse_relation.c","length":120,"level":"error","line":"3721","message":"Error loading provider configurations: column SystemConfig.createdAt does not exist","parameters":[],"position":"50","query":"SELECT \"SystemConfig\".\"id\" AS \"SystemConfig_id\", \"SystemConfig\".\"createdAt\" AS \"SystemConfig_createdAt\", \"SystemConfig\".\"updatedAt\" AS \"SystemConfig_updatedAt\", \"SystemConfig\".\"providerName\" AS \"SystemConfig_providerName\", \"SystemConfig\".\"medium\" AS \"SystemConfig_medium\", \"SystemConfig\".\"apiKey\" AS \"SystemConfig_apiKey\", \"SystemConfig\".\"apiSecret\" AS \"SystemConfig_apiSecret\", \"SystemConfig\".\"twilioPhoneNumber\" AS \"SystemConfig_twilioPhoneNumber\" FROM \"system_config\" \"SystemConfig\"","routine":"errorMissingColumn","service":"user-service","severity":"ERROR","stack":"QueryFailedError: column SystemConfig.createdAt does not exist\n    at PostgresQueryRunner.query (C:\\Users\\Roshan Chaudhary\\Desktop\\skilio-customerMs\\src\\driver\\postgres\\PostgresQueryRunner.ts:325:19)\n    at processTicksAndRejections (node:internal/process/task_queues:105:5)\n    at SelectQueryBuilder.loadRawResults (C:\\Users\\Roshan Chaudhary\\Desktop\\skilio-customerMs\\src\\query-builder\\SelectQueryBuilder.ts:3863:25)\n    at SelectQueryBuilder.executeEntitiesAndRawResults (C:\\Users\\Roshan Chaudhary\\Desktop\\skilio-customerMs\\src\\query-builder\\SelectQueryBuilder.ts:3609:26)\n    at SelectQueryBuilder.getRawAndEntities (C:\\Users\\Roshan Chaudhary\\Desktop\\skilio-customerMs\\src\\query-builder\\SelectQueryBuilder.ts:1671:29)\n    at SelectQueryBuilder.getMany (C:\\Users\\Roshan Chaudhary\\Desktop\\skilio-customerMs\\src\\query-builder\\SelectQueryBuilder.ts:1761:25)\n    at SystemConfigStore.loadConfigs (C:\\Users\\Roshan Chaudhary\\Desktop\\skilio-customerMs\\src\\app\\config\\systemConfigStore.ts:12:32)\n    at C:\\Users\\Roshan Chaudhary\\Desktop\\skilio-customerMs\\src\\server.ts:52:5"}
{"level":"info","message":"Listening at port number 3000","service":"user-service"}
{"level":"info","message":"Database connection established successfully at skilio-customer","service":"user-service"}
{"code":"42703","driverError":{"code":"42703","file":"parse_relation.c","length":120,"line":"3721","name":"error","position":"50","routine":"errorMissingColumn","severity":"ERROR"},"file":"parse_relation.c","length":120,"level":"error","line":"3721","message":"Error loading provider configurations: column SystemConfig.createdAt does not exist","parameters":[],"position":"50","query":"SELECT \"SystemConfig\".\"id\" AS \"SystemConfig_id\", \"SystemConfig\".\"createdAt\" AS \"SystemConfig_createdAt\", \"SystemConfig\".\"updatedAt\" AS \"SystemConfig_updatedAt\", \"SystemConfig\".\"providerName\" AS \"SystemConfig_providerName\", \"SystemConfig\".\"medium\" AS \"SystemConfig_medium\", \"SystemConfig\".\"apiKey\" AS \"SystemConfig_apiKey\", \"SystemConfig\".\"apiSecret\" AS \"SystemConfig_apiSecret\", \"SystemConfig\".\"twilioPhoneNumber\" AS \"SystemConfig_twilioPhoneNumber\" FROM \"system_config\" \"SystemConfig\"","routine":"errorMissingColumn","service":"user-service","severity":"ERROR","stack":"QueryFailedError: column SystemConfig.createdAt does not exist\n    at PostgresQueryRunner.query (C:\\Users\\Roshan Chaudhary\\Desktop\\skilio-customerMs\\src\\driver\\postgres\\PostgresQueryRunner.ts:325:19)\n    at processTicksAndRejections (node:internal/process/task_queues:105:5)\n    at SelectQueryBuilder.loadRawResults (C:\\Users\\Roshan Chaudhary\\Desktop\\skilio-customerMs\\src\\query-builder\\SelectQueryBuilder.ts:3863:25)\n    at SelectQueryBuilder.executeEntitiesAndRawResults (C:\\Users\\Roshan Chaudhary\\Desktop\\skilio-customerMs\\src\\query-builder\\SelectQueryBuilder.ts:3609:26)\n    at SelectQueryBuilder.getRawAndEntities (C:\\Users\\Roshan Chaudhary\\Desktop\\skilio-customerMs\\src\\query-builder\\SelectQueryBuilder.ts:1671:29)\n    at SelectQueryBuilder.getMany (C:\\Users\\Roshan Chaudhary\\Desktop\\skilio-customerMs\\src\\query-builder\\SelectQueryBuilder.ts:1761:25)\n    at SystemConfigStore.loadConfigs (C:\\Users\\Roshan Chaudhary\\Desktop\\skilio-customerMs\\src\\app\\config\\systemConfigStore.ts:12:32)\n    at C:\\Users\\Roshan Chaudhary\\Desktop\\skilio-customerMs\\src\\server.ts:52:5"}
{"level":"info","message":"Listening at port number 3000","service":"user-service"}
{"level":"info","message":"Database connection established successfully at skilio-customer","service":"user-service"}
{"code":"42703","driverError":{"code":"42703","file":"parse_relation.c","length":120,"line":"3721","name":"error","position":"50","routine":"errorMissingColumn","severity":"ERROR"},"file":"parse_relation.c","length":120,"level":"error","line":"3721","message":"Error loading provider configurations: column SystemConfig.createdAt does not exist","parameters":[],"position":"50","query":"SELECT \"SystemConfig\".\"id\" AS \"SystemConfig_id\", \"SystemConfig\".\"createdAt\" AS \"SystemConfig_createdAt\", \"SystemConfig\".\"updatedAt\" AS \"SystemConfig_updatedAt\", \"SystemConfig\".\"providerName\" AS \"SystemConfig_providerName\", \"SystemConfig\".\"medium\" AS \"SystemConfig_medium\", \"SystemConfig\".\"apiKey\" AS \"SystemConfig_apiKey\", \"SystemConfig\".\"apiSecret\" AS \"SystemConfig_apiSecret\", \"SystemConfig\".\"twilioPhoneNumber\" AS \"SystemConfig_twilioPhoneNumber\" FROM \"system_config\" \"SystemConfig\"","routine":"errorMissingColumn","service":"user-service","severity":"ERROR","stack":"QueryFailedError: column SystemConfig.createdAt does not exist\n    at PostgresQueryRunner.query (C:\\Users\\Roshan Chaudhary\\Desktop\\skilio-customerMs\\src\\driver\\postgres\\PostgresQueryRunner.ts:325:19)\n    at processTicksAndRejections (node:internal/process/task_queues:105:5)\n    at SelectQueryBuilder.loadRawResults (C:\\Users\\Roshan Chaudhary\\Desktop\\skilio-customerMs\\src\\query-builder\\SelectQueryBuilder.ts:3863:25)\n    at SelectQueryBuilder.executeEntitiesAndRawResults (C:\\Users\\Roshan Chaudhary\\Desktop\\skilio-customerMs\\src\\query-builder\\SelectQueryBuilder.ts:3609:26)\n    at SelectQueryBuilder.getRawAndEntities (C:\\Users\\Roshan Chaudhary\\Desktop\\skilio-customerMs\\src\\query-builder\\SelectQueryBuilder.ts:1671:29)\n    at SelectQueryBuilder.getMany (C:\\Users\\Roshan Chaudhary\\Desktop\\skilio-customerMs\\src\\query-builder\\SelectQueryBuilder.ts:1761:25)\n    at SystemConfigStore.loadConfigs (C:\\Users\\Roshan Chaudhary\\Desktop\\skilio-customerMs\\src\\app\\config\\systemConfigStore.ts:12:32)\n    at C:\\Users\\Roshan Chaudhary\\Desktop\\skilio-customerMs\\src\\server.ts:52:5"}
{"level":"info","message":"Listening at port number 3000","service":"user-service"}
{"level":"info","message":"Database connection established successfully at skilio-customer","service":"user-service"}
{"code":"42703","driverError":{"code":"42703","file":"parse_relation.c","length":120,"line":"3721","name":"error","position":"50","routine":"errorMissingColumn","severity":"ERROR"},"file":"parse_relation.c","length":120,"level":"error","line":"3721","message":"Error loading provider configurations: column SystemConfig.createdAt does not exist","parameters":[],"position":"50","query":"SELECT \"SystemConfig\".\"id\" AS \"SystemConfig_id\", \"SystemConfig\".\"createdAt\" AS \"SystemConfig_createdAt\", \"SystemConfig\".\"updatedAt\" AS \"SystemConfig_updatedAt\", \"SystemConfig\".\"providerName\" AS \"SystemConfig_providerName\", \"SystemConfig\".\"medium\" AS \"SystemConfig_medium\", \"SystemConfig\".\"apiKey\" AS \"SystemConfig_apiKey\", \"SystemConfig\".\"apiSecret\" AS \"SystemConfig_apiSecret\", \"SystemConfig\".\"twilioPhoneNumber\" AS \"SystemConfig_twilioPhoneNumber\" FROM \"system_config\" \"SystemConfig\"","routine":"errorMissingColumn","service":"user-service","severity":"ERROR","stack":"QueryFailedError: column SystemConfig.createdAt does not exist\n    at PostgresQueryRunner.query (C:\\Users\\Roshan Chaudhary\\Desktop\\skilio-customerMs\\src\\driver\\postgres\\PostgresQueryRunner.ts:325:19)\n    at processTicksAndRejections (node:internal/process/task_queues:105:5)\n    at SelectQueryBuilder.loadRawResults (C:\\Users\\Roshan Chaudhary\\Desktop\\skilio-customerMs\\src\\query-builder\\SelectQueryBuilder.ts:3863:25)\n    at SelectQueryBuilder.executeEntitiesAndRawResults (C:\\Users\\Roshan Chaudhary\\Desktop\\skilio-customerMs\\src\\query-builder\\SelectQueryBuilder.ts:3609:26)\n    at SelectQueryBuilder.getRawAndEntities (C:\\Users\\Roshan Chaudhary\\Desktop\\skilio-customerMs\\src\\query-builder\\SelectQueryBuilder.ts:1671:29)\n    at SelectQueryBuilder.getMany (C:\\Users\\Roshan Chaudhary\\Desktop\\skilio-customerMs\\src\\query-builder\\SelectQueryBuilder.ts:1761:25)\n    at SystemConfigStore.loadConfigs (C:\\Users\\Roshan Chaudhary\\Desktop\\skilio-customerMs\\src\\app\\config\\systemConfigStore.ts:12:32)\n    at C:\\Users\\Roshan Chaudhary\\Desktop\\skilio-customerMs\\src\\server.ts:52:5"}
{"level":"info","message":"Listening at port number 3000","service":"user-service"}
{"level":"info","message":"Database connection established successfully at skilio-customer","service":"user-service"}
{"code":"42703","driverError":{"code":"42703","file":"parse_relation.c","length":120,"line":"3721","name":"error","position":"50","routine":"errorMissingColumn","severity":"ERROR"},"file":"parse_relation.c","length":120,"level":"error","line":"3721","message":"Error loading provider configurations: column SystemConfig.createdAt does not exist","parameters":[],"position":"50","query":"SELECT \"SystemConfig\".\"id\" AS \"SystemConfig_id\", \"SystemConfig\".\"createdAt\" AS \"SystemConfig_createdAt\", \"SystemConfig\".\"updatedAt\" AS \"SystemConfig_updatedAt\", \"SystemConfig\".\"providerName\" AS \"SystemConfig_providerName\", \"SystemConfig\".\"medium\" AS \"SystemConfig_medium\", \"SystemConfig\".\"apiKey\" AS \"SystemConfig_apiKey\", \"SystemConfig\".\"apiSecret\" AS \"SystemConfig_apiSecret\", \"SystemConfig\".\"twilioPhoneNumber\" AS \"SystemConfig_twilioPhoneNumber\" FROM \"system_config\" \"SystemConfig\"","routine":"errorMissingColumn","service":"user-service","severity":"ERROR","stack":"QueryFailedError: column SystemConfig.createdAt does not exist\n    at PostgresQueryRunner.query (C:\\Users\\Roshan Chaudhary\\Desktop\\skilio-customerMs\\src\\driver\\postgres\\PostgresQueryRunner.ts:325:19)\n    at processTicksAndRejections (node:internal/process/task_queues:105:5)\n    at SelectQueryBuilder.loadRawResults (C:\\Users\\Roshan Chaudhary\\Desktop\\skilio-customerMs\\src\\query-builder\\SelectQueryBuilder.ts:3863:25)\n    at SelectQueryBuilder.executeEntitiesAndRawResults (C:\\Users\\Roshan Chaudhary\\Desktop\\skilio-customerMs\\src\\query-builder\\SelectQueryBuilder.ts:3609:26)\n    at SelectQueryBuilder.getRawAndEntities (C:\\Users\\Roshan Chaudhary\\Desktop\\skilio-customerMs\\src\\query-builder\\SelectQueryBuilder.ts:1671:29)\n    at SelectQueryBuilder.getMany (C:\\Users\\Roshan Chaudhary\\Desktop\\skilio-customerMs\\src\\query-builder\\SelectQueryBuilder.ts:1761:25)\n    at SystemConfigStore.loadConfigs (C:\\Users\\Roshan Chaudhary\\Desktop\\skilio-customerMs\\src\\app\\config\\systemConfigStore.ts:12:32)\n    at C:\\Users\\Roshan Chaudhary\\Desktop\\skilio-customerMs\\src\\server.ts:52:5"}
{"level":"info","message":"Listening at port number 3000","service":"user-service"}
{"level":"info","message":"Database connection established successfully at skilio-customer","service":"user-service"}
{"code":"42703","driverError":{"code":"42703","file":"parse_relation.c","length":120,"line":"3721","name":"error","position":"50","routine":"errorMissingColumn","severity":"ERROR"},"file":"parse_relation.c","length":120,"level":"error","line":"3721","message":"Error loading provider configurations: column SystemConfig.createdAt does not exist","parameters":[],"position":"50","query":"SELECT \"SystemConfig\".\"id\" AS \"SystemConfig_id\", \"SystemConfig\".\"createdAt\" AS \"SystemConfig_createdAt\", \"SystemConfig\".\"updatedAt\" AS \"SystemConfig_updatedAt\", \"SystemConfig\".\"providerName\" AS \"SystemConfig_providerName\", \"SystemConfig\".\"medium\" AS \"SystemConfig_medium\", \"SystemConfig\".\"apiKey\" AS \"SystemConfig_apiKey\", \"SystemConfig\".\"apiSecret\" AS \"SystemConfig_apiSecret\", \"SystemConfig\".\"twilioPhoneNumber\" AS \"SystemConfig_twilioPhoneNumber\" FROM \"system_config\" \"SystemConfig\"","routine":"errorMissingColumn","service":"user-service","severity":"ERROR","stack":"QueryFailedError: column SystemConfig.createdAt does not exist\n    at PostgresQueryRunner.query (C:\\Users\\Roshan Chaudhary\\Desktop\\skilio-customerMs\\src\\driver\\postgres\\PostgresQueryRunner.ts:325:19)\n    at processTicksAndRejections (node:internal/process/task_queues:105:5)\n    at SelectQueryBuilder.loadRawResults (C:\\Users\\Roshan Chaudhary\\Desktop\\skilio-customerMs\\src\\query-builder\\SelectQueryBuilder.ts:3863:25)\n    at SelectQueryBuilder.executeEntitiesAndRawResults (C:\\Users\\Roshan Chaudhary\\Desktop\\skilio-customerMs\\src\\query-builder\\SelectQueryBuilder.ts:3609:26)\n    at SelectQueryBuilder.getRawAndEntities (C:\\Users\\Roshan Chaudhary\\Desktop\\skilio-customerMs\\src\\query-builder\\SelectQueryBuilder.ts:1671:29)\n    at SelectQueryBuilder.getMany (C:\\Users\\Roshan Chaudhary\\Desktop\\skilio-customerMs\\src\\query-builder\\SelectQueryBuilder.ts:1761:25)\n    at SystemConfigStore.loadConfigs (C:\\Users\\Roshan Chaudhary\\Desktop\\skilio-customerMs\\src\\app\\config\\systemConfigStore.ts:12:32)\n    at C:\\Users\\Roshan Chaudhary\\Desktop\\skilio-customerMs\\src\\server.ts:52:5"}
{"level":"info","message":"Listening at port number 3000","service":"user-service"}
{"level":"info","message":"Database connection established successfully at skilio-customer","service":"user-service"}
{"code":"42703","driverError":{"code":"42703","file":"parse_relation.c","length":120,"line":"3721","name":"error","position":"50","routine":"errorMissingColumn","severity":"ERROR"},"file":"parse_relation.c","length":120,"level":"error","line":"3721","message":"Error loading provider configurations: column SystemConfig.createdAt does not exist","parameters":[],"position":"50","query":"SELECT \"SystemConfig\".\"id\" AS \"SystemConfig_id\", \"SystemConfig\".\"createdAt\" AS \"SystemConfig_createdAt\", \"SystemConfig\".\"updatedAt\" AS \"SystemConfig_updatedAt\", \"SystemConfig\".\"providerName\" AS \"SystemConfig_providerName\", \"SystemConfig\".\"medium\" AS \"SystemConfig_medium\", \"SystemConfig\".\"apiKey\" AS \"SystemConfig_apiKey\", \"SystemConfig\".\"apiSecret\" AS \"SystemConfig_apiSecret\", \"SystemConfig\".\"twilioPhoneNumber\" AS \"SystemConfig_twilioPhoneNumber\" FROM \"system_config\" \"SystemConfig\"","routine":"errorMissingColumn","service":"user-service","severity":"ERROR","stack":"QueryFailedError: column SystemConfig.createdAt does not exist\n    at PostgresQueryRunner.query (C:\\Users\\Roshan Chaudhary\\Desktop\\skilio-customerMs\\src\\driver\\postgres\\PostgresQueryRunner.ts:325:19)\n    at processTicksAndRejections (node:internal/process/task_queues:105:5)\n    at SelectQueryBuilder.loadRawResults (C:\\Users\\Roshan Chaudhary\\Desktop\\skilio-customerMs\\src\\query-builder\\SelectQueryBuilder.ts:3863:25)\n    at SelectQueryBuilder.executeEntitiesAndRawResults (C:\\Users\\Roshan Chaudhary\\Desktop\\skilio-customerMs\\src\\query-builder\\SelectQueryBuilder.ts:3609:26)\n    at SelectQueryBuilder.getRawAndEntities (C:\\Users\\Roshan Chaudhary\\Desktop\\skilio-customerMs\\src\\query-builder\\SelectQueryBuilder.ts:1671:29)\n    at SelectQueryBuilder.getMany (C:\\Users\\Roshan Chaudhary\\Desktop\\skilio-customerMs\\src\\query-builder\\SelectQueryBuilder.ts:1761:25)\n    at SystemConfigStore.loadConfigs (C:\\Users\\Roshan Chaudhary\\Desktop\\skilio-customerMs\\src\\app\\config\\systemConfigStore.ts:12:32)\n    at C:\\Users\\Roshan Chaudhary\\Desktop\\skilio-customerMs\\src\\server.ts:52:5"}
{"level":"info","message":"Listening at port number 3000","service":"user-service"}
{"level":"info","message":"Database connection established successfully at skilio-customer","service":"user-service"}
{"code":"42703","driverError":{"code":"42703","file":"parse_relation.c","length":120,"line":"3721","name":"error","position":"50","routine":"errorMissingColumn","severity":"ERROR"},"file":"parse_relation.c","length":120,"level":"error","line":"3721","message":"Error loading provider configurations: column SystemConfig.createdAt does not exist","parameters":[],"position":"50","query":"SELECT \"SystemConfig\".\"id\" AS \"SystemConfig_id\", \"SystemConfig\".\"createdAt\" AS \"SystemConfig_createdAt\", \"SystemConfig\".\"updatedAt\" AS \"SystemConfig_updatedAt\", \"SystemConfig\".\"providerName\" AS \"SystemConfig_providerName\", \"SystemConfig\".\"medium\" AS \"SystemConfig_medium\", \"SystemConfig\".\"apiKey\" AS \"SystemConfig_apiKey\", \"SystemConfig\".\"apiSecret\" AS \"SystemConfig_apiSecret\", \"SystemConfig\".\"twilioPhoneNumber\" AS \"SystemConfig_twilioPhoneNumber\" FROM \"system_config\" \"SystemConfig\"","routine":"errorMissingColumn","service":"user-service","severity":"ERROR","stack":"QueryFailedError: column SystemConfig.createdAt does not exist\n    at PostgresQueryRunner.query (C:\\Users\\Roshan Chaudhary\\Desktop\\skilio-customerMs\\src\\driver\\postgres\\PostgresQueryRunner.ts:325:19)\n    at processTicksAndRejections (node:internal/process/task_queues:105:5)\n    at SelectQueryBuilder.loadRawResults (C:\\Users\\Roshan Chaudhary\\Desktop\\skilio-customerMs\\src\\query-builder\\SelectQueryBuilder.ts:3863:25)\n    at SelectQueryBuilder.executeEntitiesAndRawResults (C:\\Users\\Roshan Chaudhary\\Desktop\\skilio-customerMs\\src\\query-builder\\SelectQueryBuilder.ts:3609:26)\n    at SelectQueryBuilder.getRawAndEntities (C:\\Users\\Roshan Chaudhary\\Desktop\\skilio-customerMs\\src\\query-builder\\SelectQueryBuilder.ts:1671:29)\n    at SelectQueryBuilder.getMany (C:\\Users\\Roshan Chaudhary\\Desktop\\skilio-customerMs\\src\\query-builder\\SelectQueryBuilder.ts:1761:25)\n    at SystemConfigStore.loadConfigs (C:\\Users\\Roshan Chaudhary\\Desktop\\skilio-customerMs\\src\\app\\config\\systemConfigStore.ts:12:32)\n    at C:\\Users\\Roshan Chaudhary\\Desktop\\skilio-customerMs\\src\\server.ts:52:5"}
{"level":"info","message":"Listening at port number 3000","service":"user-service"}
{"level":"info","message":"Database connection established successfully at skilio-customer","service":"user-service"}
{"code":"42703","driverError":{"code":"42703","file":"parse_relation.c","length":120,"line":"3721","name":"error","position":"50","routine":"errorMissingColumn","severity":"ERROR"},"file":"parse_relation.c","length":120,"level":"error","line":"3721","message":"Error loading provider configurations: column SystemConfig.createdAt does not exist","parameters":[],"position":"50","query":"SELECT \"SystemConfig\".\"id\" AS \"SystemConfig_id\", \"SystemConfig\".\"createdAt\" AS \"SystemConfig_createdAt\", \"SystemConfig\".\"updatedAt\" AS \"SystemConfig_updatedAt\", \"SystemConfig\".\"providerName\" AS \"SystemConfig_providerName\", \"SystemConfig\".\"medium\" AS \"SystemConfig_medium\", \"SystemConfig\".\"apiKey\" AS \"SystemConfig_apiKey\", \"SystemConfig\".\"apiSecret\" AS \"SystemConfig_apiSecret\", \"SystemConfig\".\"twilioPhoneNumber\" AS \"SystemConfig_twilioPhoneNumber\" FROM \"system_config\" \"SystemConfig\"","routine":"errorMissingColumn","service":"user-service","severity":"ERROR","stack":"QueryFailedError: column SystemConfig.createdAt does not exist\n    at PostgresQueryRunner.query (C:\\Users\\Roshan Chaudhary\\Desktop\\skilio-customerMs\\src\\driver\\postgres\\PostgresQueryRunner.ts:325:19)\n    at processTicksAndRejections (node:internal/process/task_queues:105:5)\n    at SelectQueryBuilder.loadRawResults (C:\\Users\\Roshan Chaudhary\\Desktop\\skilio-customerMs\\src\\query-builder\\SelectQueryBuilder.ts:3863:25)\n    at SelectQueryBuilder.executeEntitiesAndRawResults (C:\\Users\\Roshan Chaudhary\\Desktop\\skilio-customerMs\\src\\query-builder\\SelectQueryBuilder.ts:3609:26)\n    at SelectQueryBuilder.getRawAndEntities (C:\\Users\\Roshan Chaudhary\\Desktop\\skilio-customerMs\\src\\query-builder\\SelectQueryBuilder.ts:1671:29)\n    at SelectQueryBuilder.getMany (C:\\Users\\Roshan Chaudhary\\Desktop\\skilio-customerMs\\src\\query-builder\\SelectQueryBuilder.ts:1761:25)\n    at SystemConfigStore.loadConfigs (C:\\Users\\Roshan Chaudhary\\Desktop\\skilio-customerMs\\src\\app\\config\\systemConfigStore.ts:12:32)\n    at C:\\Users\\Roshan Chaudhary\\Desktop\\skilio-customerMs\\src\\server.ts:52:5"}
{"level":"info","message":"Listening at port number 3000","service":"user-service"}
{"level":"info","message":"Database connection established successfully at skilio-customer","service":"user-service"}
{"code":"42703","driverError":{"code":"42703","file":"parse_relation.c","length":120,"line":"3721","name":"error","position":"50","routine":"errorMissingColumn","severity":"ERROR"},"file":"parse_relation.c","length":120,"level":"error","line":"3721","message":"Error loading provider configurations: column SystemConfig.createdAt does not exist","parameters":[],"position":"50","query":"SELECT \"SystemConfig\".\"id\" AS \"SystemConfig_id\", \"SystemConfig\".\"createdAt\" AS \"SystemConfig_createdAt\", \"SystemConfig\".\"updatedAt\" AS \"SystemConfig_updatedAt\", \"SystemConfig\".\"providerName\" AS \"SystemConfig_providerName\", \"SystemConfig\".\"medium\" AS \"SystemConfig_medium\", \"SystemConfig\".\"apiKey\" AS \"SystemConfig_apiKey\", \"SystemConfig\".\"apiSecret\" AS \"SystemConfig_apiSecret\", \"SystemConfig\".\"twilioPhoneNumber\" AS \"SystemConfig_twilioPhoneNumber\" FROM \"system_config\" \"SystemConfig\"","routine":"errorMissingColumn","service":"user-service","severity":"ERROR","stack":"QueryFailedError: column SystemConfig.createdAt does not exist\n    at PostgresQueryRunner.query (C:\\Users\\Roshan Chaudhary\\Desktop\\skilio-customerMs\\src\\driver\\postgres\\PostgresQueryRunner.ts:325:19)\n    at processTicksAndRejections (node:internal/process/task_queues:105:5)\n    at SelectQueryBuilder.loadRawResults (C:\\Users\\Roshan Chaudhary\\Desktop\\skilio-customerMs\\src\\query-builder\\SelectQueryBuilder.ts:3863:25)\n    at SelectQueryBuilder.executeEntitiesAndRawResults (C:\\Users\\Roshan Chaudhary\\Desktop\\skilio-customerMs\\src\\query-builder\\SelectQueryBuilder.ts:3609:26)\n    at SelectQueryBuilder.getRawAndEntities (C:\\Users\\Roshan Chaudhary\\Desktop\\skilio-customerMs\\src\\query-builder\\SelectQueryBuilder.ts:1671:29)\n    at SelectQueryBuilder.getMany (C:\\Users\\Roshan Chaudhary\\Desktop\\skilio-customerMs\\src\\query-builder\\SelectQueryBuilder.ts:1761:25)\n    at SystemConfigStore.loadConfigs (C:\\Users\\Roshan Chaudhary\\Desktop\\skilio-customerMs\\src\\app\\config\\systemConfigStore.ts:12:32)\n    at C:\\Users\\Roshan Chaudhary\\Desktop\\skilio-customerMs\\src\\server.ts:52:5"}
{"level":"info","message":"Listening at port number 3000","service":"user-service"}
{"level":"info","message":"Database connection established successfully at skilio-customer","service":"user-service"}
{"code":"42703","driverError":{"code":"42703","file":"parse_relation.c","length":120,"line":"3721","name":"error","position":"50","routine":"errorMissingColumn","severity":"ERROR"},"file":"parse_relation.c","length":120,"level":"error","line":"3721","message":"Error loading provider configurations: column SystemConfig.createdAt does not exist","parameters":[],"position":"50","query":"SELECT \"SystemConfig\".\"id\" AS \"SystemConfig_id\", \"SystemConfig\".\"createdAt\" AS \"SystemConfig_createdAt\", \"SystemConfig\".\"updatedAt\" AS \"SystemConfig_updatedAt\", \"SystemConfig\".\"providerName\" AS \"SystemConfig_providerName\", \"SystemConfig\".\"medium\" AS \"SystemConfig_medium\", \"SystemConfig\".\"apiKey\" AS \"SystemConfig_apiKey\", \"SystemConfig\".\"apiSecret\" AS \"SystemConfig_apiSecret\", \"SystemConfig\".\"twilioPhoneNumber\" AS \"SystemConfig_twilioPhoneNumber\" FROM \"system_config\" \"SystemConfig\"","routine":"errorMissingColumn","service":"user-service","severity":"ERROR","stack":"QueryFailedError: column SystemConfig.createdAt does not exist\n    at PostgresQueryRunner.query (C:\\Users\\Roshan Chaudhary\\Desktop\\skilio-customerMs\\src\\driver\\postgres\\PostgresQueryRunner.ts:325:19)\n    at processTicksAndRejections (node:internal/process/task_queues:105:5)\n    at SelectQueryBuilder.loadRawResults (C:\\Users\\Roshan Chaudhary\\Desktop\\skilio-customerMs\\src\\query-builder\\SelectQueryBuilder.ts:3863:25)\n    at SelectQueryBuilder.executeEntitiesAndRawResults (C:\\Users\\Roshan Chaudhary\\Desktop\\skilio-customerMs\\src\\query-builder\\SelectQueryBuilder.ts:3609:26)\n    at SelectQueryBuilder.getRawAndEntities (C:\\Users\\Roshan Chaudhary\\Desktop\\skilio-customerMs\\src\\query-builder\\SelectQueryBuilder.ts:1671:29)\n    at SelectQueryBuilder.getMany (C:\\Users\\Roshan Chaudhary\\Desktop\\skilio-customerMs\\src\\query-builder\\SelectQueryBuilder.ts:1761:25)\n    at SystemConfigStore.loadConfigs (C:\\Users\\Roshan Chaudhary\\Desktop\\skilio-customerMs\\src\\app\\config\\systemConfigStore.ts:12:32)\n    at C:\\Users\\Roshan Chaudhary\\Desktop\\skilio-customerMs\\src\\server.ts:52:5"}
{"level":"info","message":"Listening at port number 3000","service":"user-service"}
{"level":"info","message":"Database connection established successfully at skilio-customer","service":"user-service"}
{"code":"42703","driverError":{"code":"42703","file":"parse_relation.c","length":120,"line":"3721","name":"error","position":"50","routine":"errorMissingColumn","severity":"ERROR"},"file":"parse_relation.c","length":120,"level":"error","line":"3721","message":"Error loading provider configurations: column SystemConfig.createdAt does not exist","parameters":[],"position":"50","query":"SELECT \"SystemConfig\".\"id\" AS \"SystemConfig_id\", \"SystemConfig\".\"createdAt\" AS \"SystemConfig_createdAt\", \"SystemConfig\".\"updatedAt\" AS \"SystemConfig_updatedAt\", \"SystemConfig\".\"providerName\" AS \"SystemConfig_providerName\", \"SystemConfig\".\"medium\" AS \"SystemConfig_medium\", \"SystemConfig\".\"apiKey\" AS \"SystemConfig_apiKey\", \"SystemConfig\".\"apiSecret\" AS \"SystemConfig_apiSecret\", \"SystemConfig\".\"twilioPhoneNumber\" AS \"SystemConfig_twilioPhoneNumber\" FROM \"system_config\" \"SystemConfig\"","routine":"errorMissingColumn","service":"user-service","severity":"ERROR","stack":"QueryFailedError: column SystemConfig.createdAt does not exist\n    at PostgresQueryRunner.query (C:\\Users\\Roshan Chaudhary\\Desktop\\skilio-customerMs\\src\\driver\\postgres\\PostgresQueryRunner.ts:325:19)\n    at processTicksAndRejections (node:internal/process/task_queues:105:5)\n    at SelectQueryBuilder.loadRawResults (C:\\Users\\Roshan Chaudhary\\Desktop\\skilio-customerMs\\src\\query-builder\\SelectQueryBuilder.ts:3863:25)\n    at SelectQueryBuilder.executeEntitiesAndRawResults (C:\\Users\\Roshan Chaudhary\\Desktop\\skilio-customerMs\\src\\query-builder\\SelectQueryBuilder.ts:3609:26)\n    at SelectQueryBuilder.getRawAndEntities (C:\\Users\\Roshan Chaudhary\\Desktop\\skilio-customerMs\\src\\query-builder\\SelectQueryBuilder.ts:1671:29)\n    at SelectQueryBuilder.getMany (C:\\Users\\Roshan Chaudhary\\Desktop\\skilio-customerMs\\src\\query-builder\\SelectQueryBuilder.ts:1761:25)\n    at SystemConfigStore.loadConfigs (C:\\Users\\Roshan Chaudhary\\Desktop\\skilio-customerMs\\src\\app\\config\\systemConfigStore.ts:12:32)\n    at C:\\Users\\Roshan Chaudhary\\Desktop\\skilio-customerMs\\src\\server.ts:52:5"}
{"level":"info","message":"Listening at port number 3000","service":"user-service"}
{"level":"info","message":"Database connection established successfully at skilio-customer","service":"user-service"}
{"code":"42703","driverError":{"code":"42703","file":"parse_relation.c","length":120,"line":"3721","name":"error","position":"50","routine":"errorMissingColumn","severity":"ERROR"},"file":"parse_relation.c","length":120,"level":"error","line":"3721","message":"Error loading provider configurations: column SystemConfig.createdAt does not exist","parameters":[],"position":"50","query":"SELECT \"SystemConfig\".\"id\" AS \"SystemConfig_id\", \"SystemConfig\".\"createdAt\" AS \"SystemConfig_createdAt\", \"SystemConfig\".\"updatedAt\" AS \"SystemConfig_updatedAt\", \"SystemConfig\".\"providerName\" AS \"SystemConfig_providerName\", \"SystemConfig\".\"medium\" AS \"SystemConfig_medium\", \"SystemConfig\".\"apiKey\" AS \"SystemConfig_apiKey\", \"SystemConfig\".\"apiSecret\" AS \"SystemConfig_apiSecret\", \"SystemConfig\".\"twilioPhoneNumber\" AS \"SystemConfig_twilioPhoneNumber\" FROM \"system_config\" \"SystemConfig\"","routine":"errorMissingColumn","service":"user-service","severity":"ERROR","stack":"QueryFailedError: column SystemConfig.createdAt does not exist\n    at PostgresQueryRunner.query (C:\\Users\\Roshan Chaudhary\\Desktop\\skilio-customerMs\\src\\driver\\postgres\\PostgresQueryRunner.ts:325:19)\n    at processTicksAndRejections (node:internal/process/task_queues:105:5)\n    at SelectQueryBuilder.loadRawResults (C:\\Users\\Roshan Chaudhary\\Desktop\\skilio-customerMs\\src\\query-builder\\SelectQueryBuilder.ts:3863:25)\n    at SelectQueryBuilder.executeEntitiesAndRawResults (C:\\Users\\Roshan Chaudhary\\Desktop\\skilio-customerMs\\src\\query-builder\\SelectQueryBuilder.ts:3609:26)\n    at SelectQueryBuilder.getRawAndEntities (C:\\Users\\Roshan Chaudhary\\Desktop\\skilio-customerMs\\src\\query-builder\\SelectQueryBuilder.ts:1671:29)\n    at SelectQueryBuilder.getMany (C:\\Users\\Roshan Chaudhary\\Desktop\\skilio-customerMs\\src\\query-builder\\SelectQueryBuilder.ts:1761:25)\n    at SystemConfigStore.loadConfigs (C:\\Users\\Roshan Chaudhary\\Desktop\\skilio-customerMs\\src\\app\\config\\systemConfigStore.ts:12:32)\n    at C:\\Users\\Roshan Chaudhary\\Desktop\\skilio-customerMs\\src\\server.ts:52:5"}
{"level":"info","message":"Listening at port number 3000","service":"user-service"}
{"level":"info","message":"Database connection established successfully at skilio-customer","service":"user-service"}
{"code":"42703","driverError":{"code":"42703","file":"parse_relation.c","length":120,"line":"3721","name":"error","position":"50","routine":"errorMissingColumn","severity":"ERROR"},"file":"parse_relation.c","length":120,"level":"error","line":"3721","message":"Error loading provider configurations: column SystemConfig.createdAt does not exist","parameters":[],"position":"50","query":"SELECT \"SystemConfig\".\"id\" AS \"SystemConfig_id\", \"SystemConfig\".\"createdAt\" AS \"SystemConfig_createdAt\", \"SystemConfig\".\"updatedAt\" AS \"SystemConfig_updatedAt\", \"SystemConfig\".\"providerName\" AS \"SystemConfig_providerName\", \"SystemConfig\".\"medium\" AS \"SystemConfig_medium\", \"SystemConfig\".\"apiKey\" AS \"SystemConfig_apiKey\", \"SystemConfig\".\"apiSecret\" AS \"SystemConfig_apiSecret\", \"SystemConfig\".\"twilioPhoneNumber\" AS \"SystemConfig_twilioPhoneNumber\" FROM \"system_config\" \"SystemConfig\"","routine":"errorMissingColumn","service":"user-service","severity":"ERROR","stack":"QueryFailedError: column SystemConfig.createdAt does not exist\n    at PostgresQueryRunner.query (C:\\Users\\Roshan Chaudhary\\Desktop\\skilio-customerMs\\src\\driver\\postgres\\PostgresQueryRunner.ts:325:19)\n    at processTicksAndRejections (node:internal/process/task_queues:105:5)\n    at SelectQueryBuilder.loadRawResults (C:\\Users\\Roshan Chaudhary\\Desktop\\skilio-customerMs\\src\\query-builder\\SelectQueryBuilder.ts:3863:25)\n    at SelectQueryBuilder.executeEntitiesAndRawResults (C:\\Users\\Roshan Chaudhary\\Desktop\\skilio-customerMs\\src\\query-builder\\SelectQueryBuilder.ts:3609:26)\n    at SelectQueryBuilder.getRawAndEntities (C:\\Users\\Roshan Chaudhary\\Desktop\\skilio-customerMs\\src\\query-builder\\SelectQueryBuilder.ts:1671:29)\n    at SelectQueryBuilder.getMany (C:\\Users\\Roshan Chaudhary\\Desktop\\skilio-customerMs\\src\\query-builder\\SelectQueryBuilder.ts:1761:25)\n    at SystemConfigStore.loadConfigs (C:\\Users\\Roshan Chaudhary\\Desktop\\skilio-customerMs\\src\\app\\config\\systemConfigStore.ts:12:32)\n    at C:\\Users\\Roshan Chaudhary\\Desktop\\skilio-customerMs\\src\\server.ts:52:5"}
{"level":"info","message":"Listening at port number 3000","service":"user-service"}
{"level":"info","message":"Database connection established successfully at skilio-customer","service":"user-service"}
{"code":"42703","driverError":{"code":"42703","file":"parse_relation.c","length":120,"line":"3721","name":"error","position":"50","routine":"errorMissingColumn","severity":"ERROR"},"file":"parse_relation.c","length":120,"level":"error","line":"3721","message":"Error loading provider configurations: column SystemConfig.createdAt does not exist","parameters":[],"position":"50","query":"SELECT \"SystemConfig\".\"id\" AS \"SystemConfig_id\", \"SystemConfig\".\"createdAt\" AS \"SystemConfig_createdAt\", \"SystemConfig\".\"updatedAt\" AS \"SystemConfig_updatedAt\", \"SystemConfig\".\"providerName\" AS \"SystemConfig_providerName\", \"SystemConfig\".\"medium\" AS \"SystemConfig_medium\", \"SystemConfig\".\"apiKey\" AS \"SystemConfig_apiKey\", \"SystemConfig\".\"apiSecret\" AS \"SystemConfig_apiSecret\", \"SystemConfig\".\"twilioPhoneNumber\" AS \"SystemConfig_twilioPhoneNumber\" FROM \"system_config\" \"SystemConfig\"","routine":"errorMissingColumn","service":"user-service","severity":"ERROR","stack":"QueryFailedError: column SystemConfig.createdAt does not exist\n    at PostgresQueryRunner.query (C:\\Users\\Roshan Chaudhary\\Desktop\\skilio-customerMs\\src\\driver\\postgres\\PostgresQueryRunner.ts:325:19)\n    at processTicksAndRejections (node:internal/process/task_queues:105:5)\n    at SelectQueryBuilder.loadRawResults (C:\\Users\\Roshan Chaudhary\\Desktop\\skilio-customerMs\\src\\query-builder\\SelectQueryBuilder.ts:3863:25)\n    at SelectQueryBuilder.executeEntitiesAndRawResults (C:\\Users\\Roshan Chaudhary\\Desktop\\skilio-customerMs\\src\\query-builder\\SelectQueryBuilder.ts:3609:26)\n    at SelectQueryBuilder.getRawAndEntities (C:\\Users\\Roshan Chaudhary\\Desktop\\skilio-customerMs\\src\\query-builder\\SelectQueryBuilder.ts:1671:29)\n    at SelectQueryBuilder.getMany (C:\\Users\\Roshan Chaudhary\\Desktop\\skilio-customerMs\\src\\query-builder\\SelectQueryBuilder.ts:1761:25)\n    at SystemConfigStore.loadConfigs (C:\\Users\\Roshan Chaudhary\\Desktop\\skilio-customerMs\\src\\app\\config\\systemConfigStore.ts:12:32)\n    at C:\\Users\\Roshan Chaudhary\\Desktop\\skilio-customerMs\\src\\server.ts:52:5"}
{"level":"info","message":"Listening at port number 3000","service":"user-service"}
{"level":"info","message":"Database connection established successfully at skilio-customer","service":"user-service"}
{"code":"42703","driverError":{"code":"42703","file":"parse_relation.c","length":120,"line":"3721","name":"error","position":"50","routine":"errorMissingColumn","severity":"ERROR"},"file":"parse_relation.c","length":120,"level":"error","line":"3721","message":"Error loading provider configurations: column SystemConfig.createdAt does not exist","parameters":[],"position":"50","query":"SELECT \"SystemConfig\".\"id\" AS \"SystemConfig_id\", \"SystemConfig\".\"createdAt\" AS \"SystemConfig_createdAt\", \"SystemConfig\".\"updatedAt\" AS \"SystemConfig_updatedAt\", \"SystemConfig\".\"providerName\" AS \"SystemConfig_providerName\", \"SystemConfig\".\"medium\" AS \"SystemConfig_medium\", \"SystemConfig\".\"apiKey\" AS \"SystemConfig_apiKey\", \"SystemConfig\".\"apiSecret\" AS \"SystemConfig_apiSecret\", \"SystemConfig\".\"twilioPhoneNumber\" AS \"SystemConfig_twilioPhoneNumber\" FROM \"system_config\" \"SystemConfig\"","routine":"errorMissingColumn","service":"user-service","severity":"ERROR","stack":"QueryFailedError: column SystemConfig.createdAt does not exist\n    at PostgresQueryRunner.query (C:\\Users\\Roshan Chaudhary\\Desktop\\skilio-customerMs\\src\\driver\\postgres\\PostgresQueryRunner.ts:325:19)\n    at processTicksAndRejections (node:internal/process/task_queues:105:5)\n    at SelectQueryBuilder.loadRawResults (C:\\Users\\Roshan Chaudhary\\Desktop\\skilio-customerMs\\src\\query-builder\\SelectQueryBuilder.ts:3863:25)\n    at SelectQueryBuilder.executeEntitiesAndRawResults (C:\\Users\\Roshan Chaudhary\\Desktop\\skilio-customerMs\\src\\query-builder\\SelectQueryBuilder.ts:3609:26)\n    at SelectQueryBuilder.getRawAndEntities (C:\\Users\\Roshan Chaudhary\\Desktop\\skilio-customerMs\\src\\query-builder\\SelectQueryBuilder.ts:1671:29)\n    at SelectQueryBuilder.getMany (C:\\Users\\Roshan Chaudhary\\Desktop\\skilio-customerMs\\src\\query-builder\\SelectQueryBuilder.ts:1761:25)\n    at SystemConfigStore.loadConfigs (C:\\Users\\Roshan Chaudhary\\Desktop\\skilio-customerMs\\src\\app\\config\\systemConfigStore.ts:12:32)\n    at C:\\Users\\Roshan Chaudhary\\Desktop\\skilio-customerMs\\src\\server.ts:52:5"}
{"level":"info","message":"Listening at port number 3000","service":"user-service"}
{"level":"info","message":"Database connection established successfully at skilio-customer","service":"user-service"}
{"code":"42703","driverError":{"code":"42703","file":"parse_relation.c","length":120,"line":"3721","name":"error","position":"50","routine":"errorMissingColumn","severity":"ERROR"},"file":"parse_relation.c","length":120,"level":"error","line":"3721","message":"Error loading provider configurations: column SystemConfig.createdAt does not exist","parameters":[],"position":"50","query":"SELECT \"SystemConfig\".\"id\" AS \"SystemConfig_id\", \"SystemConfig\".\"createdAt\" AS \"SystemConfig_createdAt\", \"SystemConfig\".\"updatedAt\" AS \"SystemConfig_updatedAt\", \"SystemConfig\".\"providerName\" AS \"SystemConfig_providerName\", \"SystemConfig\".\"medium\" AS \"SystemConfig_medium\", \"SystemConfig\".\"apiKey\" AS \"SystemConfig_apiKey\", \"SystemConfig\".\"apiSecret\" AS \"SystemConfig_apiSecret\", \"SystemConfig\".\"twilioPhoneNumber\" AS \"SystemConfig_twilioPhoneNumber\" FROM \"system_config\" \"SystemConfig\"","routine":"errorMissingColumn","service":"user-service","severity":"ERROR","stack":"QueryFailedError: column SystemConfig.createdAt does not exist\n    at PostgresQueryRunner.query (C:\\Users\\Roshan Chaudhary\\Desktop\\skilio-customerMs\\src\\driver\\postgres\\PostgresQueryRunner.ts:325:19)\n    at processTicksAndRejections (node:internal/process/task_queues:105:5)\n    at SelectQueryBuilder.loadRawResults (C:\\Users\\Roshan Chaudhary\\Desktop\\skilio-customerMs\\src\\query-builder\\SelectQueryBuilder.ts:3863:25)\n    at SelectQueryBuilder.executeEntitiesAndRawResults (C:\\Users\\Roshan Chaudhary\\Desktop\\skilio-customerMs\\src\\query-builder\\SelectQueryBuilder.ts:3609:26)\n    at SelectQueryBuilder.getRawAndEntities (C:\\Users\\Roshan Chaudhary\\Desktop\\skilio-customerMs\\src\\query-builder\\SelectQueryBuilder.ts:1671:29)\n    at SelectQueryBuilder.getMany (C:\\Users\\Roshan Chaudhary\\Desktop\\skilio-customerMs\\src\\query-builder\\SelectQueryBuilder.ts:1761:25)\n    at SystemConfigStore.loadConfigs (C:\\Users\\Roshan Chaudhary\\Desktop\\skilio-customerMs\\src\\app\\config\\systemConfigStore.ts:12:32)\n    at C:\\Users\\Roshan Chaudhary\\Desktop\\skilio-customerMs\\src\\server.ts:52:5"}
{"level":"info","message":"Listening at port number 3000","service":"user-service"}
{"level":"info","message":"Database connection established successfully at skilio-customer","service":"user-service"}
{"code":"42703","driverError":{"code":"42703","file":"parse_relation.c","length":120,"line":"3721","name":"error","position":"50","routine":"errorMissingColumn","severity":"ERROR"},"file":"parse_relation.c","length":120,"level":"error","line":"3721","message":"Error loading provider configurations: column SystemConfig.createdAt does not exist","parameters":[],"position":"50","query":"SELECT \"SystemConfig\".\"id\" AS \"SystemConfig_id\", \"SystemConfig\".\"createdAt\" AS \"SystemConfig_createdAt\", \"SystemConfig\".\"updatedAt\" AS \"SystemConfig_updatedAt\", \"SystemConfig\".\"providerName\" AS \"SystemConfig_providerName\", \"SystemConfig\".\"medium\" AS \"SystemConfig_medium\", \"SystemConfig\".\"apiKey\" AS \"SystemConfig_apiKey\", \"SystemConfig\".\"apiSecret\" AS \"SystemConfig_apiSecret\", \"SystemConfig\".\"twilioPhoneNumber\" AS \"SystemConfig_twilioPhoneNumber\" FROM \"system_config\" \"SystemConfig\"","routine":"errorMissingColumn","service":"user-service","severity":"ERROR","stack":"QueryFailedError: column SystemConfig.createdAt does not exist\n    at PostgresQueryRunner.query (C:\\Users\\Roshan Chaudhary\\Desktop\\skilio-customerMs\\src\\driver\\postgres\\PostgresQueryRunner.ts:325:19)\n    at processTicksAndRejections (node:internal/process/task_queues:105:5)\n    at SelectQueryBuilder.loadRawResults (C:\\Users\\Roshan Chaudhary\\Desktop\\skilio-customerMs\\src\\query-builder\\SelectQueryBuilder.ts:3863:25)\n    at SelectQueryBuilder.executeEntitiesAndRawResults (C:\\Users\\Roshan Chaudhary\\Desktop\\skilio-customerMs\\src\\query-builder\\SelectQueryBuilder.ts:3609:26)\n    at SelectQueryBuilder.getRawAndEntities (C:\\Users\\Roshan Chaudhary\\Desktop\\skilio-customerMs\\src\\query-builder\\SelectQueryBuilder.ts:1671:29)\n    at SelectQueryBuilder.getMany (C:\\Users\\Roshan Chaudhary\\Desktop\\skilio-customerMs\\src\\query-builder\\SelectQueryBuilder.ts:1761:25)\n    at SystemConfigStore.loadConfigs (C:\\Users\\Roshan Chaudhary\\Desktop\\skilio-customerMs\\src\\app\\config\\systemConfigStore.ts:12:32)\n    at C:\\Users\\Roshan Chaudhary\\Desktop\\skilio-customerMs\\src\\server.ts:52:5"}
{"level":"info","message":"Listening at port number 3000","service":"user-service"}
{"level":"info","message":"Database connection established successfully at skilio-customer","service":"user-service"}
{"code":"42703","driverError":{"code":"42703","file":"parse_relation.c","length":120,"line":"3721","name":"error","position":"50","routine":"errorMissingColumn","severity":"ERROR"},"file":"parse_relation.c","length":120,"level":"error","line":"3721","message":"Error loading provider configurations: column SystemConfig.createdAt does not exist","parameters":[],"position":"50","query":"SELECT \"SystemConfig\".\"id\" AS \"SystemConfig_id\", \"SystemConfig\".\"createdAt\" AS \"SystemConfig_createdAt\", \"SystemConfig\".\"updatedAt\" AS \"SystemConfig_updatedAt\", \"SystemConfig\".\"providerName\" AS \"SystemConfig_providerName\", \"SystemConfig\".\"medium\" AS \"SystemConfig_medium\", \"SystemConfig\".\"apiKey\" AS \"SystemConfig_apiKey\", \"SystemConfig\".\"apiSecret\" AS \"SystemConfig_apiSecret\", \"SystemConfig\".\"twilioPhoneNumber\" AS \"SystemConfig_twilioPhoneNumber\" FROM \"system_config\" \"SystemConfig\"","routine":"errorMissingColumn","service":"user-service","severity":"ERROR","stack":"QueryFailedError: column SystemConfig.createdAt does not exist\n    at PostgresQueryRunner.query (C:\\Users\\Roshan Chaudhary\\Desktop\\skilio-customerMs\\src\\driver\\postgres\\PostgresQueryRunner.ts:325:19)\n    at processTicksAndRejections (node:internal/process/task_queues:105:5)\n    at SelectQueryBuilder.loadRawResults (C:\\Users\\Roshan Chaudhary\\Desktop\\skilio-customerMs\\src\\query-builder\\SelectQueryBuilder.ts:3863:25)\n    at SelectQueryBuilder.executeEntitiesAndRawResults (C:\\Users\\Roshan Chaudhary\\Desktop\\skilio-customerMs\\src\\query-builder\\SelectQueryBuilder.ts:3609:26)\n    at SelectQueryBuilder.getRawAndEntities (C:\\Users\\Roshan Chaudhary\\Desktop\\skilio-customerMs\\src\\query-builder\\SelectQueryBuilder.ts:1671:29)\n    at SelectQueryBuilder.getMany (C:\\Users\\Roshan Chaudhary\\Desktop\\skilio-customerMs\\src\\query-builder\\SelectQueryBuilder.ts:1761:25)\n    at SystemConfigStore.loadConfigs (C:\\Users\\Roshan Chaudhary\\Desktop\\skilio-customerMs\\src\\app\\config\\systemConfigStore.ts:12:32)\n    at C:\\Users\\Roshan Chaudhary\\Desktop\\skilio-customerMs\\src\\server.ts:52:5"}
{"level":"info","message":"Listening at port number 3000","service":"user-service"}
{"level":"info","message":"Database connection established successfully at skilio-customer","service":"user-service"}
{"code":"42703","driverError":{"code":"42703","file":"parse_relation.c","length":120,"line":"3721","name":"error","position":"50","routine":"errorMissingColumn","severity":"ERROR"},"file":"parse_relation.c","length":120,"level":"error","line":"3721","message":"Error loading provider configurations: column SystemConfig.createdAt does not exist","parameters":[],"position":"50","query":"SELECT \"SystemConfig\".\"id\" AS \"SystemConfig_id\", \"SystemConfig\".\"createdAt\" AS \"SystemConfig_createdAt\", \"SystemConfig\".\"updatedAt\" AS \"SystemConfig_updatedAt\", \"SystemConfig\".\"providerName\" AS \"SystemConfig_providerName\", \"SystemConfig\".\"medium\" AS \"SystemConfig_medium\", \"SystemConfig\".\"apiKey\" AS \"SystemConfig_apiKey\", \"SystemConfig\".\"apiSecret\" AS \"SystemConfig_apiSecret\", \"SystemConfig\".\"twilioPhoneNumber\" AS \"SystemConfig_twilioPhoneNumber\" FROM \"system_config\" \"SystemConfig\"","routine":"errorMissingColumn","service":"user-service","severity":"ERROR","stack":"QueryFailedError: column SystemConfig.createdAt does not exist\n    at PostgresQueryRunner.query (C:\\Users\\Roshan Chaudhary\\Desktop\\skilio-customerMs\\src\\driver\\postgres\\PostgresQueryRunner.ts:325:19)\n    at processTicksAndRejections (node:internal/process/task_queues:105:5)\n    at SelectQueryBuilder.loadRawResults (C:\\Users\\Roshan Chaudhary\\Desktop\\skilio-customerMs\\src\\query-builder\\SelectQueryBuilder.ts:3863:25)\n    at SelectQueryBuilder.executeEntitiesAndRawResults (C:\\Users\\Roshan Chaudhary\\Desktop\\skilio-customerMs\\src\\query-builder\\SelectQueryBuilder.ts:3609:26)\n    at SelectQueryBuilder.getRawAndEntities (C:\\Users\\Roshan Chaudhary\\Desktop\\skilio-customerMs\\src\\query-builder\\SelectQueryBuilder.ts:1671:29)\n    at SelectQueryBuilder.getMany (C:\\Users\\Roshan Chaudhary\\Desktop\\skilio-customerMs\\src\\query-builder\\SelectQueryBuilder.ts:1761:25)\n    at SystemConfigStore.loadConfigs (C:\\Users\\Roshan Chaudhary\\Desktop\\skilio-customerMs\\src\\app\\config\\systemConfigStore.ts:12:32)\n    at C:\\Users\\Roshan Chaudhary\\Desktop\\skilio-customerMs\\src\\server.ts:52:5"}
{"level":"info","message":"Listening at port number 3000","service":"user-service"}
{"level":"info","message":"Database connection established successfully at skilio-customer","service":"user-service"}
{"code":"42703","driverError":{"code":"42703","file":"parse_relation.c","length":120,"line":"3721","name":"error","position":"50","routine":"errorMissingColumn","severity":"ERROR"},"file":"parse_relation.c","length":120,"level":"error","line":"3721","message":"Error loading provider configurations: column SystemConfig.createdAt does not exist","parameters":[],"position":"50","query":"SELECT \"SystemConfig\".\"id\" AS \"SystemConfig_id\", \"SystemConfig\".\"createdAt\" AS \"SystemConfig_createdAt\", \"SystemConfig\".\"updatedAt\" AS \"SystemConfig_updatedAt\", \"SystemConfig\".\"providerName\" AS \"SystemConfig_providerName\", \"SystemConfig\".\"medium\" AS \"SystemConfig_medium\", \"SystemConfig\".\"apiKey\" AS \"SystemConfig_apiKey\", \"SystemConfig\".\"apiSecret\" AS \"SystemConfig_apiSecret\", \"SystemConfig\".\"twilioPhoneNumber\" AS \"SystemConfig_twilioPhoneNumber\" FROM \"system_config\" \"SystemConfig\"","routine":"errorMissingColumn","service":"user-service","severity":"ERROR","stack":"QueryFailedError: column SystemConfig.createdAt does not exist\n    at PostgresQueryRunner.query (C:\\Users\\Roshan Chaudhary\\Desktop\\skilio-customerMs\\src\\driver\\postgres\\PostgresQueryRunner.ts:325:19)\n    at processTicksAndRejections (node:internal/process/task_queues:105:5)\n    at SelectQueryBuilder.loadRawResults (C:\\Users\\Roshan Chaudhary\\Desktop\\skilio-customerMs\\src\\query-builder\\SelectQueryBuilder.ts:3863:25)\n    at SelectQueryBuilder.executeEntitiesAndRawResults (C:\\Users\\Roshan Chaudhary\\Desktop\\skilio-customerMs\\src\\query-builder\\SelectQueryBuilder.ts:3609:26)\n    at SelectQueryBuilder.getRawAndEntities (C:\\Users\\Roshan Chaudhary\\Desktop\\skilio-customerMs\\src\\query-builder\\SelectQueryBuilder.ts:1671:29)\n    at SelectQueryBuilder.getMany (C:\\Users\\Roshan Chaudhary\\Desktop\\skilio-customerMs\\src\\query-builder\\SelectQueryBuilder.ts:1761:25)\n    at SystemConfigStore.loadConfigs (C:\\Users\\Roshan Chaudhary\\Desktop\\skilio-customerMs\\src\\app\\config\\systemConfigStore.ts:12:32)\n    at C:\\Users\\Roshan Chaudhary\\Desktop\\skilio-customerMs\\src\\server.ts:52:5"}
{"level":"info","message":"Listening at port number 3000","service":"user-service"}
{"level":"info","message":"Database connection established successfully at skilio-customer","service":"user-service"}
{"code":"42703","driverError":{"code":"42703","file":"parse_relation.c","length":120,"line":"3721","name":"error","position":"50","routine":"errorMissingColumn","severity":"ERROR"},"file":"parse_relation.c","length":120,"level":"error","line":"3721","message":"Error loading provider configurations: column SystemConfig.createdAt does not exist","parameters":[],"position":"50","query":"SELECT \"SystemConfig\".\"id\" AS \"SystemConfig_id\", \"SystemConfig\".\"createdAt\" AS \"SystemConfig_createdAt\", \"SystemConfig\".\"updatedAt\" AS \"SystemConfig_updatedAt\", \"SystemConfig\".\"providerName\" AS \"SystemConfig_providerName\", \"SystemConfig\".\"medium\" AS \"SystemConfig_medium\", \"SystemConfig\".\"apiKey\" AS \"SystemConfig_apiKey\", \"SystemConfig\".\"apiSecret\" AS \"SystemConfig_apiSecret\", \"SystemConfig\".\"twilioPhoneNumber\" AS \"SystemConfig_twilioPhoneNumber\" FROM \"system_config\" \"SystemConfig\"","routine":"errorMissingColumn","service":"user-service","severity":"ERROR","stack":"QueryFailedError: column SystemConfig.createdAt does not exist\n    at PostgresQueryRunner.query (C:\\Users\\Roshan Chaudhary\\Desktop\\skilio-customerMs\\src\\driver\\postgres\\PostgresQueryRunner.ts:325:19)\n    at processTicksAndRejections (node:internal/process/task_queues:105:5)\n    at SelectQueryBuilder.loadRawResults (C:\\Users\\Roshan Chaudhary\\Desktop\\skilio-customerMs\\src\\query-builder\\SelectQueryBuilder.ts:3863:25)\n    at SelectQueryBuilder.executeEntitiesAndRawResults (C:\\Users\\Roshan Chaudhary\\Desktop\\skilio-customerMs\\src\\query-builder\\SelectQueryBuilder.ts:3609:26)\n    at SelectQueryBuilder.getRawAndEntities (C:\\Users\\Roshan Chaudhary\\Desktop\\skilio-customerMs\\src\\query-builder\\SelectQueryBuilder.ts:1671:29)\n    at SelectQueryBuilder.getMany (C:\\Users\\Roshan Chaudhary\\Desktop\\skilio-customerMs\\src\\query-builder\\SelectQueryBuilder.ts:1761:25)\n    at SystemConfigStore.loadConfigs (C:\\Users\\Roshan Chaudhary\\Desktop\\skilio-customerMs\\src\\app\\config\\systemConfigStore.ts:12:32)\n    at C:\\Users\\Roshan Chaudhary\\Desktop\\skilio-customerMs\\src\\server.ts:52:5"}
{"level":"info","message":"Listening at port number 3000","service":"user-service"}
{"level":"info","message":"Database connection established successfully at skilio-customer","service":"user-service"}
{"code":"42703","driverError":{"code":"42703","file":"parse_relation.c","length":120,"line":"3721","name":"error","position":"50","routine":"errorMissingColumn","severity":"ERROR"},"file":"parse_relation.c","length":120,"level":"error","line":"3721","message":"Error loading provider configurations: column SystemConfig.createdAt does not exist","parameters":[],"position":"50","query":"SELECT \"SystemConfig\".\"id\" AS \"SystemConfig_id\", \"SystemConfig\".\"createdAt\" AS \"SystemConfig_createdAt\", \"SystemConfig\".\"updatedAt\" AS \"SystemConfig_updatedAt\", \"SystemConfig\".\"providerName\" AS \"SystemConfig_providerName\", \"SystemConfig\".\"medium\" AS \"SystemConfig_medium\", \"SystemConfig\".\"apiKey\" AS \"SystemConfig_apiKey\", \"SystemConfig\".\"apiSecret\" AS \"SystemConfig_apiSecret\", \"SystemConfig\".\"twilioPhoneNumber\" AS \"SystemConfig_twilioPhoneNumber\" FROM \"system_config\" \"SystemConfig\"","routine":"errorMissingColumn","service":"user-service","severity":"ERROR","stack":"QueryFailedError: column SystemConfig.createdAt does not exist\n    at PostgresQueryRunner.query (C:\\Users\\Roshan Chaudhary\\Desktop\\skilio-customerMs\\src\\driver\\postgres\\PostgresQueryRunner.ts:325:19)\n    at processTicksAndRejections (node:internal/process/task_queues:105:5)\n    at SelectQueryBuilder.loadRawResults (C:\\Users\\Roshan Chaudhary\\Desktop\\skilio-customerMs\\src\\query-builder\\SelectQueryBuilder.ts:3863:25)\n    at SelectQueryBuilder.executeEntitiesAndRawResults (C:\\Users\\Roshan Chaudhary\\Desktop\\skilio-customerMs\\src\\query-builder\\SelectQueryBuilder.ts:3609:26)\n    at SelectQueryBuilder.getRawAndEntities (C:\\Users\\Roshan Chaudhary\\Desktop\\skilio-customerMs\\src\\query-builder\\SelectQueryBuilder.ts:1671:29)\n    at SelectQueryBuilder.getMany (C:\\Users\\Roshan Chaudhary\\Desktop\\skilio-customerMs\\src\\query-builder\\SelectQueryBuilder.ts:1761:25)\n    at SystemConfigStore.loadConfigs (C:\\Users\\Roshan Chaudhary\\Desktop\\skilio-customerMs\\src\\app\\config\\systemConfigStore.ts:12:32)\n    at C:\\Users\\Roshan Chaudhary\\Desktop\\skilio-customerMs\\src\\server.ts:52:5"}
{"level":"info","message":"Listening at port number 3000","service":"user-service"}
{"level":"info","message":"Database connection established successfully at skilio-customer","service":"user-service"}
{"code":"42703","driverError":{"code":"42703","file":"parse_relation.c","length":120,"line":"3721","name":"error","position":"50","routine":"errorMissingColumn","severity":"ERROR"},"file":"parse_relation.c","length":120,"level":"error","line":"3721","message":"Error loading provider configurations: column SystemConfig.createdAt does not exist","parameters":[],"position":"50","query":"SELECT \"SystemConfig\".\"id\" AS \"SystemConfig_id\", \"SystemConfig\".\"createdAt\" AS \"SystemConfig_createdAt\", \"SystemConfig\".\"updatedAt\" AS \"SystemConfig_updatedAt\", \"SystemConfig\".\"providerName\" AS \"SystemConfig_providerName\", \"SystemConfig\".\"medium\" AS \"SystemConfig_medium\", \"SystemConfig\".\"apiKey\" AS \"SystemConfig_apiKey\", \"SystemConfig\".\"apiSecret\" AS \"SystemConfig_apiSecret\", \"SystemConfig\".\"twilioPhoneNumber\" AS \"SystemConfig_twilioPhoneNumber\" FROM \"system_config\" \"SystemConfig\"","routine":"errorMissingColumn","service":"user-service","severity":"ERROR","stack":"QueryFailedError: column SystemConfig.createdAt does not exist\n    at PostgresQueryRunner.query (C:\\Users\\Roshan Chaudhary\\Desktop\\skilio-customerMs\\src\\driver\\postgres\\PostgresQueryRunner.ts:325:19)\n    at processTicksAndRejections (node:internal/process/task_queues:105:5)\n    at SelectQueryBuilder.loadRawResults (C:\\Users\\Roshan Chaudhary\\Desktop\\skilio-customerMs\\src\\query-builder\\SelectQueryBuilder.ts:3863:25)\n    at SelectQueryBuilder.executeEntitiesAndRawResults (C:\\Users\\Roshan Chaudhary\\Desktop\\skilio-customerMs\\src\\query-builder\\SelectQueryBuilder.ts:3609:26)\n    at SelectQueryBuilder.getRawAndEntities (C:\\Users\\Roshan Chaudhary\\Desktop\\skilio-customerMs\\src\\query-builder\\SelectQueryBuilder.ts:1671:29)\n    at SelectQueryBuilder.getMany (C:\\Users\\Roshan Chaudhary\\Desktop\\skilio-customerMs\\src\\query-builder\\SelectQueryBuilder.ts:1761:25)\n    at SystemConfigStore.loadConfigs (C:\\Users\\Roshan Chaudhary\\Desktop\\skilio-customerMs\\src\\app\\config\\systemConfigStore.ts:12:32)\n    at C:\\Users\\Roshan Chaudhary\\Desktop\\skilio-customerMs\\src\\server.ts:52:5"}
{"level":"info","message":"Listening at port number 3000","service":"user-service"}
{"level":"info","message":"Database connection established successfully at skilio-customer","service":"user-service"}
{"code":"42703","driverError":{"code":"42703","file":"parse_relation.c","length":120,"line":"3721","name":"error","position":"50","routine":"errorMissingColumn","severity":"ERROR"},"file":"parse_relation.c","length":120,"level":"error","line":"3721","message":"Error loading provider configurations: column SystemConfig.createdAt does not exist","parameters":[],"position":"50","query":"SELECT \"SystemConfig\".\"id\" AS \"SystemConfig_id\", \"SystemConfig\".\"createdAt\" AS \"SystemConfig_createdAt\", \"SystemConfig\".\"updatedAt\" AS \"SystemConfig_updatedAt\", \"SystemConfig\".\"providerName\" AS \"SystemConfig_providerName\", \"SystemConfig\".\"medium\" AS \"SystemConfig_medium\", \"SystemConfig\".\"apiKey\" AS \"SystemConfig_apiKey\", \"SystemConfig\".\"apiSecret\" AS \"SystemConfig_apiSecret\", \"SystemConfig\".\"twilioPhoneNumber\" AS \"SystemConfig_twilioPhoneNumber\" FROM \"system_config\" \"SystemConfig\"","routine":"errorMissingColumn","service":"user-service","severity":"ERROR","stack":"QueryFailedError: column SystemConfig.createdAt does not exist\n    at PostgresQueryRunner.query (C:\\Users\\Roshan Chaudhary\\Desktop\\skilio-customerMs\\src\\driver\\postgres\\PostgresQueryRunner.ts:325:19)\n    at processTicksAndRejections (node:internal/process/task_queues:105:5)\n    at SelectQueryBuilder.loadRawResults (C:\\Users\\Roshan Chaudhary\\Desktop\\skilio-customerMs\\src\\query-builder\\SelectQueryBuilder.ts:3863:25)\n    at SelectQueryBuilder.executeEntitiesAndRawResults (C:\\Users\\Roshan Chaudhary\\Desktop\\skilio-customerMs\\src\\query-builder\\SelectQueryBuilder.ts:3609:26)\n    at SelectQueryBuilder.getRawAndEntities (C:\\Users\\Roshan Chaudhary\\Desktop\\skilio-customerMs\\src\\query-builder\\SelectQueryBuilder.ts:1671:29)\n    at SelectQueryBuilder.getMany (C:\\Users\\Roshan Chaudhary\\Desktop\\skilio-customerMs\\src\\query-builder\\SelectQueryBuilder.ts:1761:25)\n    at SystemConfigStore.loadConfigs (C:\\Users\\Roshan Chaudhary\\Desktop\\skilio-customerMs\\src\\app\\config\\systemConfigStore.ts:12:32)\n    at C:\\Users\\Roshan Chaudhary\\Desktop\\skilio-customerMs\\src\\server.ts:52:5"}
{"level":"info","message":"Listening at port number 3000","service":"user-service"}
{"level":"info","message":"Database connection established successfully at skilio-customer","service":"user-service"}
{"code":"42703","driverError":{"code":"42703","file":"parse_relation.c","length":120,"line":"3721","name":"error","position":"50","routine":"errorMissingColumn","severity":"ERROR"},"file":"parse_relation.c","length":120,"level":"error","line":"3721","message":"Error loading provider configurations: column SystemConfig.createdAt does not exist","parameters":[],"position":"50","query":"SELECT \"SystemConfig\".\"id\" AS \"SystemConfig_id\", \"SystemConfig\".\"createdAt\" AS \"SystemConfig_createdAt\", \"SystemConfig\".\"updatedAt\" AS \"SystemConfig_updatedAt\", \"SystemConfig\".\"providerName\" AS \"SystemConfig_providerName\", \"SystemConfig\".\"medium\" AS \"SystemConfig_medium\", \"SystemConfig\".\"apiKey\" AS \"SystemConfig_apiKey\", \"SystemConfig\".\"apiSecret\" AS \"SystemConfig_apiSecret\", \"SystemConfig\".\"twilioPhoneNumber\" AS \"SystemConfig_twilioPhoneNumber\" FROM \"system_config\" \"SystemConfig\"","routine":"errorMissingColumn","service":"user-service","severity":"ERROR","stack":"QueryFailedError: column SystemConfig.createdAt does not exist\n    at PostgresQueryRunner.query (C:\\Users\\Roshan Chaudhary\\Desktop\\skilio-customerMs\\src\\driver\\postgres\\PostgresQueryRunner.ts:325:19)\n    at processTicksAndRejections (node:internal/process/task_queues:105:5)\n    at SelectQueryBuilder.loadRawResults (C:\\Users\\Roshan Chaudhary\\Desktop\\skilio-customerMs\\src\\query-builder\\SelectQueryBuilder.ts:3863:25)\n    at SelectQueryBuilder.executeEntitiesAndRawResults (C:\\Users\\Roshan Chaudhary\\Desktop\\skilio-customerMs\\src\\query-builder\\SelectQueryBuilder.ts:3609:26)\n    at SelectQueryBuilder.getRawAndEntities (C:\\Users\\Roshan Chaudhary\\Desktop\\skilio-customerMs\\src\\query-builder\\SelectQueryBuilder.ts:1671:29)\n    at SelectQueryBuilder.getMany (C:\\Users\\Roshan Chaudhary\\Desktop\\skilio-customerMs\\src\\query-builder\\SelectQueryBuilder.ts:1761:25)\n    at SystemConfigStore.loadConfigs (C:\\Users\\Roshan Chaudhary\\Desktop\\skilio-customerMs\\src\\app\\config\\systemConfigStore.ts:12:32)\n    at C:\\Users\\Roshan Chaudhary\\Desktop\\skilio-customerMs\\src\\server.ts:52:5"}
{"level":"info","message":"Listening at port number 3000","service":"user-service"}
{"level":"info","message":"Database connection established successfully at skilio-customer","service":"user-service"}
{"code":"42703","driverError":{"code":"42703","file":"parse_relation.c","length":120,"line":"3721","name":"error","position":"50","routine":"errorMissingColumn","severity":"ERROR"},"file":"parse_relation.c","length":120,"level":"error","line":"3721","message":"Error loading provider configurations: column SystemConfig.createdAt does not exist","parameters":[],"position":"50","query":"SELECT \"SystemConfig\".\"id\" AS \"SystemConfig_id\", \"SystemConfig\".\"createdAt\" AS \"SystemConfig_createdAt\", \"SystemConfig\".\"updatedAt\" AS \"SystemConfig_updatedAt\", \"SystemConfig\".\"providerName\" AS \"SystemConfig_providerName\", \"SystemConfig\".\"medium\" AS \"SystemConfig_medium\", \"SystemConfig\".\"apiKey\" AS \"SystemConfig_apiKey\", \"SystemConfig\".\"apiSecret\" AS \"SystemConfig_apiSecret\", \"SystemConfig\".\"twilioPhoneNumber\" AS \"SystemConfig_twilioPhoneNumber\" FROM \"system_config\" \"SystemConfig\"","routine":"errorMissingColumn","service":"user-service","severity":"ERROR","stack":"QueryFailedError: column SystemConfig.createdAt does not exist\n    at PostgresQueryRunner.query (C:\\Users\\Roshan Chaudhary\\Desktop\\skilio-customerMs\\src\\driver\\postgres\\PostgresQueryRunner.ts:325:19)\n    at processTicksAndRejections (node:internal/process/task_queues:105:5)\n    at SelectQueryBuilder.loadRawResults (C:\\Users\\Roshan Chaudhary\\Desktop\\skilio-customerMs\\src\\query-builder\\SelectQueryBuilder.ts:3863:25)\n    at SelectQueryBuilder.executeEntitiesAndRawResults (C:\\Users\\Roshan Chaudhary\\Desktop\\skilio-customerMs\\src\\query-builder\\SelectQueryBuilder.ts:3609:26)\n    at SelectQueryBuilder.getRawAndEntities (C:\\Users\\Roshan Chaudhary\\Desktop\\skilio-customerMs\\src\\query-builder\\SelectQueryBuilder.ts:1671:29)\n    at SelectQueryBuilder.getMany (C:\\Users\\Roshan Chaudhary\\Desktop\\skilio-customerMs\\src\\query-builder\\SelectQueryBuilder.ts:1761:25)\n    at SystemConfigStore.loadConfigs (C:\\Users\\Roshan Chaudhary\\Desktop\\skilio-customerMs\\src\\app\\config\\systemConfigStore.ts:12:32)\n    at C:\\Users\\Roshan Chaudhary\\Desktop\\skilio-customerMs\\src\\server.ts:52:5"}
{"level":"info","message":"Listening at port number 3000","service":"user-service"}
{"level":"info","message":"Database connection established successfully at skilio-customer","service":"user-service"}
{"code":"42703","driverError":{"code":"42703","file":"parse_relation.c","length":120,"line":"3721","name":"error","position":"50","routine":"errorMissingColumn","severity":"ERROR"},"file":"parse_relation.c","length":120,"level":"error","line":"3721","message":"Error loading provider configurations: column SystemConfig.createdAt does not exist","parameters":[],"position":"50","query":"SELECT \"SystemConfig\".\"id\" AS \"SystemConfig_id\", \"SystemConfig\".\"createdAt\" AS \"SystemConfig_createdAt\", \"SystemConfig\".\"updatedAt\" AS \"SystemConfig_updatedAt\", \"SystemConfig\".\"providerName\" AS \"SystemConfig_providerName\", \"SystemConfig\".\"medium\" AS \"SystemConfig_medium\", \"SystemConfig\".\"apiKey\" AS \"SystemConfig_apiKey\", \"SystemConfig\".\"apiSecret\" AS \"SystemConfig_apiSecret\", \"SystemConfig\".\"twilioPhoneNumber\" AS \"SystemConfig_twilioPhoneNumber\" FROM \"system_config\" \"SystemConfig\"","routine":"errorMissingColumn","service":"user-service","severity":"ERROR","stack":"QueryFailedError: column SystemConfig.createdAt does not exist\n    at PostgresQueryRunner.query (C:\\Users\\Roshan Chaudhary\\Desktop\\skilio-customerMs\\src\\driver\\postgres\\PostgresQueryRunner.ts:325:19)\n    at processTicksAndRejections (node:internal/process/task_queues:105:5)\n    at SelectQueryBuilder.loadRawResults (C:\\Users\\Roshan Chaudhary\\Desktop\\skilio-customerMs\\src\\query-builder\\SelectQueryBuilder.ts:3863:25)\n    at SelectQueryBuilder.executeEntitiesAndRawResults (C:\\Users\\Roshan Chaudhary\\Desktop\\skilio-customerMs\\src\\query-builder\\SelectQueryBuilder.ts:3609:26)\n    at SelectQueryBuilder.getRawAndEntities (C:\\Users\\Roshan Chaudhary\\Desktop\\skilio-customerMs\\src\\query-builder\\SelectQueryBuilder.ts:1671:29)\n    at SelectQueryBuilder.getMany (C:\\Users\\Roshan Chaudhary\\Desktop\\skilio-customerMs\\src\\query-builder\\SelectQueryBuilder.ts:1761:25)\n    at SystemConfigStore.loadConfigs (C:\\Users\\Roshan Chaudhary\\Desktop\\skilio-customerMs\\src\\app\\config\\systemConfigStore.ts:12:32)\n    at C:\\Users\\Roshan Chaudhary\\Desktop\\skilio-customerMs\\src\\server.ts:52:5"}
{"level":"info","message":"Listening at port number 3000","service":"user-service"}
{"level":"info","message":"Database connection established successfully at skilio-customer","service":"user-service"}
{"code":"42703","driverError":{"code":"42703","file":"parse_relation.c","length":120,"line":"3721","name":"error","position":"50","routine":"errorMissingColumn","severity":"ERROR"},"file":"parse_relation.c","length":120,"level":"error","line":"3721","message":"Error loading provider configurations: column SystemConfig.createdAt does not exist","parameters":[],"position":"50","query":"SELECT \"SystemConfig\".\"id\" AS \"SystemConfig_id\", \"SystemConfig\".\"createdAt\" AS \"SystemConfig_createdAt\", \"SystemConfig\".\"updatedAt\" AS \"SystemConfig_updatedAt\", \"SystemConfig\".\"providerName\" AS \"SystemConfig_providerName\", \"SystemConfig\".\"medium\" AS \"SystemConfig_medium\", \"SystemConfig\".\"apiKey\" AS \"SystemConfig_apiKey\", \"SystemConfig\".\"apiSecret\" AS \"SystemConfig_apiSecret\", \"SystemConfig\".\"twilioPhoneNumber\" AS \"SystemConfig_twilioPhoneNumber\" FROM \"system_config\" \"SystemConfig\"","routine":"errorMissingColumn","service":"user-service","severity":"ERROR","stack":"QueryFailedError: column SystemConfig.createdAt does not exist\n    at PostgresQueryRunner.query (C:\\Users\\Roshan Chaudhary\\Desktop\\skilio-customerMs\\src\\driver\\postgres\\PostgresQueryRunner.ts:325:19)\n    at processTicksAndRejections (node:internal/process/task_queues:105:5)\n    at SelectQueryBuilder.loadRawResults (C:\\Users\\Roshan Chaudhary\\Desktop\\skilio-customerMs\\src\\query-builder\\SelectQueryBuilder.ts:3863:25)\n    at SelectQueryBuilder.executeEntitiesAndRawResults (C:\\Users\\Roshan Chaudhary\\Desktop\\skilio-customerMs\\src\\query-builder\\SelectQueryBuilder.ts:3609:26)\n    at SelectQueryBuilder.getRawAndEntities (C:\\Users\\Roshan Chaudhary\\Desktop\\skilio-customerMs\\src\\query-builder\\SelectQueryBuilder.ts:1671:29)\n    at SelectQueryBuilder.getMany (C:\\Users\\Roshan Chaudhary\\Desktop\\skilio-customerMs\\src\\query-builder\\SelectQueryBuilder.ts:1761:25)\n    at SystemConfigStore.loadConfigs (C:\\Users\\Roshan Chaudhary\\Desktop\\skilio-customerMs\\src\\app\\config\\systemConfigStore.ts:12:32)\n    at C:\\Users\\Roshan Chaudhary\\Desktop\\skilio-customerMs\\src\\server.ts:52:5"}
{"level":"info","message":"Listening at port number 3000","service":"user-service"}
{"level":"info","message":"Database connection established successfully at skilio-customer","service":"user-service"}
{"code":"42703","driverError":{"code":"42703","file":"parse_relation.c","length":120,"line":"3721","name":"error","position":"50","routine":"errorMissingColumn","severity":"ERROR"},"file":"parse_relation.c","length":120,"level":"error","line":"3721","message":"Error loading provider configurations: column SystemConfig.createdAt does not exist","parameters":[],"position":"50","query":"SELECT \"SystemConfig\".\"id\" AS \"SystemConfig_id\", \"SystemConfig\".\"createdAt\" AS \"SystemConfig_createdAt\", \"SystemConfig\".\"updatedAt\" AS \"SystemConfig_updatedAt\", \"SystemConfig\".\"providerName\" AS \"SystemConfig_providerName\", \"SystemConfig\".\"medium\" AS \"SystemConfig_medium\", \"SystemConfig\".\"apiKey\" AS \"SystemConfig_apiKey\", \"SystemConfig\".\"apiSecret\" AS \"SystemConfig_apiSecret\", \"SystemConfig\".\"twilioPhoneNumber\" AS \"SystemConfig_twilioPhoneNumber\" FROM \"system_config\" \"SystemConfig\"","routine":"errorMissingColumn","service":"user-service","severity":"ERROR","stack":"QueryFailedError: column SystemConfig.createdAt does not exist\n    at PostgresQueryRunner.query (C:\\Users\\Roshan Chaudhary\\Desktop\\skilio-customerMs\\src\\driver\\postgres\\PostgresQueryRunner.ts:325:19)\n    at processTicksAndRejections (node:internal/process/task_queues:105:5)\n    at SelectQueryBuilder.loadRawResults (C:\\Users\\Roshan Chaudhary\\Desktop\\skilio-customerMs\\src\\query-builder\\SelectQueryBuilder.ts:3863:25)\n    at SelectQueryBuilder.executeEntitiesAndRawResults (C:\\Users\\Roshan Chaudhary\\Desktop\\skilio-customerMs\\src\\query-builder\\SelectQueryBuilder.ts:3609:26)\n    at SelectQueryBuilder.getRawAndEntities (C:\\Users\\Roshan Chaudhary\\Desktop\\skilio-customerMs\\src\\query-builder\\SelectQueryBuilder.ts:1671:29)\n    at SelectQueryBuilder.getMany (C:\\Users\\Roshan Chaudhary\\Desktop\\skilio-customerMs\\src\\query-builder\\SelectQueryBuilder.ts:1761:25)\n    at SystemConfigStore.loadConfigs (C:\\Users\\Roshan Chaudhary\\Desktop\\skilio-customerMs\\src\\app\\config\\systemConfigStore.ts:12:32)\n    at C:\\Users\\Roshan Chaudhary\\Desktop\\skilio-customerMs\\src\\server.ts:52:5"}
{"level":"info","message":"Listening at port number 3000","service":"user-service"}
{"level":"info","message":"Database connection established successfully at skilio-customer","service":"user-service"}
{"code":"42703","driverError":{"code":"42703","file":"parse_relation.c","length":120,"line":"3721","name":"error","position":"50","routine":"errorMissingColumn","severity":"ERROR"},"file":"parse_relation.c","length":120,"level":"error","line":"3721","message":"Error loading provider configurations: column SystemConfig.createdAt does not exist","parameters":[],"position":"50","query":"SELECT \"SystemConfig\".\"id\" AS \"SystemConfig_id\", \"SystemConfig\".\"createdAt\" AS \"SystemConfig_createdAt\", \"SystemConfig\".\"updatedAt\" AS \"SystemConfig_updatedAt\", \"SystemConfig\".\"providerName\" AS \"SystemConfig_providerName\", \"SystemConfig\".\"medium\" AS \"SystemConfig_medium\", \"SystemConfig\".\"apiKey\" AS \"SystemConfig_apiKey\", \"SystemConfig\".\"apiSecret\" AS \"SystemConfig_apiSecret\", \"SystemConfig\".\"twilioPhoneNumber\" AS \"SystemConfig_twilioPhoneNumber\" FROM \"system_config\" \"SystemConfig\"","routine":"errorMissingColumn","service":"user-service","severity":"ERROR","stack":"QueryFailedError: column SystemConfig.createdAt does not exist\n    at PostgresQueryRunner.query (C:\\Users\\Roshan Chaudhary\\Desktop\\skilio-customerMs\\src\\driver\\postgres\\PostgresQueryRunner.ts:325:19)\n    at processTicksAndRejections (node:internal/process/task_queues:105:5)\n    at SelectQueryBuilder.loadRawResults (C:\\Users\\Roshan Chaudhary\\Desktop\\skilio-customerMs\\src\\query-builder\\SelectQueryBuilder.ts:3863:25)\n    at SelectQueryBuilder.executeEntitiesAndRawResults (C:\\Users\\Roshan Chaudhary\\Desktop\\skilio-customerMs\\src\\query-builder\\SelectQueryBuilder.ts:3609:26)\n    at SelectQueryBuilder.getRawAndEntities (C:\\Users\\Roshan Chaudhary\\Desktop\\skilio-customerMs\\src\\query-builder\\SelectQueryBuilder.ts:1671:29)\n    at SelectQueryBuilder.getMany (C:\\Users\\Roshan Chaudhary\\Desktop\\skilio-customerMs\\src\\query-builder\\SelectQueryBuilder.ts:1761:25)\n    at SystemConfigStore.loadConfigs (C:\\Users\\Roshan Chaudhary\\Desktop\\skilio-customerMs\\src\\app\\config\\systemConfigStore.ts:12:32)\n    at C:\\Users\\Roshan Chaudhary\\Desktop\\skilio-customerMs\\src\\server.ts:52:5"}
{"level":"info","message":"Listening at port number 3000","service":"user-service"}
{"level":"info","message":"Database connection established successfully at skilio-customer","service":"user-service"}
{"code":"42703","driverError":{"code":"42703","file":"parse_relation.c","length":120,"line":"3721","name":"error","position":"50","routine":"errorMissingColumn","severity":"ERROR"},"file":"parse_relation.c","length":120,"level":"error","line":"3721","message":"Error loading provider configurations: column SystemConfig.createdAt does not exist","parameters":[],"position":"50","query":"SELECT \"SystemConfig\".\"id\" AS \"SystemConfig_id\", \"SystemConfig\".\"createdAt\" AS \"SystemConfig_createdAt\", \"SystemConfig\".\"updatedAt\" AS \"SystemConfig_updatedAt\", \"SystemConfig\".\"providerName\" AS \"SystemConfig_providerName\", \"SystemConfig\".\"medium\" AS \"SystemConfig_medium\", \"SystemConfig\".\"apiKey\" AS \"SystemConfig_apiKey\", \"SystemConfig\".\"apiSecret\" AS \"SystemConfig_apiSecret\", \"SystemConfig\".\"twilioPhoneNumber\" AS \"SystemConfig_twilioPhoneNumber\" FROM \"system_config\" \"SystemConfig\"","routine":"errorMissingColumn","service":"user-service","severity":"ERROR","stack":"QueryFailedError: column SystemConfig.createdAt does not exist\n    at PostgresQueryRunner.query (C:\\Users\\Roshan Chaudhary\\Desktop\\skilio-customerMs\\src\\driver\\postgres\\PostgresQueryRunner.ts:325:19)\n    at processTicksAndRejections (node:internal/process/task_queues:105:5)\n    at SelectQueryBuilder.loadRawResults (C:\\Users\\Roshan Chaudhary\\Desktop\\skilio-customerMs\\src\\query-builder\\SelectQueryBuilder.ts:3863:25)\n    at SelectQueryBuilder.executeEntitiesAndRawResults (C:\\Users\\Roshan Chaudhary\\Desktop\\skilio-customerMs\\src\\query-builder\\SelectQueryBuilder.ts:3609:26)\n    at SelectQueryBuilder.getRawAndEntities (C:\\Users\\Roshan Chaudhary\\Desktop\\skilio-customerMs\\src\\query-builder\\SelectQueryBuilder.ts:1671:29)\n    at SelectQueryBuilder.getMany (C:\\Users\\Roshan Chaudhary\\Desktop\\skilio-customerMs\\src\\query-builder\\SelectQueryBuilder.ts:1761:25)\n    at SystemConfigStore.loadConfigs (C:\\Users\\Roshan Chaudhary\\Desktop\\skilio-customerMs\\src\\app\\config\\systemConfigStore.ts:12:32)\n    at C:\\Users\\Roshan Chaudhary\\Desktop\\skilio-customerMs\\src\\server.ts:52:5"}
{"level":"info","message":"Listening at port number 3000","service":"user-service"}
{"level":"info","message":"Database connection established successfully at skilio-customer","service":"user-service"}
{"code":"42703","driverError":{"code":"42703","file":"parse_relation.c","length":120,"line":"3721","name":"error","position":"50","routine":"errorMissingColumn","severity":"ERROR"},"file":"parse_relation.c","length":120,"level":"error","line":"3721","message":"Error loading provider configurations: column SystemConfig.createdAt does not exist","parameters":[],"position":"50","query":"SELECT \"SystemConfig\".\"id\" AS \"SystemConfig_id\", \"SystemConfig\".\"createdAt\" AS \"SystemConfig_createdAt\", \"SystemConfig\".\"updatedAt\" AS \"SystemConfig_updatedAt\", \"SystemConfig\".\"providerName\" AS \"SystemConfig_providerName\", \"SystemConfig\".\"medium\" AS \"SystemConfig_medium\", \"SystemConfig\".\"apiKey\" AS \"SystemConfig_apiKey\", \"SystemConfig\".\"apiSecret\" AS \"SystemConfig_apiSecret\", \"SystemConfig\".\"twilioPhoneNumber\" AS \"SystemConfig_twilioPhoneNumber\" FROM \"system_config\" \"SystemConfig\"","routine":"errorMissingColumn","service":"user-service","severity":"ERROR","stack":"QueryFailedError: column SystemConfig.createdAt does not exist\n    at PostgresQueryRunner.query (C:\\Users\\Roshan Chaudhary\\Desktop\\skilio-customerMs\\src\\driver\\postgres\\PostgresQueryRunner.ts:325:19)\n    at processTicksAndRejections (node:internal/process/task_queues:105:5)\n    at SelectQueryBuilder.loadRawResults (C:\\Users\\Roshan Chaudhary\\Desktop\\skilio-customerMs\\src\\query-builder\\SelectQueryBuilder.ts:3863:25)\n    at SelectQueryBuilder.executeEntitiesAndRawResults (C:\\Users\\Roshan Chaudhary\\Desktop\\skilio-customerMs\\src\\query-builder\\SelectQueryBuilder.ts:3609:26)\n    at SelectQueryBuilder.getRawAndEntities (C:\\Users\\Roshan Chaudhary\\Desktop\\skilio-customerMs\\src\\query-builder\\SelectQueryBuilder.ts:1671:29)\n    at SelectQueryBuilder.getMany (C:\\Users\\Roshan Chaudhary\\Desktop\\skilio-customerMs\\src\\query-builder\\SelectQueryBuilder.ts:1761:25)\n    at SystemConfigStore.loadConfigs (C:\\Users\\Roshan Chaudhary\\Desktop\\skilio-customerMs\\src\\app\\config\\systemConfigStore.ts:12:32)\n    at C:\\Users\\Roshan Chaudhary\\Desktop\\skilio-customerMs\\src\\server.ts:52:5"}
{"level":"info","message":"Listening at port number 3000","service":"user-service"}
{"level":"info","message":"Database connection established successfully at skilio-customer","service":"user-service"}
{"code":"42703","driverError":{"code":"42703","file":"parse_relation.c","length":120,"line":"3721","name":"error","position":"50","routine":"errorMissingColumn","severity":"ERROR"},"file":"parse_relation.c","length":120,"level":"error","line":"3721","message":"Error loading provider configurations: column SystemConfig.createdAt does not exist","parameters":[],"position":"50","query":"SELECT \"SystemConfig\".\"id\" AS \"SystemConfig_id\", \"SystemConfig\".\"createdAt\" AS \"SystemConfig_createdAt\", \"SystemConfig\".\"updatedAt\" AS \"SystemConfig_updatedAt\", \"SystemConfig\".\"providerName\" AS \"SystemConfig_providerName\", \"SystemConfig\".\"medium\" AS \"SystemConfig_medium\", \"SystemConfig\".\"apiKey\" AS \"SystemConfig_apiKey\", \"SystemConfig\".\"apiSecret\" AS \"SystemConfig_apiSecret\", \"SystemConfig\".\"twilioPhoneNumber\" AS \"SystemConfig_twilioPhoneNumber\" FROM \"system_config\" \"SystemConfig\"","routine":"errorMissingColumn","service":"user-service","severity":"ERROR","stack":"QueryFailedError: column SystemConfig.createdAt does not exist\n    at PostgresQueryRunner.query (C:\\Users\\Roshan Chaudhary\\Desktop\\skilio-customerMs\\src\\driver\\postgres\\PostgresQueryRunner.ts:325:19)\n    at processTicksAndRejections (node:internal/process/task_queues:105:5)\n    at SelectQueryBuilder.loadRawResults (C:\\Users\\Roshan Chaudhary\\Desktop\\skilio-customerMs\\src\\query-builder\\SelectQueryBuilder.ts:3863:25)\n    at SelectQueryBuilder.executeEntitiesAndRawResults (C:\\Users\\Roshan Chaudhary\\Desktop\\skilio-customerMs\\src\\query-builder\\SelectQueryBuilder.ts:3609:26)\n    at SelectQueryBuilder.getRawAndEntities (C:\\Users\\Roshan Chaudhary\\Desktop\\skilio-customerMs\\src\\query-builder\\SelectQueryBuilder.ts:1671:29)\n    at SelectQueryBuilder.getMany (C:\\Users\\Roshan Chaudhary\\Desktop\\skilio-customerMs\\src\\query-builder\\SelectQueryBuilder.ts:1761:25)\n    at SystemConfigStore.loadConfigs (C:\\Users\\Roshan Chaudhary\\Desktop\\skilio-customerMs\\src\\app\\config\\systemConfigStore.ts:12:32)\n    at C:\\Users\\Roshan Chaudhary\\Desktop\\skilio-customerMs\\src\\server.ts:52:5"}
{"level":"info","message":"Listening at port number 3000","service":"user-service"}
{"level":"info","message":"Database connection established successfully at skilio-customer","service":"user-service"}
{"code":"42703","driverError":{"code":"42703","file":"parse_relation.c","length":120,"line":"3721","name":"error","position":"50","routine":"errorMissingColumn","severity":"ERROR"},"file":"parse_relation.c","length":120,"level":"error","line":"3721","message":"Error loading provider configurations: column SystemConfig.createdAt does not exist","parameters":[],"position":"50","query":"SELECT \"SystemConfig\".\"id\" AS \"SystemConfig_id\", \"SystemConfig\".\"createdAt\" AS \"SystemConfig_createdAt\", \"SystemConfig\".\"updatedAt\" AS \"SystemConfig_updatedAt\", \"SystemConfig\".\"providerName\" AS \"SystemConfig_providerName\", \"SystemConfig\".\"medium\" AS \"SystemConfig_medium\", \"SystemConfig\".\"apiKey\" AS \"SystemConfig_apiKey\", \"SystemConfig\".\"apiSecret\" AS \"SystemConfig_apiSecret\", \"SystemConfig\".\"twilioPhoneNumber\" AS \"SystemConfig_twilioPhoneNumber\" FROM \"system_config\" \"SystemConfig\"","routine":"errorMissingColumn","service":"user-service","severity":"ERROR","stack":"QueryFailedError: column SystemConfig.createdAt does not exist\n    at PostgresQueryRunner.query (C:\\Users\\Roshan Chaudhary\\Desktop\\skilio-customerMs\\src\\driver\\postgres\\PostgresQueryRunner.ts:325:19)\n    at processTicksAndRejections (node:internal/process/task_queues:105:5)\n    at SelectQueryBuilder.loadRawResults (C:\\Users\\Roshan Chaudhary\\Desktop\\skilio-customerMs\\src\\query-builder\\SelectQueryBuilder.ts:3863:25)\n    at SelectQueryBuilder.executeEntitiesAndRawResults (C:\\Users\\Roshan Chaudhary\\Desktop\\skilio-customerMs\\src\\query-builder\\SelectQueryBuilder.ts:3609:26)\n    at SelectQueryBuilder.getRawAndEntities (C:\\Users\\Roshan Chaudhary\\Desktop\\skilio-customerMs\\src\\query-builder\\SelectQueryBuilder.ts:1671:29)\n    at SelectQueryBuilder.getMany (C:\\Users\\Roshan Chaudhary\\Desktop\\skilio-customerMs\\src\\query-builder\\SelectQueryBuilder.ts:1761:25)\n    at SystemConfigStore.loadConfigs (C:\\Users\\Roshan Chaudhary\\Desktop\\skilio-customerMs\\src\\app\\config\\systemConfigStore.ts:12:32)\n    at C:\\Users\\Roshan Chaudhary\\Desktop\\skilio-customerMs\\src\\server.ts:52:5"}
{"level":"info","message":"Listening at port number 3000","service":"user-service"}
{"level":"info","message":"Database connection established successfully at skilio-customer","service":"user-service"}
{"code":"42703","driverError":{"code":"42703","file":"parse_relation.c","length":120,"line":"3721","name":"error","position":"50","routine":"errorMissingColumn","severity":"ERROR"},"file":"parse_relation.c","length":120,"level":"error","line":"3721","message":"Error loading provider configurations: column SystemConfig.createdAt does not exist","parameters":[],"position":"50","query":"SELECT \"SystemConfig\".\"id\" AS \"SystemConfig_id\", \"SystemConfig\".\"createdAt\" AS \"SystemConfig_createdAt\", \"SystemConfig\".\"updatedAt\" AS \"SystemConfig_updatedAt\", \"SystemConfig\".\"providerName\" AS \"SystemConfig_providerName\", \"SystemConfig\".\"medium\" AS \"SystemConfig_medium\", \"SystemConfig\".\"apiKey\" AS \"SystemConfig_apiKey\", \"SystemConfig\".\"apiSecret\" AS \"SystemConfig_apiSecret\", \"SystemConfig\".\"twilioPhoneNumber\" AS \"SystemConfig_twilioPhoneNumber\" FROM \"system_config\" \"SystemConfig\"","routine":"errorMissingColumn","service":"user-service","severity":"ERROR","stack":"QueryFailedError: column SystemConfig.createdAt does not exist\n    at PostgresQueryRunner.query (C:\\Users\\Roshan Chaudhary\\Desktop\\skilio-customerMs\\src\\driver\\postgres\\PostgresQueryRunner.ts:325:19)\n    at processTicksAndRejections (node:internal/process/task_queues:105:5)\n    at SelectQueryBuilder.loadRawResults (C:\\Users\\Roshan Chaudhary\\Desktop\\skilio-customerMs\\src\\query-builder\\SelectQueryBuilder.ts:3863:25)\n    at SelectQueryBuilder.executeEntitiesAndRawResults (C:\\Users\\Roshan Chaudhary\\Desktop\\skilio-customerMs\\src\\query-builder\\SelectQueryBuilder.ts:3609:26)\n    at SelectQueryBuilder.getRawAndEntities (C:\\Users\\Roshan Chaudhary\\Desktop\\skilio-customerMs\\src\\query-builder\\SelectQueryBuilder.ts:1671:29)\n    at SelectQueryBuilder.getMany (C:\\Users\\Roshan Chaudhary\\Desktop\\skilio-customerMs\\src\\query-builder\\SelectQueryBuilder.ts:1761:25)\n    at SystemConfigStore.loadConfigs (C:\\Users\\Roshan Chaudhary\\Desktop\\skilio-customerMs\\src\\app\\config\\systemConfigStore.ts:12:32)\n    at C:\\Users\\Roshan Chaudhary\\Desktop\\skilio-customerMs\\src\\server.ts:52:5"}
{"level":"info","message":"Listening at port number 3000","service":"user-service"}
{"level":"info","message":"Database connection established successfully at skilio-customer","service":"user-service"}
{"code":"42703","driverError":{"code":"42703","file":"parse_relation.c","length":120,"line":"3721","name":"error","position":"50","routine":"errorMissingColumn","severity":"ERROR"},"file":"parse_relation.c","length":120,"level":"error","line":"3721","message":"Error loading provider configurations: column SystemConfig.createdAt does not exist","parameters":[],"position":"50","query":"SELECT \"SystemConfig\".\"id\" AS \"SystemConfig_id\", \"SystemConfig\".\"createdAt\" AS \"SystemConfig_createdAt\", \"SystemConfig\".\"updatedAt\" AS \"SystemConfig_updatedAt\", \"SystemConfig\".\"providerName\" AS \"SystemConfig_providerName\", \"SystemConfig\".\"medium\" AS \"SystemConfig_medium\", \"SystemConfig\".\"apiKey\" AS \"SystemConfig_apiKey\", \"SystemConfig\".\"apiSecret\" AS \"SystemConfig_apiSecret\", \"SystemConfig\".\"twilioPhoneNumber\" AS \"SystemConfig_twilioPhoneNumber\" FROM \"system_config\" \"SystemConfig\"","routine":"errorMissingColumn","service":"user-service","severity":"ERROR","stack":"QueryFailedError: column SystemConfig.createdAt does not exist\n    at PostgresQueryRunner.query (C:\\Users\\Roshan Chaudhary\\Desktop\\skilio-customerMs\\src\\driver\\postgres\\PostgresQueryRunner.ts:325:19)\n    at processTicksAndRejections (node:internal/process/task_queues:105:5)\n    at SelectQueryBuilder.loadRawResults (C:\\Users\\Roshan Chaudhary\\Desktop\\skilio-customerMs\\src\\query-builder\\SelectQueryBuilder.ts:3863:25)\n    at SelectQueryBuilder.executeEntitiesAndRawResults (C:\\Users\\Roshan Chaudhary\\Desktop\\skilio-customerMs\\src\\query-builder\\SelectQueryBuilder.ts:3609:26)\n    at SelectQueryBuilder.getRawAndEntities (C:\\Users\\Roshan Chaudhary\\Desktop\\skilio-customerMs\\src\\query-builder\\SelectQueryBuilder.ts:1671:29)\n    at SelectQueryBuilder.getMany (C:\\Users\\Roshan Chaudhary\\Desktop\\skilio-customerMs\\src\\query-builder\\SelectQueryBuilder.ts:1761:25)\n    at SystemConfigStore.loadConfigs (C:\\Users\\Roshan Chaudhary\\Desktop\\skilio-customerMs\\src\\app\\config\\systemConfigStore.ts:12:32)\n    at C:\\Users\\Roshan Chaudhary\\Desktop\\skilio-customerMs\\src\\server.ts:52:5"}
{"level":"info","message":"Listening at port number 3000","service":"user-service"}
{"level":"info","message":"Database connection established successfully at skilio-customer","service":"user-service"}
{"code":"42703","driverError":{"code":"42703","file":"parse_relation.c","length":120,"line":"3721","name":"error","position":"50","routine":"errorMissingColumn","severity":"ERROR"},"file":"parse_relation.c","length":120,"level":"error","line":"3721","message":"Error loading provider configurations: column SystemConfig.createdAt does not exist","parameters":[],"position":"50","query":"SELECT \"SystemConfig\".\"id\" AS \"SystemConfig_id\", \"SystemConfig\".\"createdAt\" AS \"SystemConfig_createdAt\", \"SystemConfig\".\"updatedAt\" AS \"SystemConfig_updatedAt\", \"SystemConfig\".\"providerName\" AS \"SystemConfig_providerName\", \"SystemConfig\".\"medium\" AS \"SystemConfig_medium\", \"SystemConfig\".\"apiKey\" AS \"SystemConfig_apiKey\", \"SystemConfig\".\"apiSecret\" AS \"SystemConfig_apiSecret\", \"SystemConfig\".\"twilioPhoneNumber\" AS \"SystemConfig_twilioPhoneNumber\" FROM \"system_config\" \"SystemConfig\"","routine":"errorMissingColumn","service":"user-service","severity":"ERROR","stack":"QueryFailedError: column SystemConfig.createdAt does not exist\n    at PostgresQueryRunner.query (C:\\Users\\Roshan Chaudhary\\Desktop\\skilio-customerMs\\src\\driver\\postgres\\PostgresQueryRunner.ts:325:19)\n    at processTicksAndRejections (node:internal/process/task_queues:105:5)\n    at SelectQueryBuilder.loadRawResults (C:\\Users\\Roshan Chaudhary\\Desktop\\skilio-customerMs\\src\\query-builder\\SelectQueryBuilder.ts:3863:25)\n    at SelectQueryBuilder.executeEntitiesAndRawResults (C:\\Users\\Roshan Chaudhary\\Desktop\\skilio-customerMs\\src\\query-builder\\SelectQueryBuilder.ts:3609:26)\n    at SelectQueryBuilder.getRawAndEntities (C:\\Users\\Roshan Chaudhary\\Desktop\\skilio-customerMs\\src\\query-builder\\SelectQueryBuilder.ts:1671:29)\n    at SelectQueryBuilder.getMany (C:\\Users\\Roshan Chaudhary\\Desktop\\skilio-customerMs\\src\\query-builder\\SelectQueryBuilder.ts:1761:25)\n    at SystemConfigStore.loadConfigs (C:\\Users\\Roshan Chaudhary\\Desktop\\skilio-customerMs\\src\\app\\config\\systemConfigStore.ts:12:32)\n    at C:\\Users\\Roshan Chaudhary\\Desktop\\skilio-customerMs\\src\\server.ts:52:5"}
{"level":"info","message":"Listening at port number 3000","service":"user-service"}
{"level":"info","message":"Database connection established successfully at skilio-customer","service":"user-service"}
{"code":"42703","driverError":{"code":"42703","file":"parse_relation.c","length":120,"line":"3721","name":"error","position":"50","routine":"errorMissingColumn","severity":"ERROR"},"file":"parse_relation.c","length":120,"level":"error","line":"3721","message":"Error loading provider configurations: column SystemConfig.createdAt does not exist","parameters":[],"position":"50","query":"SELECT \"SystemConfig\".\"id\" AS \"SystemConfig_id\", \"SystemConfig\".\"createdAt\" AS \"SystemConfig_createdAt\", \"SystemConfig\".\"updatedAt\" AS \"SystemConfig_updatedAt\", \"SystemConfig\".\"providerName\" AS \"SystemConfig_providerName\", \"SystemConfig\".\"medium\" AS \"SystemConfig_medium\", \"SystemConfig\".\"apiKey\" AS \"SystemConfig_apiKey\", \"SystemConfig\".\"apiSecret\" AS \"SystemConfig_apiSecret\", \"SystemConfig\".\"twilioPhoneNumber\" AS \"SystemConfig_twilioPhoneNumber\" FROM \"system_config\" \"SystemConfig\"","routine":"errorMissingColumn","service":"user-service","severity":"ERROR","stack":"QueryFailedError: column SystemConfig.createdAt does not exist\n    at PostgresQueryRunner.query (C:\\Users\\Roshan Chaudhary\\Desktop\\skilio-customerMs\\src\\driver\\postgres\\PostgresQueryRunner.ts:325:19)\n    at processTicksAndRejections (node:internal/process/task_queues:105:5)\n    at SelectQueryBuilder.loadRawResults (C:\\Users\\Roshan Chaudhary\\Desktop\\skilio-customerMs\\src\\query-builder\\SelectQueryBuilder.ts:3863:25)\n    at SelectQueryBuilder.executeEntitiesAndRawResults (C:\\Users\\Roshan Chaudhary\\Desktop\\skilio-customerMs\\src\\query-builder\\SelectQueryBuilder.ts:3609:26)\n    at SelectQueryBuilder.getRawAndEntities (C:\\Users\\Roshan Chaudhary\\Desktop\\skilio-customerMs\\src\\query-builder\\SelectQueryBuilder.ts:1671:29)\n    at SelectQueryBuilder.getMany (C:\\Users\\Roshan Chaudhary\\Desktop\\skilio-customerMs\\src\\query-builder\\SelectQueryBuilder.ts:1761:25)\n    at SystemConfigStore.loadConfigs (C:\\Users\\Roshan Chaudhary\\Desktop\\skilio-customerMs\\src\\app\\config\\systemConfigStore.ts:12:32)\n    at C:\\Users\\Roshan Chaudhary\\Desktop\\skilio-customerMs\\src\\server.ts:52:5"}
{"level":"info","message":"Listening at port number 3000","service":"user-service"}
{"level":"info","message":"Database connection established successfully at skilio-customer","service":"user-service"}
{"code":"42703","driverError":{"code":"42703","file":"parse_relation.c","length":120,"line":"3721","name":"error","position":"50","routine":"errorMissingColumn","severity":"ERROR"},"file":"parse_relation.c","length":120,"level":"error","line":"3721","message":"Error loading provider configurations: column SystemConfig.createdAt does not exist","parameters":[],"position":"50","query":"SELECT \"SystemConfig\".\"id\" AS \"SystemConfig_id\", \"SystemConfig\".\"createdAt\" AS \"SystemConfig_createdAt\", \"SystemConfig\".\"updatedAt\" AS \"SystemConfig_updatedAt\", \"SystemConfig\".\"providerName\" AS \"SystemConfig_providerName\", \"SystemConfig\".\"medium\" AS \"SystemConfig_medium\", \"SystemConfig\".\"apiKey\" AS \"SystemConfig_apiKey\", \"SystemConfig\".\"apiSecret\" AS \"SystemConfig_apiSecret\", \"SystemConfig\".\"twilioPhoneNumber\" AS \"SystemConfig_twilioPhoneNumber\" FROM \"system_config\" \"SystemConfig\"","routine":"errorMissingColumn","service":"user-service","severity":"ERROR","stack":"QueryFailedError: column SystemConfig.createdAt does not exist\n    at PostgresQueryRunner.query (C:\\Users\\Roshan Chaudhary\\Desktop\\skilio-customerMs\\src\\driver\\postgres\\PostgresQueryRunner.ts:325:19)\n    at processTicksAndRejections (node:internal/process/task_queues:105:5)\n    at SelectQueryBuilder.loadRawResults (C:\\Users\\Roshan Chaudhary\\Desktop\\skilio-customerMs\\src\\query-builder\\SelectQueryBuilder.ts:3863:25)\n    at SelectQueryBuilder.executeEntitiesAndRawResults (C:\\Users\\Roshan Chaudhary\\Desktop\\skilio-customerMs\\src\\query-builder\\SelectQueryBuilder.ts:3609:26)\n    at SelectQueryBuilder.getRawAndEntities (C:\\Users\\Roshan Chaudhary\\Desktop\\skilio-customerMs\\src\\query-builder\\SelectQueryBuilder.ts:1671:29)\n    at SelectQueryBuilder.getMany (C:\\Users\\Roshan Chaudhary\\Desktop\\skilio-customerMs\\src\\query-builder\\SelectQueryBuilder.ts:1761:25)\n    at SystemConfigStore.loadConfigs (C:\\Users\\Roshan Chaudhary\\Desktop\\skilio-customerMs\\src\\app\\config\\systemConfigStore.ts:12:32)\n    at C:\\Users\\Roshan Chaudhary\\Desktop\\skilio-customerMs\\src\\server.ts:52:5"}
{"level":"info","message":"Listening at port number 3000","service":"user-service"}
{"level":"info","message":"Database connection established successfully at skilio-customer","service":"user-service"}
{"code":"42703","driverError":{"code":"42703","file":"parse_relation.c","length":120,"line":"3721","name":"error","position":"50","routine":"errorMissingColumn","severity":"ERROR"},"file":"parse_relation.c","length":120,"level":"error","line":"3721","message":"Error loading provider configurations: column SystemConfig.createdAt does not exist","parameters":[],"position":"50","query":"SELECT \"SystemConfig\".\"id\" AS \"SystemConfig_id\", \"SystemConfig\".\"createdAt\" AS \"SystemConfig_createdAt\", \"SystemConfig\".\"updatedAt\" AS \"SystemConfig_updatedAt\", \"SystemConfig\".\"providerName\" AS \"SystemConfig_providerName\", \"SystemConfig\".\"medium\" AS \"SystemConfig_medium\", \"SystemConfig\".\"apiKey\" AS \"SystemConfig_apiKey\", \"SystemConfig\".\"apiSecret\" AS \"SystemConfig_apiSecret\", \"SystemConfig\".\"twilioPhoneNumber\" AS \"SystemConfig_twilioPhoneNumber\" FROM \"system_config\" \"SystemConfig\"","routine":"errorMissingColumn","service":"user-service","severity":"ERROR","stack":"QueryFailedError: column SystemConfig.createdAt does not exist\n    at PostgresQueryRunner.query (C:\\Users\\Roshan Chaudhary\\Desktop\\skilio-customerMs\\src\\driver\\postgres\\PostgresQueryRunner.ts:325:19)\n    at processTicksAndRejections (node:internal/process/task_queues:105:5)\n    at SelectQueryBuilder.loadRawResults (C:\\Users\\Roshan Chaudhary\\Desktop\\skilio-customerMs\\src\\query-builder\\SelectQueryBuilder.ts:3863:25)\n    at SelectQueryBuilder.executeEntitiesAndRawResults (C:\\Users\\Roshan Chaudhary\\Desktop\\skilio-customerMs\\src\\query-builder\\SelectQueryBuilder.ts:3609:26)\n    at SelectQueryBuilder.getRawAndEntities (C:\\Users\\Roshan Chaudhary\\Desktop\\skilio-customerMs\\src\\query-builder\\SelectQueryBuilder.ts:1671:29)\n    at SelectQueryBuilder.getMany (C:\\Users\\Roshan Chaudhary\\Desktop\\skilio-customerMs\\src\\query-builder\\SelectQueryBuilder.ts:1761:25)\n    at SystemConfigStore.loadConfigs (C:\\Users\\Roshan Chaudhary\\Desktop\\skilio-customerMs\\src\\app\\config\\systemConfigStore.ts:12:32)\n    at C:\\Users\\Roshan Chaudhary\\Desktop\\skilio-customerMs\\src\\server.ts:52:5"}
{"level":"info","message":"Listening at port number 3000","service":"user-service"}
{"level":"info","message":"Database connection established successfully at skilio-customer","service":"user-service"}
{"code":"42703","driverError":{"code":"42703","file":"parse_relation.c","length":120,"line":"3721","name":"error","position":"50","routine":"errorMissingColumn","severity":"ERROR"},"file":"parse_relation.c","length":120,"level":"error","line":"3721","message":"Error loading provider configurations: column SystemConfig.createdAt does not exist","parameters":[],"position":"50","query":"SELECT \"SystemConfig\".\"id\" AS \"SystemConfig_id\", \"SystemConfig\".\"createdAt\" AS \"SystemConfig_createdAt\", \"SystemConfig\".\"updatedAt\" AS \"SystemConfig_updatedAt\", \"SystemConfig\".\"providerName\" AS \"SystemConfig_providerName\", \"SystemConfig\".\"medium\" AS \"SystemConfig_medium\", \"SystemConfig\".\"apiKey\" AS \"SystemConfig_apiKey\", \"SystemConfig\".\"apiSecret\" AS \"SystemConfig_apiSecret\", \"SystemConfig\".\"twilioPhoneNumber\" AS \"SystemConfig_twilioPhoneNumber\" FROM \"system_config\" \"SystemConfig\"","routine":"errorMissingColumn","service":"user-service","severity":"ERROR","stack":"QueryFailedError: column SystemConfig.createdAt does not exist\n    at PostgresQueryRunner.query (C:\\Users\\Roshan Chaudhary\\Desktop\\skilio-customerMs\\src\\driver\\postgres\\PostgresQueryRunner.ts:325:19)\n    at processTicksAndRejections (node:internal/process/task_queues:105:5)\n    at SelectQueryBuilder.loadRawResults (C:\\Users\\Roshan Chaudhary\\Desktop\\skilio-customerMs\\src\\query-builder\\SelectQueryBuilder.ts:3863:25)\n    at SelectQueryBuilder.executeEntitiesAndRawResults (C:\\Users\\Roshan Chaudhary\\Desktop\\skilio-customerMs\\src\\query-builder\\SelectQueryBuilder.ts:3609:26)\n    at SelectQueryBuilder.getRawAndEntities (C:\\Users\\Roshan Chaudhary\\Desktop\\skilio-customerMs\\src\\query-builder\\SelectQueryBuilder.ts:1671:29)\n    at SelectQueryBuilder.getMany (C:\\Users\\Roshan Chaudhary\\Desktop\\skilio-customerMs\\src\\query-builder\\SelectQueryBuilder.ts:1761:25)\n    at SystemConfigStore.loadConfigs (C:\\Users\\Roshan Chaudhary\\Desktop\\skilio-customerMs\\src\\app\\config\\systemConfigStore.ts:12:32)\n    at C:\\Users\\Roshan Chaudhary\\Desktop\\skilio-customerMs\\src\\server.ts:52:5"}
{"level":"info","message":"Listening at port number 3000","service":"user-service"}
{"level":"info","message":"Database connection established successfully at skilio-customer","service":"user-service"}
{"code":"42703","driverError":{"code":"42703","file":"parse_relation.c","length":120,"line":"3721","name":"error","position":"50","routine":"errorMissingColumn","severity":"ERROR"},"file":"parse_relation.c","length":120,"level":"error","line":"3721","message":"Error loading provider configurations: column SystemConfig.createdAt does not exist","parameters":[],"position":"50","query":"SELECT \"SystemConfig\".\"id\" AS \"SystemConfig_id\", \"SystemConfig\".\"createdAt\" AS \"SystemConfig_createdAt\", \"SystemConfig\".\"updatedAt\" AS \"SystemConfig_updatedAt\", \"SystemConfig\".\"providerName\" AS \"SystemConfig_providerName\", \"SystemConfig\".\"medium\" AS \"SystemConfig_medium\", \"SystemConfig\".\"apiKey\" AS \"SystemConfig_apiKey\", \"SystemConfig\".\"apiSecret\" AS \"SystemConfig_apiSecret\", \"SystemConfig\".\"twilioPhoneNumber\" AS \"SystemConfig_twilioPhoneNumber\" FROM \"system_config\" \"SystemConfig\"","routine":"errorMissingColumn","service":"user-service","severity":"ERROR","stack":"QueryFailedError: column SystemConfig.createdAt does not exist\n    at PostgresQueryRunner.query (C:\\Users\\Roshan Chaudhary\\Desktop\\skilio-customerMs\\src\\driver\\postgres\\PostgresQueryRunner.ts:325:19)\n    at processTicksAndRejections (node:internal/process/task_queues:105:5)\n    at SelectQueryBuilder.loadRawResults (C:\\Users\\Roshan Chaudhary\\Desktop\\skilio-customerMs\\src\\query-builder\\SelectQueryBuilder.ts:3863:25)\n    at SelectQueryBuilder.executeEntitiesAndRawResults (C:\\Users\\Roshan Chaudhary\\Desktop\\skilio-customerMs\\src\\query-builder\\SelectQueryBuilder.ts:3609:26)\n    at SelectQueryBuilder.getRawAndEntities (C:\\Users\\Roshan Chaudhary\\Desktop\\skilio-customerMs\\src\\query-builder\\SelectQueryBuilder.ts:1671:29)\n    at SelectQueryBuilder.getMany (C:\\Users\\Roshan Chaudhary\\Desktop\\skilio-customerMs\\src\\query-builder\\SelectQueryBuilder.ts:1761:25)\n    at SystemConfigStore.loadConfigs (C:\\Users\\Roshan Chaudhary\\Desktop\\skilio-customerMs\\src\\app\\config\\systemConfigStore.ts:12:32)\n    at C:\\Users\\Roshan Chaudhary\\Desktop\\skilio-customerMs\\src\\server.ts:52:5"}
{"level":"info","message":"Listening at port number 3000","service":"user-service"}
{"level":"info","message":"Database connection established successfully at skilio-customer","service":"user-service"}
{"code":"42703","driverError":{"code":"42703","file":"parse_relation.c","length":120,"line":"3721","name":"error","position":"50","routine":"errorMissingColumn","severity":"ERROR"},"file":"parse_relation.c","length":120,"level":"error","line":"3721","message":"Error loading provider configurations: column SystemConfig.createdAt does not exist","parameters":[],"position":"50","query":"SELECT \"SystemConfig\".\"id\" AS \"SystemConfig_id\", \"SystemConfig\".\"createdAt\" AS \"SystemConfig_createdAt\", \"SystemConfig\".\"updatedAt\" AS \"SystemConfig_updatedAt\", \"SystemConfig\".\"providerName\" AS \"SystemConfig_providerName\", \"SystemConfig\".\"medium\" AS \"SystemConfig_medium\", \"SystemConfig\".\"apiKey\" AS \"SystemConfig_apiKey\", \"SystemConfig\".\"apiSecret\" AS \"SystemConfig_apiSecret\", \"SystemConfig\".\"twilioPhoneNumber\" AS \"SystemConfig_twilioPhoneNumber\" FROM \"system_config\" \"SystemConfig\"","routine":"errorMissingColumn","service":"user-service","severity":"ERROR","stack":"QueryFailedError: column SystemConfig.createdAt does not exist\n    at PostgresQueryRunner.query (C:\\Users\\Roshan Chaudhary\\Desktop\\skilio-customerMs\\src\\driver\\postgres\\PostgresQueryRunner.ts:325:19)\n    at processTicksAndRejections (node:internal/process/task_queues:105:5)\n    at SelectQueryBuilder.loadRawResults (C:\\Users\\Roshan Chaudhary\\Desktop\\skilio-customerMs\\src\\query-builder\\SelectQueryBuilder.ts:3863:25)\n    at SelectQueryBuilder.executeEntitiesAndRawResults (C:\\Users\\Roshan Chaudhary\\Desktop\\skilio-customerMs\\src\\query-builder\\SelectQueryBuilder.ts:3609:26)\n    at SelectQueryBuilder.getRawAndEntities (C:\\Users\\Roshan Chaudhary\\Desktop\\skilio-customerMs\\src\\query-builder\\SelectQueryBuilder.ts:1671:29)\n    at SelectQueryBuilder.getMany (C:\\Users\\Roshan Chaudhary\\Desktop\\skilio-customerMs\\src\\query-builder\\SelectQueryBuilder.ts:1761:25)\n    at SystemConfigStore.loadConfigs (C:\\Users\\Roshan Chaudhary\\Desktop\\skilio-customerMs\\src\\app\\config\\systemConfigStore.ts:12:32)\n    at C:\\Users\\Roshan Chaudhary\\Desktop\\skilio-customerMs\\src\\server.ts:52:5"}
{"level":"info","message":"Listening at port number 3000","service":"user-service"}
{"level":"info","message":"Database connection established successfully at skilio-customer","service":"user-service"}
{"code":"42703","driverError":{"code":"42703","file":"parse_relation.c","length":120,"line":"3721","name":"error","position":"50","routine":"errorMissingColumn","severity":"ERROR"},"file":"parse_relation.c","length":120,"level":"error","line":"3721","message":"Error loading provider configurations: column SystemConfig.createdAt does not exist","parameters":[],"position":"50","query":"SELECT \"SystemConfig\".\"id\" AS \"SystemConfig_id\", \"SystemConfig\".\"createdAt\" AS \"SystemConfig_createdAt\", \"SystemConfig\".\"updatedAt\" AS \"SystemConfig_updatedAt\", \"SystemConfig\".\"providerName\" AS \"SystemConfig_providerName\", \"SystemConfig\".\"medium\" AS \"SystemConfig_medium\", \"SystemConfig\".\"apiKey\" AS \"SystemConfig_apiKey\", \"SystemConfig\".\"apiSecret\" AS \"SystemConfig_apiSecret\", \"SystemConfig\".\"twilioPhoneNumber\" AS \"SystemConfig_twilioPhoneNumber\" FROM \"system_config\" \"SystemConfig\"","routine":"errorMissingColumn","service":"user-service","severity":"ERROR","stack":"QueryFailedError: column SystemConfig.createdAt does not exist\n    at PostgresQueryRunner.query (C:\\Users\\Roshan Chaudhary\\Desktop\\skilio-customerMs\\src\\driver\\postgres\\PostgresQueryRunner.ts:325:19)\n    at processTicksAndRejections (node:internal/process/task_queues:105:5)\n    at SelectQueryBuilder.loadRawResults (C:\\Users\\Roshan Chaudhary\\Desktop\\skilio-customerMs\\src\\query-builder\\SelectQueryBuilder.ts:3863:25)\n    at SelectQueryBuilder.executeEntitiesAndRawResults (C:\\Users\\Roshan Chaudhary\\Desktop\\skilio-customerMs\\src\\query-builder\\SelectQueryBuilder.ts:3609:26)\n    at SelectQueryBuilder.getRawAndEntities (C:\\Users\\Roshan Chaudhary\\Desktop\\skilio-customerMs\\src\\query-builder\\SelectQueryBuilder.ts:1671:29)\n    at SelectQueryBuilder.getMany (C:\\Users\\Roshan Chaudhary\\Desktop\\skilio-customerMs\\src\\query-builder\\SelectQueryBuilder.ts:1761:25)\n    at SystemConfigStore.loadConfigs (C:\\Users\\Roshan Chaudhary\\Desktop\\skilio-customerMs\\src\\app\\config\\systemConfigStore.ts:12:32)\n    at C:\\Users\\Roshan Chaudhary\\Desktop\\skilio-customerMs\\src\\server.ts:52:5"}
{"level":"info","message":"Listening at port number 3000","service":"user-service"}
{"level":"info","message":"Database connection established successfully at skilio-customer","service":"user-service"}
{"code":"42703","driverError":{"code":"42703","file":"parse_relation.c","length":120,"line":"3721","name":"error","position":"50","routine":"errorMissingColumn","severity":"ERROR"},"file":"parse_relation.c","length":120,"level":"error","line":"3721","message":"Error loading provider configurations: column SystemConfig.createdAt does not exist","parameters":[],"position":"50","query":"SELECT \"SystemConfig\".\"id\" AS \"SystemConfig_id\", \"SystemConfig\".\"createdAt\" AS \"SystemConfig_createdAt\", \"SystemConfig\".\"updatedAt\" AS \"SystemConfig_updatedAt\", \"SystemConfig\".\"providerName\" AS \"SystemConfig_providerName\", \"SystemConfig\".\"medium\" AS \"SystemConfig_medium\", \"SystemConfig\".\"apiKey\" AS \"SystemConfig_apiKey\", \"SystemConfig\".\"apiSecret\" AS \"SystemConfig_apiSecret\", \"SystemConfig\".\"twilioPhoneNumber\" AS \"SystemConfig_twilioPhoneNumber\" FROM \"system_config\" \"SystemConfig\"","routine":"errorMissingColumn","service":"user-service","severity":"ERROR","stack":"QueryFailedError: column SystemConfig.createdAt does not exist\n    at PostgresQueryRunner.query (C:\\Users\\Roshan Chaudhary\\Desktop\\skilio-customerMs\\src\\driver\\postgres\\PostgresQueryRunner.ts:325:19)\n    at processTicksAndRejections (node:internal/process/task_queues:105:5)\n    at SelectQueryBuilder.loadRawResults (C:\\Users\\Roshan Chaudhary\\Desktop\\skilio-customerMs\\src\\query-builder\\SelectQueryBuilder.ts:3863:25)\n    at SelectQueryBuilder.executeEntitiesAndRawResults (C:\\Users\\Roshan Chaudhary\\Desktop\\skilio-customerMs\\src\\query-builder\\SelectQueryBuilder.ts:3609:26)\n    at SelectQueryBuilder.getRawAndEntities (C:\\Users\\Roshan Chaudhary\\Desktop\\skilio-customerMs\\src\\query-builder\\SelectQueryBuilder.ts:1671:29)\n    at SelectQueryBuilder.getMany (C:\\Users\\Roshan Chaudhary\\Desktop\\skilio-customerMs\\src\\query-builder\\SelectQueryBuilder.ts:1761:25)\n    at SystemConfigStore.loadConfigs (C:\\Users\\Roshan Chaudhary\\Desktop\\skilio-customerMs\\src\\app\\config\\systemConfigStore.ts:12:32)\n    at C:\\Users\\Roshan Chaudhary\\Desktop\\skilio-customerMs\\src\\server.ts:52:5"}
{"level":"info","message":"Listening at port number 3000","service":"user-service"}
{"level":"info","message":"Database connection established successfully at skilio-customer","service":"user-service"}
{"code":"42703","driverError":{"code":"42703","file":"parse_relation.c","length":120,"line":"3721","name":"error","position":"50","routine":"errorMissingColumn","severity":"ERROR"},"file":"parse_relation.c","length":120,"level":"error","line":"3721","message":"Error loading provider configurations: column SystemConfig.createdAt does not exist","parameters":[],"position":"50","query":"SELECT \"SystemConfig\".\"id\" AS \"SystemConfig_id\", \"SystemConfig\".\"createdAt\" AS \"SystemConfig_createdAt\", \"SystemConfig\".\"updatedAt\" AS \"SystemConfig_updatedAt\", \"SystemConfig\".\"providerName\" AS \"SystemConfig_providerName\", \"SystemConfig\".\"medium\" AS \"SystemConfig_medium\", \"SystemConfig\".\"apiKey\" AS \"SystemConfig_apiKey\", \"SystemConfig\".\"apiSecret\" AS \"SystemConfig_apiSecret\", \"SystemConfig\".\"twilioPhoneNumber\" AS \"SystemConfig_twilioPhoneNumber\" FROM \"system_config\" \"SystemConfig\"","routine":"errorMissingColumn","service":"user-service","severity":"ERROR","stack":"QueryFailedError: column SystemConfig.createdAt does not exist\n    at PostgresQueryRunner.query (C:\\Users\\Roshan Chaudhary\\Desktop\\skilio-customerMs\\src\\driver\\postgres\\PostgresQueryRunner.ts:325:19)\n    at processTicksAndRejections (node:internal/process/task_queues:105:5)\n    at SelectQueryBuilder.loadRawResults (C:\\Users\\Roshan Chaudhary\\Desktop\\skilio-customerMs\\src\\query-builder\\SelectQueryBuilder.ts:3863:25)\n    at SelectQueryBuilder.executeEntitiesAndRawResults (C:\\Users\\Roshan Chaudhary\\Desktop\\skilio-customerMs\\src\\query-builder\\SelectQueryBuilder.ts:3609:26)\n    at SelectQueryBuilder.getRawAndEntities (C:\\Users\\Roshan Chaudhary\\Desktop\\skilio-customerMs\\src\\query-builder\\SelectQueryBuilder.ts:1671:29)\n    at SelectQueryBuilder.getMany (C:\\Users\\Roshan Chaudhary\\Desktop\\skilio-customerMs\\src\\query-builder\\SelectQueryBuilder.ts:1761:25)\n    at SystemConfigStore.loadConfigs (C:\\Users\\Roshan Chaudhary\\Desktop\\skilio-customerMs\\src\\app\\config\\systemConfigStore.ts:12:32)\n    at C:\\Users\\Roshan Chaudhary\\Desktop\\skilio-customerMs\\src\\server.ts:52:5"}
{"level":"info","message":"Listening at port number 3000","service":"user-service"}
{"level":"info","message":"Database connection established successfully at skilio-customer","service":"user-service"}
{"code":"42703","driverError":{"code":"42703","file":"parse_relation.c","length":120,"line":"3721","name":"error","position":"50","routine":"errorMissingColumn","severity":"ERROR"},"file":"parse_relation.c","length":120,"level":"error","line":"3721","message":"Error loading provider configurations: column SystemConfig.createdAt does not exist","parameters":[],"position":"50","query":"SELECT \"SystemConfig\".\"id\" AS \"SystemConfig_id\", \"SystemConfig\".\"createdAt\" AS \"SystemConfig_createdAt\", \"SystemConfig\".\"updatedAt\" AS \"SystemConfig_updatedAt\", \"SystemConfig\".\"providerName\" AS \"SystemConfig_providerName\", \"SystemConfig\".\"medium\" AS \"SystemConfig_medium\", \"SystemConfig\".\"apiKey\" AS \"SystemConfig_apiKey\", \"SystemConfig\".\"apiSecret\" AS \"SystemConfig_apiSecret\", \"SystemConfig\".\"twilioPhoneNumber\" AS \"SystemConfig_twilioPhoneNumber\" FROM \"system_config\" \"SystemConfig\"","routine":"errorMissingColumn","service":"user-service","severity":"ERROR","stack":"QueryFailedError: column SystemConfig.createdAt does not exist\n    at PostgresQueryRunner.query (C:\\Users\\Roshan Chaudhary\\Desktop\\skilio-customerMs\\src\\driver\\postgres\\PostgresQueryRunner.ts:325:19)\n    at processTicksAndRejections (node:internal/process/task_queues:105:5)\n    at SelectQueryBuilder.loadRawResults (C:\\Users\\Roshan Chaudhary\\Desktop\\skilio-customerMs\\src\\query-builder\\SelectQueryBuilder.ts:3863:25)\n    at SelectQueryBuilder.executeEntitiesAndRawResults (C:\\Users\\Roshan Chaudhary\\Desktop\\skilio-customerMs\\src\\query-builder\\SelectQueryBuilder.ts:3609:26)\n    at SelectQueryBuilder.getRawAndEntities (C:\\Users\\Roshan Chaudhary\\Desktop\\skilio-customerMs\\src\\query-builder\\SelectQueryBuilder.ts:1671:29)\n    at SelectQueryBuilder.getMany (C:\\Users\\Roshan Chaudhary\\Desktop\\skilio-customerMs\\src\\query-builder\\SelectQueryBuilder.ts:1761:25)\n    at SystemConfigStore.loadConfigs (C:\\Users\\Roshan Chaudhary\\Desktop\\skilio-customerMs\\src\\app\\config\\systemConfigStore.ts:12:32)\n    at C:\\Users\\Roshan Chaudhary\\Desktop\\skilio-customerMs\\src\\server.ts:52:5"}
{"level":"info","message":"Listening at port number 3000","service":"user-service"}
{"level":"info","message":"Database connection established successfully at skilio-customer","service":"user-service"}
{"code":"42703","driverError":{"code":"42703","file":"parse_relation.c","length":120,"line":"3721","name":"error","position":"50","routine":"errorMissingColumn","severity":"ERROR"},"file":"parse_relation.c","length":120,"level":"error","line":"3721","message":"Error loading provider configurations: column SystemConfig.createdAt does not exist","parameters":[],"position":"50","query":"SELECT \"SystemConfig\".\"id\" AS \"SystemConfig_id\", \"SystemConfig\".\"createdAt\" AS \"SystemConfig_createdAt\", \"SystemConfig\".\"updatedAt\" AS \"SystemConfig_updatedAt\", \"SystemConfig\".\"providerName\" AS \"SystemConfig_providerName\", \"SystemConfig\".\"medium\" AS \"SystemConfig_medium\", \"SystemConfig\".\"apiKey\" AS \"SystemConfig_apiKey\", \"SystemConfig\".\"apiSecret\" AS \"SystemConfig_apiSecret\", \"SystemConfig\".\"twilioPhoneNumber\" AS \"SystemConfig_twilioPhoneNumber\" FROM \"system_config\" \"SystemConfig\"","routine":"errorMissingColumn","service":"user-service","severity":"ERROR","stack":"QueryFailedError: column SystemConfig.createdAt does not exist\n    at PostgresQueryRunner.query (C:\\Users\\Roshan Chaudhary\\Desktop\\skilio-customerMs\\src\\driver\\postgres\\PostgresQueryRunner.ts:325:19)\n    at processTicksAndRejections (node:internal/process/task_queues:105:5)\n    at SelectQueryBuilder.loadRawResults (C:\\Users\\Roshan Chaudhary\\Desktop\\skilio-customerMs\\src\\query-builder\\SelectQueryBuilder.ts:3863:25)\n    at SelectQueryBuilder.executeEntitiesAndRawResults (C:\\Users\\Roshan Chaudhary\\Desktop\\skilio-customerMs\\src\\query-builder\\SelectQueryBuilder.ts:3609:26)\n    at SelectQueryBuilder.getRawAndEntities (C:\\Users\\Roshan Chaudhary\\Desktop\\skilio-customerMs\\src\\query-builder\\SelectQueryBuilder.ts:1671:29)\n    at SelectQueryBuilder.getMany (C:\\Users\\Roshan Chaudhary\\Desktop\\skilio-customerMs\\src\\query-builder\\SelectQueryBuilder.ts:1761:25)\n    at SystemConfigStore.loadConfigs (C:\\Users\\Roshan Chaudhary\\Desktop\\skilio-customerMs\\src\\app\\config\\systemConfigStore.ts:12:32)\n    at C:\\Users\\Roshan Chaudhary\\Desktop\\skilio-customerMs\\src\\server.ts:52:5"}
{"level":"info","message":"Listening at port number 3000","service":"user-service"}
{"level":"info","message":"Database connection established successfully at skilio-customer","service":"user-service"}
{"code":"42703","driverError":{"code":"42703","file":"parse_relation.c","length":120,"line":"3721","name":"error","position":"50","routine":"errorMissingColumn","severity":"ERROR"},"file":"parse_relation.c","length":120,"level":"error","line":"3721","message":"Error loading provider configurations: column SystemConfig.createdAt does not exist","parameters":[],"position":"50","query":"SELECT \"SystemConfig\".\"id\" AS \"SystemConfig_id\", \"SystemConfig\".\"createdAt\" AS \"SystemConfig_createdAt\", \"SystemConfig\".\"updatedAt\" AS \"SystemConfig_updatedAt\", \"SystemConfig\".\"providerName\" AS \"SystemConfig_providerName\", \"SystemConfig\".\"medium\" AS \"SystemConfig_medium\", \"SystemConfig\".\"apiKey\" AS \"SystemConfig_apiKey\", \"SystemConfig\".\"apiSecret\" AS \"SystemConfig_apiSecret\", \"SystemConfig\".\"twilioPhoneNumber\" AS \"SystemConfig_twilioPhoneNumber\" FROM \"system_config\" \"SystemConfig\"","routine":"errorMissingColumn","service":"user-service","severity":"ERROR","stack":"QueryFailedError: column SystemConfig.createdAt does not exist\n    at PostgresQueryRunner.query (C:\\Users\\Roshan Chaudhary\\Desktop\\skilio-customerMs\\src\\driver\\postgres\\PostgresQueryRunner.ts:325:19)\n    at processTicksAndRejections (node:internal/process/task_queues:105:5)\n    at SelectQueryBuilder.loadRawResults (C:\\Users\\Roshan Chaudhary\\Desktop\\skilio-customerMs\\src\\query-builder\\SelectQueryBuilder.ts:3863:25)\n    at SelectQueryBuilder.executeEntitiesAndRawResults (C:\\Users\\Roshan Chaudhary\\Desktop\\skilio-customerMs\\src\\query-builder\\SelectQueryBuilder.ts:3609:26)\n    at SelectQueryBuilder.getRawAndEntities (C:\\Users\\Roshan Chaudhary\\Desktop\\skilio-customerMs\\src\\query-builder\\SelectQueryBuilder.ts:1671:29)\n    at SelectQueryBuilder.getMany (C:\\Users\\Roshan Chaudhary\\Desktop\\skilio-customerMs\\src\\query-builder\\SelectQueryBuilder.ts:1761:25)\n    at SystemConfigStore.loadConfigs (C:\\Users\\Roshan Chaudhary\\Desktop\\skilio-customerMs\\src\\app\\config\\systemConfigStore.ts:12:32)\n    at C:\\Users\\Roshan Chaudhary\\Desktop\\skilio-customerMs\\src\\server.ts:52:5"}
{"level":"info","message":"Listening at port number 3000","service":"user-service"}
{"level":"info","message":"Database connection established successfully at skilio-customer","service":"user-service"}
{"code":"42703","driverError":{"code":"42703","file":"parse_relation.c","length":120,"line":"3721","name":"error","position":"50","routine":"errorMissingColumn","severity":"ERROR"},"file":"parse_relation.c","length":120,"level":"error","line":"3721","message":"Error loading provider configurations: column SystemConfig.createdAt does not exist","parameters":[],"position":"50","query":"SELECT \"SystemConfig\".\"id\" AS \"SystemConfig_id\", \"SystemConfig\".\"createdAt\" AS \"SystemConfig_createdAt\", \"SystemConfig\".\"updatedAt\" AS \"SystemConfig_updatedAt\", \"SystemConfig\".\"providerName\" AS \"SystemConfig_providerName\", \"SystemConfig\".\"medium\" AS \"SystemConfig_medium\", \"SystemConfig\".\"apiKey\" AS \"SystemConfig_apiKey\", \"SystemConfig\".\"apiSecret\" AS \"SystemConfig_apiSecret\", \"SystemConfig\".\"twilioPhoneNumber\" AS \"SystemConfig_twilioPhoneNumber\" FROM \"system_config\" \"SystemConfig\"","routine":"errorMissingColumn","service":"user-service","severity":"ERROR","stack":"QueryFailedError: column SystemConfig.createdAt does not exist\n    at PostgresQueryRunner.query (C:\\Users\\Roshan Chaudhary\\Desktop\\skilio-customerMs\\src\\driver\\postgres\\PostgresQueryRunner.ts:325:19)\n    at processTicksAndRejections (node:internal/process/task_queues:105:5)\n    at SelectQueryBuilder.loadRawResults (C:\\Users\\Roshan Chaudhary\\Desktop\\skilio-customerMs\\src\\query-builder\\SelectQueryBuilder.ts:3863:25)\n    at SelectQueryBuilder.executeEntitiesAndRawResults (C:\\Users\\Roshan Chaudhary\\Desktop\\skilio-customerMs\\src\\query-builder\\SelectQueryBuilder.ts:3609:26)\n    at SelectQueryBuilder.getRawAndEntities (C:\\Users\\Roshan Chaudhary\\Desktop\\skilio-customerMs\\src\\query-builder\\SelectQueryBuilder.ts:1671:29)\n    at SelectQueryBuilder.getMany (C:\\Users\\Roshan Chaudhary\\Desktop\\skilio-customerMs\\src\\query-builder\\SelectQueryBuilder.ts:1761:25)\n    at SystemConfigStore.loadConfigs (C:\\Users\\Roshan Chaudhary\\Desktop\\skilio-customerMs\\src\\app\\config\\systemConfigStore.ts:12:32)\n    at C:\\Users\\Roshan Chaudhary\\Desktop\\skilio-customerMs\\src\\server.ts:52:5"}
{"level":"info","message":"Listening at port number 3000","service":"user-service"}
{"level":"info","message":"Database connection established successfully at skilio-customer","service":"user-service"}
{"code":"42703","driverError":{"code":"42703","file":"parse_relation.c","length":120,"line":"3721","name":"error","position":"50","routine":"errorMissingColumn","severity":"ERROR"},"file":"parse_relation.c","length":120,"level":"error","line":"3721","message":"Error loading provider configurations: column SystemConfig.createdAt does not exist","parameters":[],"position":"50","query":"SELECT \"SystemConfig\".\"id\" AS \"SystemConfig_id\", \"SystemConfig\".\"createdAt\" AS \"SystemConfig_createdAt\", \"SystemConfig\".\"updatedAt\" AS \"SystemConfig_updatedAt\", \"SystemConfig\".\"providerName\" AS \"SystemConfig_providerName\", \"SystemConfig\".\"medium\" AS \"SystemConfig_medium\", \"SystemConfig\".\"apiKey\" AS \"SystemConfig_apiKey\", \"SystemConfig\".\"apiSecret\" AS \"SystemConfig_apiSecret\", \"SystemConfig\".\"twilioPhoneNumber\" AS \"SystemConfig_twilioPhoneNumber\" FROM \"system_config\" \"SystemConfig\"","routine":"errorMissingColumn","service":"user-service","severity":"ERROR","stack":"QueryFailedError: column SystemConfig.createdAt does not exist\n    at PostgresQueryRunner.query (C:\\Users\\Roshan Chaudhary\\Desktop\\skilio-customerMs\\src\\driver\\postgres\\PostgresQueryRunner.ts:325:19)\n    at processTicksAndRejections (node:internal/process/task_queues:105:5)\n    at SelectQueryBuilder.loadRawResults (C:\\Users\\Roshan Chaudhary\\Desktop\\skilio-customerMs\\src\\query-builder\\SelectQueryBuilder.ts:3863:25)\n    at SelectQueryBuilder.executeEntitiesAndRawResults (C:\\Users\\Roshan Chaudhary\\Desktop\\skilio-customerMs\\src\\query-builder\\SelectQueryBuilder.ts:3609:26)\n    at SelectQueryBuilder.getRawAndEntities (C:\\Users\\Roshan Chaudhary\\Desktop\\skilio-customerMs\\src\\query-builder\\SelectQueryBuilder.ts:1671:29)\n    at SelectQueryBuilder.getMany (C:\\Users\\Roshan Chaudhary\\Desktop\\skilio-customerMs\\src\\query-builder\\SelectQueryBuilder.ts:1761:25)\n    at SystemConfigStore.loadConfigs (C:\\Users\\Roshan Chaudhary\\Desktop\\skilio-customerMs\\src\\app\\config\\systemConfigStore.ts:12:32)\n    at C:\\Users\\Roshan Chaudhary\\Desktop\\skilio-customerMs\\src\\server.ts:52:5"}
{"level":"info","message":"Listening at port number 3000","service":"user-service"}
{"level":"info","message":"Database connection established successfully at skilio-customer","service":"user-service"}
{"code":"42703","driverError":{"code":"42703","file":"parse_relation.c","length":120,"line":"3721","name":"error","position":"50","routine":"errorMissingColumn","severity":"ERROR"},"file":"parse_relation.c","length":120,"level":"error","line":"3721","message":"Error loading provider configurations: column SystemConfig.createdAt does not exist","parameters":[],"position":"50","query":"SELECT \"SystemConfig\".\"id\" AS \"SystemConfig_id\", \"SystemConfig\".\"createdAt\" AS \"SystemConfig_createdAt\", \"SystemConfig\".\"updatedAt\" AS \"SystemConfig_updatedAt\", \"SystemConfig\".\"providerName\" AS \"SystemConfig_providerName\", \"SystemConfig\".\"medium\" AS \"SystemConfig_medium\", \"SystemConfig\".\"apiKey\" AS \"SystemConfig_apiKey\", \"SystemConfig\".\"apiSecret\" AS \"SystemConfig_apiSecret\", \"SystemConfig\".\"twilioPhoneNumber\" AS \"SystemConfig_twilioPhoneNumber\" FROM \"system_config\" \"SystemConfig\"","routine":"errorMissingColumn","service":"user-service","severity":"ERROR","stack":"QueryFailedError: column SystemConfig.createdAt does not exist\n    at PostgresQueryRunner.query (C:\\Users\\Roshan Chaudhary\\Desktop\\skilio-customerMs\\src\\driver\\postgres\\PostgresQueryRunner.ts:325:19)\n    at processTicksAndRejections (node:internal/process/task_queues:105:5)\n    at SelectQueryBuilder.loadRawResults (C:\\Users\\Roshan Chaudhary\\Desktop\\skilio-customerMs\\src\\query-builder\\SelectQueryBuilder.ts:3863:25)\n    at SelectQueryBuilder.executeEntitiesAndRawResults (C:\\Users\\Roshan Chaudhary\\Desktop\\skilio-customerMs\\src\\query-builder\\SelectQueryBuilder.ts:3609:26)\n    at SelectQueryBuilder.getRawAndEntities (C:\\Users\\Roshan Chaudhary\\Desktop\\skilio-customerMs\\src\\query-builder\\SelectQueryBuilder.ts:1671:29)\n    at SelectQueryBuilder.getMany (C:\\Users\\Roshan Chaudhary\\Desktop\\skilio-customerMs\\src\\query-builder\\SelectQueryBuilder.ts:1761:25)\n    at SystemConfigStore.loadConfigs (C:\\Users\\Roshan Chaudhary\\Desktop\\skilio-customerMs\\src\\app\\config\\systemConfigStore.ts:12:32)\n    at C:\\Users\\Roshan Chaudhary\\Desktop\\skilio-customerMs\\src\\server.ts:52:5"}
{"level":"info","message":"Listening at port number 3000","service":"user-service"}
{"level":"info","message":"Database connection established successfully at skilio-customer","service":"user-service"}
{"code":"42703","driverError":{"code":"42703","file":"parse_relation.c","length":120,"line":"3721","name":"error","position":"50","routine":"errorMissingColumn","severity":"ERROR"},"file":"parse_relation.c","length":120,"level":"error","line":"3721","message":"Error loading provider configurations: column SystemConfig.createdAt does not exist","parameters":[],"position":"50","query":"SELECT \"SystemConfig\".\"id\" AS \"SystemConfig_id\", \"SystemConfig\".\"createdAt\" AS \"SystemConfig_createdAt\", \"SystemConfig\".\"updatedAt\" AS \"SystemConfig_updatedAt\", \"SystemConfig\".\"providerName\" AS \"SystemConfig_providerName\", \"SystemConfig\".\"medium\" AS \"SystemConfig_medium\", \"SystemConfig\".\"apiKey\" AS \"SystemConfig_apiKey\", \"SystemConfig\".\"apiSecret\" AS \"SystemConfig_apiSecret\", \"SystemConfig\".\"twilioPhoneNumber\" AS \"SystemConfig_twilioPhoneNumber\" FROM \"system_config\" \"SystemConfig\"","routine":"errorMissingColumn","service":"user-service","severity":"ERROR","stack":"QueryFailedError: column SystemConfig.createdAt does not exist\n    at PostgresQueryRunner.query (C:\\Users\\Roshan Chaudhary\\Desktop\\skilio-customerMs\\src\\driver\\postgres\\PostgresQueryRunner.ts:325:19)\n    at processTicksAndRejections (node:internal/process/task_queues:105:5)\n    at SelectQueryBuilder.loadRawResults (C:\\Users\\Roshan Chaudhary\\Desktop\\skilio-customerMs\\src\\query-builder\\SelectQueryBuilder.ts:3863:25)\n    at SelectQueryBuilder.executeEntitiesAndRawResults (C:\\Users\\Roshan Chaudhary\\Desktop\\skilio-customerMs\\src\\query-builder\\SelectQueryBuilder.ts:3609:26)\n    at SelectQueryBuilder.getRawAndEntities (C:\\Users\\Roshan Chaudhary\\Desktop\\skilio-customerMs\\src\\query-builder\\SelectQueryBuilder.ts:1671:29)\n    at SelectQueryBuilder.getMany (C:\\Users\\Roshan Chaudhary\\Desktop\\skilio-customerMs\\src\\query-builder\\SelectQueryBuilder.ts:1761:25)\n    at SystemConfigStore.loadConfigs (C:\\Users\\Roshan Chaudhary\\Desktop\\skilio-customerMs\\src\\app\\config\\systemConfigStore.ts:12:32)\n    at C:\\Users\\Roshan Chaudhary\\Desktop\\skilio-customerMs\\src\\server.ts:52:5"}
{"level":"info","message":"Listening at port number 3000","service":"user-service"}
{"level":"info","message":"Database connection established successfully at skilio-customer","service":"user-service"}
{"code":"42703","driverError":{"code":"42703","file":"parse_relation.c","length":120,"line":"3721","name":"error","position":"50","routine":"errorMissingColumn","severity":"ERROR"},"file":"parse_relation.c","length":120,"level":"error","line":"3721","message":"Error loading provider configurations: column SystemConfig.createdAt does not exist","parameters":[],"position":"50","query":"SELECT \"SystemConfig\".\"id\" AS \"SystemConfig_id\", \"SystemConfig\".\"createdAt\" AS \"SystemConfig_createdAt\", \"SystemConfig\".\"updatedAt\" AS \"SystemConfig_updatedAt\", \"SystemConfig\".\"providerName\" AS \"SystemConfig_providerName\", \"SystemConfig\".\"medium\" AS \"SystemConfig_medium\", \"SystemConfig\".\"apiKey\" AS \"SystemConfig_apiKey\", \"SystemConfig\".\"apiSecret\" AS \"SystemConfig_apiSecret\", \"SystemConfig\".\"twilioPhoneNumber\" AS \"SystemConfig_twilioPhoneNumber\" FROM \"system_config\" \"SystemConfig\"","routine":"errorMissingColumn","service":"user-service","severity":"ERROR","stack":"QueryFailedError: column SystemConfig.createdAt does not exist\n    at PostgresQueryRunner.query (C:\\Users\\Roshan Chaudhary\\Desktop\\skilio-customerMs\\src\\driver\\postgres\\PostgresQueryRunner.ts:325:19)\n    at processTicksAndRejections (node:internal/process/task_queues:105:5)\n    at SelectQueryBuilder.loadRawResults (C:\\Users\\Roshan Chaudhary\\Desktop\\skilio-customerMs\\src\\query-builder\\SelectQueryBuilder.ts:3863:25)\n    at SelectQueryBuilder.executeEntitiesAndRawResults (C:\\Users\\Roshan Chaudhary\\Desktop\\skilio-customerMs\\src\\query-builder\\SelectQueryBuilder.ts:3609:26)\n    at SelectQueryBuilder.getRawAndEntities (C:\\Users\\Roshan Chaudhary\\Desktop\\skilio-customerMs\\src\\query-builder\\SelectQueryBuilder.ts:1671:29)\n    at SelectQueryBuilder.getMany (C:\\Users\\Roshan Chaudhary\\Desktop\\skilio-customerMs\\src\\query-builder\\SelectQueryBuilder.ts:1761:25)\n    at SystemConfigStore.loadConfigs (C:\\Users\\Roshan Chaudhary\\Desktop\\skilio-customerMs\\src\\app\\config\\systemConfigStore.ts:12:32)\n    at C:\\Users\\Roshan Chaudhary\\Desktop\\skilio-customerMs\\src\\server.ts:52:5"}
{"level":"info","message":"Listening at port number 3000","service":"user-service"}
{"level":"info","message":"Database connection established successfully at skilio-customer","service":"user-service"}
{"code":"42703","driverError":{"code":"42703","file":"parse_relation.c","length":120,"line":"3721","name":"error","position":"50","routine":"errorMissingColumn","severity":"ERROR"},"file":"parse_relation.c","length":120,"level":"error","line":"3721","message":"Error loading provider configurations: column SystemConfig.createdAt does not exist","parameters":[],"position":"50","query":"SELECT \"SystemConfig\".\"id\" AS \"SystemConfig_id\", \"SystemConfig\".\"createdAt\" AS \"SystemConfig_createdAt\", \"SystemConfig\".\"updatedAt\" AS \"SystemConfig_updatedAt\", \"SystemConfig\".\"providerName\" AS \"SystemConfig_providerName\", \"SystemConfig\".\"medium\" AS \"SystemConfig_medium\", \"SystemConfig\".\"apiKey\" AS \"SystemConfig_apiKey\", \"SystemConfig\".\"apiSecret\" AS \"SystemConfig_apiSecret\", \"SystemConfig\".\"twilioPhoneNumber\" AS \"SystemConfig_twilioPhoneNumber\" FROM \"system_config\" \"SystemConfig\"","routine":"errorMissingColumn","service":"user-service","severity":"ERROR","stack":"QueryFailedError: column SystemConfig.createdAt does not exist\n    at PostgresQueryRunner.query (C:\\Users\\Roshan Chaudhary\\Desktop\\skilio-customerMs\\src\\driver\\postgres\\PostgresQueryRunner.ts:325:19)\n    at processTicksAndRejections (node:internal/process/task_queues:105:5)\n    at SelectQueryBuilder.loadRawResults (C:\\Users\\Roshan Chaudhary\\Desktop\\skilio-customerMs\\src\\query-builder\\SelectQueryBuilder.ts:3863:25)\n    at SelectQueryBuilder.executeEntitiesAndRawResults (C:\\Users\\Roshan Chaudhary\\Desktop\\skilio-customerMs\\src\\query-builder\\SelectQueryBuilder.ts:3609:26)\n    at SelectQueryBuilder.getRawAndEntities (C:\\Users\\Roshan Chaudhary\\Desktop\\skilio-customerMs\\src\\query-builder\\SelectQueryBuilder.ts:1671:29)\n    at SelectQueryBuilder.getMany (C:\\Users\\Roshan Chaudhary\\Desktop\\skilio-customerMs\\src\\query-builder\\SelectQueryBuilder.ts:1761:25)\n    at SystemConfigStore.loadConfigs (C:\\Users\\Roshan Chaudhary\\Desktop\\skilio-customerMs\\src\\app\\config\\systemConfigStore.ts:12:32)\n    at C:\\Users\\Roshan Chaudhary\\Desktop\\skilio-customerMs\\src\\server.ts:52:5"}
{"level":"info","message":"Listening at port number 3000","service":"user-service"}
{"level":"info","message":"Database connection established successfully at skilio-customer","service":"user-service"}
{"code":"42703","driverError":{"code":"42703","file":"parse_relation.c","length":120,"line":"3721","name":"error","position":"50","routine":"errorMissingColumn","severity":"ERROR"},"file":"parse_relation.c","length":120,"level":"error","line":"3721","message":"Error loading provider configurations: column SystemConfig.createdAt does not exist","parameters":[],"position":"50","query":"SELECT \"SystemConfig\".\"id\" AS \"SystemConfig_id\", \"SystemConfig\".\"createdAt\" AS \"SystemConfig_createdAt\", \"SystemConfig\".\"updatedAt\" AS \"SystemConfig_updatedAt\", \"SystemConfig\".\"providerName\" AS \"SystemConfig_providerName\", \"SystemConfig\".\"medium\" AS \"SystemConfig_medium\", \"SystemConfig\".\"apiKey\" AS \"SystemConfig_apiKey\", \"SystemConfig\".\"apiSecret\" AS \"SystemConfig_apiSecret\", \"SystemConfig\".\"twilioPhoneNumber\" AS \"SystemConfig_twilioPhoneNumber\" FROM \"system_config\" \"SystemConfig\"","routine":"errorMissingColumn","service":"user-service","severity":"ERROR","stack":"QueryFailedError: column SystemConfig.createdAt does not exist\n    at PostgresQueryRunner.query (C:\\Users\\Roshan Chaudhary\\Desktop\\skilio-customerMs\\src\\driver\\postgres\\PostgresQueryRunner.ts:325:19)\n    at processTicksAndRejections (node:internal/process/task_queues:105:5)\n    at SelectQueryBuilder.loadRawResults (C:\\Users\\Roshan Chaudhary\\Desktop\\skilio-customerMs\\src\\query-builder\\SelectQueryBuilder.ts:3863:25)\n    at SelectQueryBuilder.executeEntitiesAndRawResults (C:\\Users\\Roshan Chaudhary\\Desktop\\skilio-customerMs\\src\\query-builder\\SelectQueryBuilder.ts:3609:26)\n    at SelectQueryBuilder.getRawAndEntities (C:\\Users\\Roshan Chaudhary\\Desktop\\skilio-customerMs\\src\\query-builder\\SelectQueryBuilder.ts:1671:29)\n    at SelectQueryBuilder.getMany (C:\\Users\\Roshan Chaudhary\\Desktop\\skilio-customerMs\\src\\query-builder\\SelectQueryBuilder.ts:1761:25)\n    at SystemConfigStore.loadConfigs (C:\\Users\\Roshan Chaudhary\\Desktop\\skilio-customerMs\\src\\app\\config\\systemConfigStore.ts:12:32)\n    at C:\\Users\\Roshan Chaudhary\\Desktop\\skilio-customerMs\\src\\server.ts:52:5"}
{"level":"info","message":"Listening at port number 3000","service":"user-service"}
{"level":"info","message":"Database connection established successfully at skilio-customer","service":"user-service"}
{"code":"42703","driverError":{"code":"42703","file":"parse_relation.c","length":120,"line":"3721","name":"error","position":"50","routine":"errorMissingColumn","severity":"ERROR"},"file":"parse_relation.c","length":120,"level":"error","line":"3721","message":"Error loading provider configurations: column SystemConfig.createdAt does not exist","parameters":[],"position":"50","query":"SELECT \"SystemConfig\".\"id\" AS \"SystemConfig_id\", \"SystemConfig\".\"createdAt\" AS \"SystemConfig_createdAt\", \"SystemConfig\".\"updatedAt\" AS \"SystemConfig_updatedAt\", \"SystemConfig\".\"providerName\" AS \"SystemConfig_providerName\", \"SystemConfig\".\"medium\" AS \"SystemConfig_medium\", \"SystemConfig\".\"apiKey\" AS \"SystemConfig_apiKey\", \"SystemConfig\".\"apiSecret\" AS \"SystemConfig_apiSecret\", \"SystemConfig\".\"twilioPhoneNumber\" AS \"SystemConfig_twilioPhoneNumber\" FROM \"system_config\" \"SystemConfig\"","routine":"errorMissingColumn","service":"user-service","severity":"ERROR","stack":"QueryFailedError: column SystemConfig.createdAt does not exist\n    at PostgresQueryRunner.query (C:\\Users\\Roshan Chaudhary\\Desktop\\skilio-customerMs\\src\\driver\\postgres\\PostgresQueryRunner.ts:325:19)\n    at processTicksAndRejections (node:internal/process/task_queues:105:5)\n    at SelectQueryBuilder.loadRawResults (C:\\Users\\Roshan Chaudhary\\Desktop\\skilio-customerMs\\src\\query-builder\\SelectQueryBuilder.ts:3863:25)\n    at SelectQueryBuilder.executeEntitiesAndRawResults (C:\\Users\\Roshan Chaudhary\\Desktop\\skilio-customerMs\\src\\query-builder\\SelectQueryBuilder.ts:3609:26)\n    at SelectQueryBuilder.getRawAndEntities (C:\\Users\\Roshan Chaudhary\\Desktop\\skilio-customerMs\\src\\query-builder\\SelectQueryBuilder.ts:1671:29)\n    at SelectQueryBuilder.getMany (C:\\Users\\Roshan Chaudhary\\Desktop\\skilio-customerMs\\src\\query-builder\\SelectQueryBuilder.ts:1761:25)\n    at SystemConfigStore.loadConfigs (C:\\Users\\Roshan Chaudhary\\Desktop\\skilio-customerMs\\src\\app\\config\\systemConfigStore.ts:12:32)\n    at C:\\Users\\Roshan Chaudhary\\Desktop\\skilio-customerMs\\src\\server.ts:52:5"}
{"level":"info","message":"Listening at port number 3000","service":"user-service"}
{"level":"info","message":"Database connection established successfully at skilio-customer","service":"user-service"}
{"code":"42703","driverError":{"code":"42703","file":"parse_relation.c","length":120,"line":"3721","name":"error","position":"50","routine":"errorMissingColumn","severity":"ERROR"},"file":"parse_relation.c","length":120,"level":"error","line":"3721","message":"Error loading provider configurations: column SystemConfig.createdAt does not exist","parameters":[],"position":"50","query":"SELECT \"SystemConfig\".\"id\" AS \"SystemConfig_id\", \"SystemConfig\".\"createdAt\" AS \"SystemConfig_createdAt\", \"SystemConfig\".\"updatedAt\" AS \"SystemConfig_updatedAt\", \"SystemConfig\".\"providerName\" AS \"SystemConfig_providerName\", \"SystemConfig\".\"medium\" AS \"SystemConfig_medium\", \"SystemConfig\".\"apiKey\" AS \"SystemConfig_apiKey\", \"SystemConfig\".\"apiSecret\" AS \"SystemConfig_apiSecret\", \"SystemConfig\".\"twilioPhoneNumber\" AS \"SystemConfig_twilioPhoneNumber\" FROM \"system_config\" \"SystemConfig\"","routine":"errorMissingColumn","service":"user-service","severity":"ERROR","stack":"QueryFailedError: column SystemConfig.createdAt does not exist\n    at PostgresQueryRunner.query (C:\\Users\\Roshan Chaudhary\\Desktop\\skilio-customerMs\\src\\driver\\postgres\\PostgresQueryRunner.ts:325:19)\n    at processTicksAndRejections (node:internal/process/task_queues:105:5)\n    at SelectQueryBuilder.loadRawResults (C:\\Users\\Roshan Chaudhary\\Desktop\\skilio-customerMs\\src\\query-builder\\SelectQueryBuilder.ts:3863:25)\n    at SelectQueryBuilder.executeEntitiesAndRawResults (C:\\Users\\Roshan Chaudhary\\Desktop\\skilio-customerMs\\src\\query-builder\\SelectQueryBuilder.ts:3609:26)\n    at SelectQueryBuilder.getRawAndEntities (C:\\Users\\Roshan Chaudhary\\Desktop\\skilio-customerMs\\src\\query-builder\\SelectQueryBuilder.ts:1671:29)\n    at SelectQueryBuilder.getMany (C:\\Users\\Roshan Chaudhary\\Desktop\\skilio-customerMs\\src\\query-builder\\SelectQueryBuilder.ts:1761:25)\n    at SystemConfigStore.loadConfigs (C:\\Users\\Roshan Chaudhary\\Desktop\\skilio-customerMs\\src\\app\\config\\systemConfigStore.ts:12:32)\n    at C:\\Users\\Roshan Chaudhary\\Desktop\\skilio-customerMs\\src\\server.ts:52:5"}
{"level":"info","message":"Listening at port number 3000","service":"user-service"}
{"level":"info","message":"Database connection established successfully at skilio-customer","service":"user-service"}
{"code":"42703","driverError":{"code":"42703","file":"parse_relation.c","length":120,"line":"3721","name":"error","position":"50","routine":"errorMissingColumn","severity":"ERROR"},"file":"parse_relation.c","length":120,"level":"error","line":"3721","message":"Error loading provider configurations: column SystemConfig.createdAt does not exist","parameters":[],"position":"50","query":"SELECT \"SystemConfig\".\"id\" AS \"SystemConfig_id\", \"SystemConfig\".\"createdAt\" AS \"SystemConfig_createdAt\", \"SystemConfig\".\"updatedAt\" AS \"SystemConfig_updatedAt\", \"SystemConfig\".\"providerName\" AS \"SystemConfig_providerName\", \"SystemConfig\".\"medium\" AS \"SystemConfig_medium\", \"SystemConfig\".\"apiKey\" AS \"SystemConfig_apiKey\", \"SystemConfig\".\"apiSecret\" AS \"SystemConfig_apiSecret\", \"SystemConfig\".\"twilioPhoneNumber\" AS \"SystemConfig_twilioPhoneNumber\" FROM \"system_config\" \"SystemConfig\"","routine":"errorMissingColumn","service":"user-service","severity":"ERROR","stack":"QueryFailedError: column SystemConfig.createdAt does not exist\n    at PostgresQueryRunner.query (C:\\Users\\Roshan Chaudhary\\Desktop\\skilio-customerMs\\src\\driver\\postgres\\PostgresQueryRunner.ts:325:19)\n    at processTicksAndRejections (node:internal/process/task_queues:105:5)\n    at SelectQueryBuilder.loadRawResults (C:\\Users\\Roshan Chaudhary\\Desktop\\skilio-customerMs\\src\\query-builder\\SelectQueryBuilder.ts:3863:25)\n    at SelectQueryBuilder.executeEntitiesAndRawResults (C:\\Users\\Roshan Chaudhary\\Desktop\\skilio-customerMs\\src\\query-builder\\SelectQueryBuilder.ts:3609:26)\n    at SelectQueryBuilder.getRawAndEntities (C:\\Users\\Roshan Chaudhary\\Desktop\\skilio-customerMs\\src\\query-builder\\SelectQueryBuilder.ts:1671:29)\n    at SelectQueryBuilder.getMany (C:\\Users\\Roshan Chaudhary\\Desktop\\skilio-customerMs\\src\\query-builder\\SelectQueryBuilder.ts:1761:25)\n    at SystemConfigStore.loadConfigs (C:\\Users\\Roshan Chaudhary\\Desktop\\skilio-customerMs\\src\\app\\config\\systemConfigStore.ts:12:32)\n    at C:\\Users\\Roshan Chaudhary\\Desktop\\skilio-customerMs\\src\\server.ts:52:5"}
{"level":"info","message":"Listening at port number 3000","service":"user-service"}
{"level":"info","message":"Database connection established successfully at skilio-customer","service":"user-service"}
{"code":"42703","driverError":{"code":"42703","file":"parse_relation.c","length":120,"line":"3721","name":"error","position":"50","routine":"errorMissingColumn","severity":"ERROR"},"file":"parse_relation.c","length":120,"level":"error","line":"3721","message":"Error loading provider configurations: column SystemConfig.createdAt does not exist","parameters":[],"position":"50","query":"SELECT \"SystemConfig\".\"id\" AS \"SystemConfig_id\", \"SystemConfig\".\"createdAt\" AS \"SystemConfig_createdAt\", \"SystemConfig\".\"updatedAt\" AS \"SystemConfig_updatedAt\", \"SystemConfig\".\"providerName\" AS \"SystemConfig_providerName\", \"SystemConfig\".\"medium\" AS \"SystemConfig_medium\", \"SystemConfig\".\"apiKey\" AS \"SystemConfig_apiKey\", \"SystemConfig\".\"apiSecret\" AS \"SystemConfig_apiSecret\", \"SystemConfig\".\"twilioPhoneNumber\" AS \"SystemConfig_twilioPhoneNumber\" FROM \"system_config\" \"SystemConfig\"","routine":"errorMissingColumn","service":"user-service","severity":"ERROR","stack":"QueryFailedError: column SystemConfig.createdAt does not exist\n    at PostgresQueryRunner.query (C:\\Users\\Roshan Chaudhary\\Desktop\\skilio-customerMs\\src\\driver\\postgres\\PostgresQueryRunner.ts:325:19)\n    at processTicksAndRejections (node:internal/process/task_queues:105:5)\n    at SelectQueryBuilder.loadRawResults (C:\\Users\\Roshan Chaudhary\\Desktop\\skilio-customerMs\\src\\query-builder\\SelectQueryBuilder.ts:3863:25)\n    at SelectQueryBuilder.executeEntitiesAndRawResults (C:\\Users\\Roshan Chaudhary\\Desktop\\skilio-customerMs\\src\\query-builder\\SelectQueryBuilder.ts:3609:26)\n    at SelectQueryBuilder.getRawAndEntities (C:\\Users\\Roshan Chaudhary\\Desktop\\skilio-customerMs\\src\\query-builder\\SelectQueryBuilder.ts:1671:29)\n    at SelectQueryBuilder.getMany (C:\\Users\\Roshan Chaudhary\\Desktop\\skilio-customerMs\\src\\query-builder\\SelectQueryBuilder.ts:1761:25)\n    at SystemConfigStore.loadConfigs (C:\\Users\\Roshan Chaudhary\\Desktop\\skilio-customerMs\\src\\app\\config\\systemConfigStore.ts:12:32)\n    at C:\\Users\\Roshan Chaudhary\\Desktop\\skilio-customerMs\\src\\server.ts:52:5"}
{"level":"info","message":"Listening at port number 3000","service":"user-service"}
{"level":"info","message":"Database connection established successfully at skilio-customer","service":"user-service"}
{"code":"42703","driverError":{"code":"42703","file":"parse_relation.c","length":120,"line":"3721","name":"error","position":"50","routine":"errorMissingColumn","severity":"ERROR"},"file":"parse_relation.c","length":120,"level":"error","line":"3721","message":"Error loading provider configurations: column SystemConfig.createdAt does not exist","parameters":[],"position":"50","query":"SELECT \"SystemConfig\".\"id\" AS \"SystemConfig_id\", \"SystemConfig\".\"createdAt\" AS \"SystemConfig_createdAt\", \"SystemConfig\".\"updatedAt\" AS \"SystemConfig_updatedAt\", \"SystemConfig\".\"providerName\" AS \"SystemConfig_providerName\", \"SystemConfig\".\"medium\" AS \"SystemConfig_medium\", \"SystemConfig\".\"apiKey\" AS \"SystemConfig_apiKey\", \"SystemConfig\".\"apiSecret\" AS \"SystemConfig_apiSecret\", \"SystemConfig\".\"twilioPhoneNumber\" AS \"SystemConfig_twilioPhoneNumber\" FROM \"system_config\" \"SystemConfig\"","routine":"errorMissingColumn","service":"user-service","severity":"ERROR","stack":"QueryFailedError: column SystemConfig.createdAt does not exist\n    at PostgresQueryRunner.query (C:\\Users\\Roshan Chaudhary\\Desktop\\skilio-customerMs\\src\\driver\\postgres\\PostgresQueryRunner.ts:325:19)\n    at processTicksAndRejections (node:internal/process/task_queues:105:5)\n    at SelectQueryBuilder.loadRawResults (C:\\Users\\Roshan Chaudhary\\Desktop\\skilio-customerMs\\src\\query-builder\\SelectQueryBuilder.ts:3863:25)\n    at SelectQueryBuilder.executeEntitiesAndRawResults (C:\\Users\\Roshan Chaudhary\\Desktop\\skilio-customerMs\\src\\query-builder\\SelectQueryBuilder.ts:3609:26)\n    at SelectQueryBuilder.getRawAndEntities (C:\\Users\\Roshan Chaudhary\\Desktop\\skilio-customerMs\\src\\query-builder\\SelectQueryBuilder.ts:1671:29)\n    at SelectQueryBuilder.getMany (C:\\Users\\Roshan Chaudhary\\Desktop\\skilio-customerMs\\src\\query-builder\\SelectQueryBuilder.ts:1761:25)\n    at SystemConfigStore.loadConfigs (C:\\Users\\Roshan Chaudhary\\Desktop\\skilio-customerMs\\src\\app\\config\\systemConfigStore.ts:12:32)\n    at C:\\Users\\Roshan Chaudhary\\Desktop\\skilio-customerMs\\src\\server.ts:52:5"}
{"level":"info","message":"Listening at port number 3000","service":"user-service"}
{"level":"info","message":"Database connection established successfully at skilio-customer","service":"user-service"}
{"code":"42703","driverError":{"code":"42703","file":"parse_relation.c","length":120,"line":"3721","name":"error","position":"50","routine":"errorMissingColumn","severity":"ERROR"},"file":"parse_relation.c","length":120,"level":"error","line":"3721","message":"Error loading provider configurations: column SystemConfig.createdAt does not exist","parameters":[],"position":"50","query":"SELECT \"SystemConfig\".\"id\" AS \"SystemConfig_id\", \"SystemConfig\".\"createdAt\" AS \"SystemConfig_createdAt\", \"SystemConfig\".\"updatedAt\" AS \"SystemConfig_updatedAt\", \"SystemConfig\".\"providerName\" AS \"SystemConfig_providerName\", \"SystemConfig\".\"medium\" AS \"SystemConfig_medium\", \"SystemConfig\".\"apiKey\" AS \"SystemConfig_apiKey\", \"SystemConfig\".\"apiSecret\" AS \"SystemConfig_apiSecret\", \"SystemConfig\".\"twilioPhoneNumber\" AS \"SystemConfig_twilioPhoneNumber\" FROM \"system_config\" \"SystemConfig\"","routine":"errorMissingColumn","service":"user-service","severity":"ERROR","stack":"QueryFailedError: column SystemConfig.createdAt does not exist\n    at PostgresQueryRunner.query (C:\\Users\\Roshan Chaudhary\\Desktop\\skilio-customerMs\\src\\driver\\postgres\\PostgresQueryRunner.ts:325:19)\n    at processTicksAndRejections (node:internal/process/task_queues:105:5)\n    at SelectQueryBuilder.loadRawResults (C:\\Users\\Roshan Chaudhary\\Desktop\\skilio-customerMs\\src\\query-builder\\SelectQueryBuilder.ts:3863:25)\n    at SelectQueryBuilder.executeEntitiesAndRawResults (C:\\Users\\Roshan Chaudhary\\Desktop\\skilio-customerMs\\src\\query-builder\\SelectQueryBuilder.ts:3609:26)\n    at SelectQueryBuilder.getRawAndEntities (C:\\Users\\Roshan Chaudhary\\Desktop\\skilio-customerMs\\src\\query-builder\\SelectQueryBuilder.ts:1671:29)\n    at SelectQueryBuilder.getMany (C:\\Users\\Roshan Chaudhary\\Desktop\\skilio-customerMs\\src\\query-builder\\SelectQueryBuilder.ts:1761:25)\n    at SystemConfigStore.loadConfigs (C:\\Users\\Roshan Chaudhary\\Desktop\\skilio-customerMs\\src\\app\\config\\systemConfigStore.ts:12:32)\n    at C:\\Users\\Roshan Chaudhary\\Desktop\\skilio-customerMs\\src\\server.ts:52:5"}
{"level":"info","message":"Listening at port number 3000","service":"user-service"}
{"level":"info","message":"Database connection established successfully at skilio-customer","service":"user-service"}
{"code":"42703","driverError":{"code":"42703","file":"parse_relation.c","length":120,"line":"3721","name":"error","position":"50","routine":"errorMissingColumn","severity":"ERROR"},"file":"parse_relation.c","length":120,"level":"error","line":"3721","message":"Error loading provider configurations: column SystemConfig.createdAt does not exist","parameters":[],"position":"50","query":"SELECT \"SystemConfig\".\"id\" AS \"SystemConfig_id\", \"SystemConfig\".\"createdAt\" AS \"SystemConfig_createdAt\", \"SystemConfig\".\"updatedAt\" AS \"SystemConfig_updatedAt\", \"SystemConfig\".\"providerName\" AS \"SystemConfig_providerName\", \"SystemConfig\".\"medium\" AS \"SystemConfig_medium\", \"SystemConfig\".\"apiKey\" AS \"SystemConfig_apiKey\", \"SystemConfig\".\"apiSecret\" AS \"SystemConfig_apiSecret\", \"SystemConfig\".\"twilioPhoneNumber\" AS \"SystemConfig_twilioPhoneNumber\" FROM \"system_config\" \"SystemConfig\"","routine":"errorMissingColumn","service":"user-service","severity":"ERROR","stack":"QueryFailedError: column SystemConfig.createdAt does not exist\n    at PostgresQueryRunner.query (C:\\Users\\Roshan Chaudhary\\Desktop\\skilio-customerMs\\src\\driver\\postgres\\PostgresQueryRunner.ts:325:19)\n    at processTicksAndRejections (node:internal/process/task_queues:105:5)\n    at SelectQueryBuilder.loadRawResults (C:\\Users\\Roshan Chaudhary\\Desktop\\skilio-customerMs\\src\\query-builder\\SelectQueryBuilder.ts:3863:25)\n    at SelectQueryBuilder.executeEntitiesAndRawResults (C:\\Users\\Roshan Chaudhary\\Desktop\\skilio-customerMs\\src\\query-builder\\SelectQueryBuilder.ts:3609:26)\n    at SelectQueryBuilder.getRawAndEntities (C:\\Users\\Roshan Chaudhary\\Desktop\\skilio-customerMs\\src\\query-builder\\SelectQueryBuilder.ts:1671:29)\n    at SelectQueryBuilder.getMany (C:\\Users\\Roshan Chaudhary\\Desktop\\skilio-customerMs\\src\\query-builder\\SelectQueryBuilder.ts:1761:25)\n    at SystemConfigStore.loadConfigs (C:\\Users\\Roshan Chaudhary\\Desktop\\skilio-customerMs\\src\\app\\config\\systemConfigStore.ts:12:32)\n    at C:\\Users\\Roshan Chaudhary\\Desktop\\skilio-customerMs\\src\\server.ts:52:5"}
{"level":"info","message":"Listening at port number 3000","service":"user-service"}
{"level":"info","message":"Database connection established successfully at skilio-customer","service":"user-service"}
{"code":"42703","driverError":{"code":"42703","file":"parse_relation.c","length":120,"line":"3721","name":"error","position":"50","routine":"errorMissingColumn","severity":"ERROR"},"file":"parse_relation.c","length":120,"level":"error","line":"3721","message":"Error loading provider configurations: column SystemConfig.createdAt does not exist","parameters":[],"position":"50","query":"SELECT \"SystemConfig\".\"id\" AS \"SystemConfig_id\", \"SystemConfig\".\"createdAt\" AS \"SystemConfig_createdAt\", \"SystemConfig\".\"updatedAt\" AS \"SystemConfig_updatedAt\", \"SystemConfig\".\"providerName\" AS \"SystemConfig_providerName\", \"SystemConfig\".\"medium\" AS \"SystemConfig_medium\", \"SystemConfig\".\"apiKey\" AS \"SystemConfig_apiKey\", \"SystemConfig\".\"apiSecret\" AS \"SystemConfig_apiSecret\", \"SystemConfig\".\"twilioPhoneNumber\" AS \"SystemConfig_twilioPhoneNumber\" FROM \"system_config\" \"SystemConfig\"","routine":"errorMissingColumn","service":"user-service","severity":"ERROR","stack":"QueryFailedError: column SystemConfig.createdAt does not exist\n    at PostgresQueryRunner.query (C:\\Users\\Roshan Chaudhary\\Desktop\\skilio-customerMs\\src\\driver\\postgres\\PostgresQueryRunner.ts:325:19)\n    at processTicksAndRejections (node:internal/process/task_queues:105:5)\n    at SelectQueryBuilder.loadRawResults (C:\\Users\\Roshan Chaudhary\\Desktop\\skilio-customerMs\\src\\query-builder\\SelectQueryBuilder.ts:3863:25)\n    at SelectQueryBuilder.executeEntitiesAndRawResults (C:\\Users\\Roshan Chaudhary\\Desktop\\skilio-customerMs\\src\\query-builder\\SelectQueryBuilder.ts:3609:26)\n    at SelectQueryBuilder.getRawAndEntities (C:\\Users\\Roshan Chaudhary\\Desktop\\skilio-customerMs\\src\\query-builder\\SelectQueryBuilder.ts:1671:29)\n    at SelectQueryBuilder.getMany (C:\\Users\\Roshan Chaudhary\\Desktop\\skilio-customerMs\\src\\query-builder\\SelectQueryBuilder.ts:1761:25)\n    at SystemConfigStore.loadConfigs (C:\\Users\\Roshan Chaudhary\\Desktop\\skilio-customerMs\\src\\app\\config\\systemConfigStore.ts:12:32)\n    at C:\\Users\\Roshan Chaudhary\\Desktop\\skilio-customerMs\\src\\server.ts:52:5"}
{"level":"info","message":"Listening at port number 3000","service":"user-service"}
{"level":"info","message":"Database connection established successfully at skilio-customer","service":"user-service"}
{"level":"info","message":"Listening at port number 3000","service":"user-service"}
{"level":"info","message":"Database connection established successfully at skilio-customer","service":"user-service"}
{"level":"info","message":"Listening at port number 3000","service":"user-service"}
{"level":"info","message":"Database connection established successfully at skilio-customer","service":"user-service"}
{"level":"info","message":"Listening at port number 3000","service":"user-service"}
{"level":"info","message":"Database connection established successfully at skilio-customer","service":"user-service"}
{"level":"info","message":"Listening at port number 3000","service":"user-service"}
{"level":"info","message":"Database connection established successfully at skilio-customer","service":"user-service"}
{"level":"info","message":"Listening at port number 3000","service":"user-service"}
{"level":"info","message":"Database connection established successfully at skilio-customer","service":"user-service"}
{"level":"info","message":"TwilioSmsProvider: SMS sent successfully to +18777804236. Message SID: SMe19b600c30e69b8ffd958bdd2e67f493","service":"user-service"}
{"level":"info","message":"Listening at port number 3000","service":"user-service"}
{"level":"info","message":"Database connection established successfully at skilio-customer","service":"user-service"}
{"level":"error","message":"No existing verification found to resend OTP","service":"user-service"}
{"level":"info","message":"Listening at port number 3000","service":"user-service"}
{"level":"info","message":"Database connection established successfully at skilio-customer","service":"user-service"}
{"level":"info","message":"Listening at port number 3000","service":"user-service"}
{"level":"info","message":"Database connection established successfully at skilio-customer","service":"user-service"}
{"level":"info","message":"TwilioSmsProvider: SMS sent successfully to +18777804236. Message SID: SMc174d07db044707c0f6141bd059b125c","service":"user-service"}
{"level":"info","message":"Listening at port number 3000","service":"user-service"}
{"level":"info","message":"Database connection established successfully at skilio-customer","service":"user-service"}
{"level":"info","message":"Listening at port number 3000","service":"user-service"}
{"level":"info","message":"Database connection established successfully at skilio-customer","service":"user-service"}
{"level":"info","message":"Listening at port number 3000","service":"user-service"}
{"level":"info","message":"Database connection established successfully at skilio-customer","service":"user-service"}
{"level":"error","message":"TwilioSmsProvider: Failed to send SMS to +18777804236: Failed to send SMS via Twilio","service":"user-service","stack":"Error: Failed to send SMS via Twilio\n    at createMessage (C:\\Users\\Roshan Chaudhary\\Desktop\\skilio-customerMs\\src\\app\\modules\\notification\\utils\\twilio.ts:43:15)\n    at processTicksAndRejections (node:internal/process/task_queues:105:5)\n    at TwilioSmsProvider.send (C:\\Users\\Roshan Chaudhary\\Desktop\\skilio-customerMs\\src\\app\\providers\\TwilioSmsProvider.ts:14:23)\n    at communicationService.sendNotification (C:\\Users\\Roshan Chaudhary\\Desktop\\skilio-customerMs\\src\\app\\modules\\notification\\services\\communicationService.ts:23:12)\n    at VerificationService.verificationRequest (C:\\Users\\Roshan Chaudhary\\Desktop\\skilio-customerMs\\src\\app\\modules\\verification\\verification.services.ts:24:17)\n    at C:\\Users\\Roshan Chaudhary\\Desktop\\skilio-customerMs\\src\\app\\modules\\verification\\verification.controller.ts:13:23\n    at C:\\Users\\Roshan Chaudhary\\Desktop\\skilio-customerMs\\src\\app\\utils\\catchAsyncError.ts:8:7","statusCode":500}
{"level":"info","message":"Listening at port number 3000","service":"user-service"}
{"level":"info","message":"Database connection established successfully at skilio-customer","service":"user-service"}
{"level":"info","message":"Listening at port number 3000","service":"user-service"}
{"level":"info","message":"Database connection established successfully at skilio-customer","service":"user-service"}
{"level":"info","message":"Listening at port number 3000","service":"user-service"}
{"level":"info","message":"Database connection established successfully at skilio-customer","service":"user-service"}
{"level":"info","message":"Listening at port number 3000","service":"user-service"}
{"level":"info","message":"Database connection established successfully at skilio-customer","service":"user-service"}
{"level":"info","message":"Listening at port number 3000","service":"user-service"}
{"level":"info","message":"Database connection established successfully at skilio-customer","service":"user-service"}
{"level":"info","message":"Listening at port number 3000","service":"user-service"}
{"level":"info","message":"Database connection established successfully at skilio-customer","service":"user-service"}
{"level":"info","message":"Listening at port number 3000","service":"user-service"}
{"level":"info","message":"Database connection established successfully at skilio-customer","service":"user-service"}
{"level":"info","message":"Listening at port number 3000","service":"user-service"}
{"level":"info","message":"Database connection established successfully at skilio-customer","service":"user-service"}
{"level":"info","message":"Listening at port number 3000","service":"user-service"}
{"level":"info","message":"Database connection established successfully at skilio-customer","service":"user-service"}
{"level":"info","message":"Listening at port number 3000","service":"user-service"}
{"level":"info","message":"Database connection established successfully at skilio-customer","service":"user-service"}
{"level":"info","message":"Listening at port number 3000","service":"user-service"}
{"level":"info","message":"Database connection established successfully at skilio-customer","service":"user-service"}
{"level":"info","message":"Listening at port number 3000","service":"user-service"}
{"level":"info","message":"Database connection established successfully at skilio-customer","service":"user-service"}
{"level":"info","message":"Listening at port number 3000","service":"user-service"}
{"level":"info","message":"Database connection established successfully at skilio-customer","service":"user-service"}
{"level":"info","message":"Listening at port number 3000","service":"user-service"}
{"level":"info","message":"Database connection established successfully at skilio-customer","service":"user-service"}
{"level":"info","message":"TwilioSmsProvider: SMS sent successfully to +18777804236. Message SID: SM310a7c51b75a13098597eaf4992ff8e3","service":"user-service"}
{"level":"error","message":"No existing verification found to resend OTP","service":"user-service"}
{"level":"info","message":"Listening at port number 3000","service":"user-service"}
{"level":"info","message":"Database connection established successfully at skilio-customer","service":"user-service"}
{"level":"info","message":"Listening at port number 3000","service":"user-service"}
{"level":"info","message":"Database connection established successfully at skilio-customer","service":"user-service"}
{"level":"error","message":"TwilioSmsProvider: Failed to send SMS to +18777804236: Failed to send SMS via Twilio","service":"user-service","stack":"Error: Failed to send SMS via Twilio\n    at createMessage (C:\\Users\\Roshan Chaudhary\\Desktop\\skilio-customerMs\\src\\app\\modules\\notification\\utils\\twilio.ts:43:15)\n    at processTicksAndRejections (node:internal/process/task_queues:105:5)\n    at TwilioSmsProvider.send (C:\\Users\\Roshan Chaudhary\\Desktop\\skilio-customerMs\\src\\app\\providers\\TwilioSmsProvider.ts:14:23)\n    at communicationService.sendNotification (C:\\Users\\Roshan Chaudhary\\Desktop\\skilio-customerMs\\src\\app\\modules\\notification\\services\\communicationService.ts:23:12)\n    at VerificationService.verificationRequest (C:\\Users\\Roshan Chaudhary\\Desktop\\skilio-customerMs\\src\\app\\modules\\verification\\verification.services.ts:24:17)\n    at C:\\Users\\Roshan Chaudhary\\Desktop\\skilio-customerMs\\src\\app\\modules\\verification\\verification.controller.ts:13:23\n    at C:\\Users\\Roshan Chaudhary\\Desktop\\skilio-customerMs\\src\\app\\utils\\catchAsyncError.ts:8:7","statusCode":500}
{"level":"info","message":"Listening at port number 3000","service":"user-service"}
{"level":"info","message":"Database connection established successfully at skilio-customer","service":"user-service"}
