{"environment":"development","level":"info","message":"Listening at port number 3000","service":"skilio-customer-service","timestamp":"2025-10-15 12:22:34"}
{"environment":"development","level":"info","message":"Database connection established successfully at skilio-customer","service":"skilio-customer-service","timestamp":"2025-10-15 12:22:34"}
{"environment":"development","level":"info","message":"Listening at port number 3000","service":"skilio-customer-service","timestamp":"2025-10-15 12:23:16"}
{"environment":"development","level":"info","message":"Database connection established successfully at skilio-customer","service":"skilio-customer-service","timestamp":"2025-10-15 12:23:16"}
{"environment":"development","level":"info","message":"Listening at port number 3000","service":"skilio-customer-service","timestamp":"2025-10-15 12:23:33"}
{"environment":"development","level":"info","message":"Database connection established successfully at skilio-customer","service":"skilio-customer-service","timestamp":"2025-10-15 12:23:33"}
{"environment":"development","level":"info","message":"Listening at port number 3000","service":"skilio-customer-service","timestamp":"2025-10-15 12:23:47"}
{"environment":"development","level":"info","message":"Database connection established successfully at skilio-customer","service":"skilio-customer-service","timestamp":"2025-10-15 12:23:47"}
{"environment":"development","level":"info","message":"Listening at port number 3000","service":"skilio-customer-service","timestamp":"2025-10-15 12:23:51"}
{"environment":"development","level":"info","message":"Database connection established successfully at skilio-customer","service":"skilio-customer-service","timestamp":"2025-10-15 12:23:51"}
{"environment":"development","level":"info","message":"Listening at port number 3000","service":"skilio-customer-service","timestamp":"2025-10-15 12:24:12"}
{"environment":"development","level":"info","message":"Database connection established successfully at skilio-customer","service":"skilio-customer-service","timestamp":"2025-10-15 12:24:12"}
{"environment":"development","level":"info","message":"Listening at port number 3000","service":"skilio-customer-service","timestamp":"2025-10-15 12:24:26"}
{"environment":"development","level":"info","message":"Database connection established successfully at skilio-customer","service":"skilio-customer-service","timestamp":"2025-10-15 12:24:26"}
{"environment":"development","level":"info","message":"Listening at port number 3000","service":"skilio-customer-service","timestamp":"2025-10-15 12:24:39"}
{"environment":"development","level":"info","message":"Database connection established successfully at skilio-customer","service":"skilio-customer-service","timestamp":"2025-10-15 12:24:39"}
{"environment":"development","level":"info","message":"Listening at port number 3000","service":"skilio-customer-service","timestamp":"2025-10-15 12:24:48"}
{"environment":"development","level":"info","message":"Database connection established successfully at skilio-customer","service":"skilio-customer-service","timestamp":"2025-10-15 12:24:48"}
{"environment":"development","level":"info","message":"Listening at port number 3000","service":"skilio-customer-service","timestamp":"2025-10-15 12:25:02"}
{"environment":"development","level":"info","message":"Database connection established successfully at skilio-customer","service":"skilio-customer-service","timestamp":"2025-10-15 12:25:02"}
{"environment":"development","level":"info","message":"Listening at port number 3000","service":"skilio-customer-service","timestamp":"2025-10-15 12:25:27"}
{"environment":"development","level":"info","message":"Database connection established successfully at skilio-customer","service":"skilio-customer-service","timestamp":"2025-10-15 12:25:27"}
{"environment":"development","level":"info","message":"Listening at port number 3000","service":"skilio-customer-service","timestamp":"2025-10-15 12:25:39"}
{"environment":"development","level":"info","message":"Database connection established successfully at skilio-customer","service":"skilio-customer-service","timestamp":"2025-10-15 12:25:39"}
{"environment":"development","level":"info","message":"Listening at port number 3000","service":"skilio-customer","timestamp":"2025-10-15 12:28:00"}
{"environment":"development","level":"info","message":"Database connection established successfully at skilio-customer","service":"skilio-customer","timestamp":"2025-10-15 12:28:00"}
{"level":"info","message":"Listening at port number 3000","timestamp":"2025-10-15 12:28:11"}
{"level":"info","message":"Database connection established successfully at skilio-customer","timestamp":"2025-10-15 12:28:11"}
{"level":"error","message":"Profile with this Id doesnot exist","timestamp":"2025-10-15 12:33:05"}
{"level":"info","message":"Listening at port number 3000","timestamp":"2025-10-15 12:33:53"}
{"level":"info","message":"Database connection established successfully at skilio-customer","timestamp":"2025-10-15 12:33:53"}
{"level":"info","message":"Listening at port number 3000","timestamp":"2025-10-15 12:38:29"}
{"level":"info","message":"Database connection established successfully at skilio-customer","timestamp":"2025-10-15 12:38:29"}
{"level":"info","message":"Listening at port number 3000","timestamp":"2025-10-15 12:39:23"}
{"level":"info","message":"Database connection established successfully at skilio-customer","timestamp":"2025-10-15 12:39:23"}
{"level":"info","message":"Listening at port number 3000","timestamp":"2025-10-15 12:39:28"}
{"level":"info","message":"Database connection established successfully at skilio-customer","timestamp":"2025-10-15 12:39:28"}
{"level":"info","message":"Listening at port number 3000","timestamp":"2025-10-15 12:39:36"}
{"level":"info","message":"Database connection established successfully at skilio-customer","timestamp":"2025-10-15 12:39:36"}
{"controller":"RegistrationController.getProfile","input":{},"layer":"controller","level":"info","message":"RegistrationController.getProfile started","timestamp":"2025-10-15 12:39:39"}
{"0":"R","1":"e","10":"o","11":"n","12":"C","13":"o","14":"n","15":"t","16":"r","17":"o","18":"l","19":"l","2":"g","20":"e","21":"r","22":".","23":"g","24":"e","25":"t","26":"P","27":"r","28":"o","29":"f","3":"i","30":"i","31":"l","32":"e","33":" ","34":"c","35":"o","36":"m","37":"p","38":"l","39":"e","4":"s","40":"t","41":"e","42":"d","43":" ","44":"s","45":"u","46":"c","47":"c","48":"e","49":"s","5":"t","50":"s","51":"f","52":"u","53":"l","54":"l","55":"y","6":"r","7":"a","8":"t","9":"i","controller":"RegistrationController.getProfile","layer":"controller","level":"info","message":"RegistrationController.getProfile completed","responseTime":"79.07ms","status":200,"timestamp":"2025-10-15 12:39:40"}
{"level":"info","message":"Listening at port number 3000","timestamp":"2025-10-15 12:40:25"}
{"level":"info","message":"Database connection established successfully at skilio-customer","timestamp":"2025-10-15 12:40:25"}
{"controller":"RegistrationController.getProfile","input":{"id":"2fe16619-b0fc-45c6-aa80-11aa328dff09"},"layer":"controller","level":"info","message":"RegistrationController.getProfile started","timestamp":"2025-10-15 12:40:33"}
{"0":"R","1":"e","10":"o","11":"n","12":"C","13":"o","14":"n","15":"t","16":"r","17":"o","18":"l","19":"l","2":"g","20":"e","21":"r","22":".","23":"g","24":"e","25":"t","26":"P","27":"r","28":"o","29":"f","3":"i","30":"i","31":"l","32":"e","33":" ","34":"c","35":"o","36":"m","37":"p","38":"l","39":"e","4":"s","40":"t","41":"e","42":"d","43":" ","44":"s","45":"u","46":"c","47":"c","48":"e","49":"s","5":"t","50":"s","51":"f","52":"u","53":"l","54":"l","55":"y","6":"r","7":"a","8":"t","9":"i","controller":"RegistrationController.getProfile","layer":"controller","level":"info","message":"RegistrationController.getProfile completed","responseTime":"57.06ms","status":200,"timestamp":"2025-10-15 12:40:33"}
{"level":"info","message":"Listening at port number 3000","timestamp":"2025-10-15 12:43:09"}
{"level":"info","message":"Database connection established successfully at skilio-customer","timestamp":"2025-10-15 12:43:09"}
{"controller":"RegistrationController.getProfile","input":{"id":"2fe16619-b0fc-45c6-aa80-11aa328dff09"},"layer":"controller","level":"info","message":"RegistrationController.getProfile started","timestamp":"2025-10-15 12:43:12"}
{"controller":"RegistrationController.getProfile","layer":"controller","level":"info","message":"RegistrationController.getProfile completed successfully","responseTime":"68.03ms","status":200,"timestamp":"2025-10-15 12:43:12"}
{"controller":"RegistrationController.getProfile","input":{"id":"2fe16619-b0fc-45c6-aa80-11aa328dff09"},"layer":"controller","level":"info","message":"RegistrationController.getProfile started","timestamp":"2025-10-15 12:44:23"}
{"controller":"RegistrationController.getProfile","layer":"controller","level":"info","message":"RegistrationController.getProfile completed successfully","responseTime":"355.81ms","status":200,"timestamp":"2025-10-15 12:44:24"}
{"level":"info","message":"Listening at port number 3000","timestamp":"2025-10-15 12:46:41"}
{"level":"info","message":"Database connection established successfully at skilio-customer","timestamp":"2025-10-15 12:46:41"}
{"controller":"RegistrationController.getProfile","input":{"id":"2fe16619-b0fc-45c6-aa80-11aa328dff09"},"layer":"controller","level":"info","message":"RegistrationController.getProfile started","timestamp":"2025-10-15 12:46:44"}
{"controller":"RegistrationController.getProfile","layer":"controller","level":"info","message":"RegistrationController.getProfile completed successfully","responseTime":"83.71ms","status":200,"timestamp":"2025-10-15 12:46:44"}
{"controller":"RegistrationController.getProfile","input":{"id":"2fe16619-b0fc-45c6-aa80-11aa328dff09"},"layer":"controller","level":"info","message":"RegistrationController.getProfile started","timestamp":"2025-10-15 12:47:44"}
{"controller":"RegistrationController.getProfile","layer":"controller","level":"info","message":"RegistrationController.getProfile completed successfully","responseTime":"176.81ms","status":200,"timestamp":"2025-10-15 12:47:44"}
{"level":"info","message":"Listening at port number 3000","timestamp":"2025-10-15 12:48:09"}
{"level":"info","message":"Database connection established successfully at skilio-customer","timestamp":"2025-10-15 12:48:09"}
{"controller":"RegistrationController.getProfile","input":{"id":"2fe16619-b0fc-45c6-aa80-11aa328dff09"},"layer":"controller","level":"info","message":"RegistrationController.getProfile started","timestamp":"2025-10-15 12:48:14"}
{"controller":"RegistrationController.getProfile","layer":"controller","level":"info","message":"RegistrationController.getProfile completed successfully","responseTime":"169.00ms","status":200,"timestamp":"2025-10-15 12:48:14"}
{"level":"info","message":"Listening at port number 3000","timestamp":"2025-10-15 12:50:40"}
{"level":"info","message":"Database connection established successfully at skilio-customer","timestamp":"2025-10-15 12:50:40"}
{"level":"info","message":"Listening at port number 3000","timestamp":"2025-10-15 12:50:58"}
{"level":"info","message":"Database connection established successfully at skilio-customer","timestamp":"2025-10-15 12:50:58"}
{"level":"info","message":"Listening at port number 3000","timestamp":"2025-10-15 12:51:06"}
{"level":"info","message":"Database connection established successfully at skilio-customer","timestamp":"2025-10-15 12:51:06"}
{"level":"info","message":"Listening at port number 3000","timestamp":"2025-10-15 12:51:19"}
{"level":"info","message":"Database connection established successfully at skilio-customer","timestamp":"2025-10-15 12:51:19"}
{"controller":"RegistrationController.loginUser","input":{"credential":"+919876543127","pin":"****"},"layer":"controller","level":"info","message":"RegistrationController.loginUser started","timestamp":"2025-10-15 12:51:25"}
{"level":"error","message":"Pin doesnot match , please try again.","timestamp":"2025-10-15 12:51:25"}
{"controller":"RegistrationController.loginUser","layer":"controller","level":"info","message":"RegistrationController.loginUser completed successfully","responseTime":"261.58ms","status":200,"timestamp":"2025-10-15 12:51:25"}
{"controller":"RegistrationController.loginUser","input":{"credential":"+919876543127","pin":"****"},"layer":"controller","level":"info","message":"RegistrationController.loginUser started","timestamp":"2025-10-15 12:51:31"}
{"controller":"RegistrationController.loginUser","layer":"controller","level":"info","message":"RegistrationController.loginUser completed successfully","responseTime":"180.88ms","status":200,"timestamp":"2025-10-15 12:51:31"}
{"level":"info","message":"Listening at port number 3000","timestamp":"2025-10-15 12:52:49"}
{"level":"info","message":"Database connection established successfully at skilio-customer","timestamp":"2025-10-15 12:52:49"}
{"level":"info","message":"Listening at port number 3000","timestamp":"2025-10-15 12:53:06"}
{"level":"info","message":"Database connection established successfully at skilio-customer","timestamp":"2025-10-15 12:53:06"}
{"level":"info","message":"Listening at port number 3000","timestamp":"2025-10-15 12:54:05"}
{"level":"info","message":"Database connection established successfully at skilio-customer","timestamp":"2025-10-15 12:54:05"}
{"controller":"RegistrationController.loginUser","input":{"body":{"credential":"+919876543127","pin":"****"},"params":{},"qurey":{}},"layer":"controller","level":"info","message":"RegistrationController.loginUser started","timestamp":"2025-10-15 12:54:10"}
{"level":"error","message":"Pin doesnot match , please try again.","timestamp":"2025-10-15 12:54:11"}
{"controller":"RegistrationController.loginUser","layer":"controller","level":"info","message":"RegistrationController.loginUser completed successfully","responseTime":"365.88ms","status":200,"timestamp":"2025-10-15 12:54:11"}
{"controller":"RegistrationController.loginUser","input":{"body":{"credential":"+919876543127","pin":"****"},"params":{},"qurey":{}},"layer":"controller","level":"info","message":"RegistrationController.loginUser started","timestamp":"2025-10-15 12:54:16"}
{"level":"error","message":"Pin doesnot match , please try again.","timestamp":"2025-10-15 12:54:17"}
{"controller":"RegistrationController.loginUser","layer":"controller","level":"info","message":"RegistrationController.loginUser completed successfully","responseTime":"229.18ms","status":200,"timestamp":"2025-10-15 12:54:17"}
{"controller":"RegistrationController.loginUser","input":{"body":{"credential":"+919876543127","pin":"****"},"params":{},"qurey":{}},"layer":"controller","level":"info","message":"RegistrationController.loginUser started","timestamp":"2025-10-15 12:54:23"}
{"level":"error","message":"Pin doesnot match , please try again.","timestamp":"2025-10-15 12:54:23"}
{"controller":"RegistrationController.loginUser","layer":"controller","level":"info","message":"RegistrationController.loginUser completed successfully","responseTime":"186.35ms","status":200,"timestamp":"2025-10-15 12:54:23"}
{"controller":"RegistrationController.loginUser","input":{"body":{"credential":"+919876543127","pin":"****"},"params":{},"qurey":{}},"layer":"controller","level":"info","message":"RegistrationController.loginUser started","timestamp":"2025-10-15 12:54:58"}
{"level":"error","message":"Pin doesnot match , please try again.","timestamp":"2025-10-15 12:54:59"}
{"controller":"RegistrationController.loginUser","layer":"controller","level":"info","message":"RegistrationController.loginUser completed successfully","responseTime":"294.30ms","status":200,"timestamp":"2025-10-15 12:54:59"}
{"level":"info","message":"Listening at port number 3000","timestamp":"2025-10-15 12:55:42"}
{"level":"info","message":"Database connection established successfully at skilio-customer","timestamp":"2025-10-15 12:55:42"}
{"controller":"RegistrationController.loginUser","input":{"credential":"+919876543127","pin":"****"},"layer":"controller","level":"info","message":"RegistrationController.loginUser started","timestamp":"2025-10-15 12:55:45"}
{"controller":"RegistrationController.loginUser","layer":"controller","level":"info","message":"RegistrationController.loginUser completed successfully","responseTime":"187.61ms","status":200,"timestamp":"2025-10-15 12:55:45"}
{"level":"info","message":"Listening at port number 3000","timestamp":"2025-10-15 12:57:07"}
{"level":"info","message":"Database connection established successfully at skilio-customer","timestamp":"2025-10-15 12:57:07"}
{"level":"info","message":"Listening at port number 3000","timestamp":"2025-10-15 12:57:21"}
{"level":"info","message":"Database connection established successfully at skilio-customer","timestamp":"2025-10-15 12:57:21"}
{"controller":"RegistrationController.loginUser","input":{"body":{"credential":"+919876543127","pin":"****"}},"layer":"controller","level":"info","message":"RegistrationController.loginUser started","timestamp":"2025-10-15 12:57:23"}
{"level":"error","message":"Pin doesnot match , please try again.","timestamp":"2025-10-15 12:57:23"}
{"controller":"RegistrationController.loginUser","layer":"controller","level":"info","message":"RegistrationController.loginUser completed successfully","responseTime":"256.83ms","status":200,"timestamp":"2025-10-15 12:57:23"}
{"level":"info","message":"Listening at port number 3000","timestamp":"2025-10-15 12:58:25"}
{"level":"info","message":"Database connection established successfully at skilio-customer","timestamp":"2025-10-15 12:58:25"}
{"level":"info","message":"Listening at port number 3000","timestamp":"2025-10-15 12:58:29"}
{"level":"info","message":"Database connection established successfully at skilio-customer","timestamp":"2025-10-15 12:58:29"}
{"controller":"RegistrationController.loginUser","input":{"credential":"+919876543127","pin":"****"},"layer":"controller","level":"info","message":"RegistrationController.loginUser started","timestamp":"2025-10-15 12:58:42"}
{"controller":"RegistrationController.loginUser","layer":"controller","level":"info","message":"RegistrationController.loginUser completed successfully","responseTime":"431.78ms","status":200,"timestamp":"2025-10-15 12:58:43"}
{"level":"info","message":"Listening at port number 3000","timestamp":"2025-10-15 12:59:10"}
{"level":"info","message":"Database connection established successfully at skilio-customer","timestamp":"2025-10-15 12:59:10"}
{"controller":"RegistrationController.loginUser","input":{"credential":"+919876543127","params":{},"pin":"****","query":{}},"layer":"controller","level":"info","message":"RegistrationController.loginUser started","timestamp":"2025-10-15 12:59:18"}
{"controller":"RegistrationController.loginUser","layer":"controller","level":"info","message":"RegistrationController.loginUser completed successfully","responseTime":"209.86ms","status":200,"timestamp":"2025-10-15 12:59:18"}
{"level":"info","message":"Listening at port number 3000","timestamp":"2025-10-15 13:34:20"}
{"level":"info","message":"Database connection established successfully at skilio-customer","timestamp":"2025-10-15 13:34:20"}
{"level":"info","message":"Listening at port number 3000","timestamp":"2025-10-15 13:35:20"}
{"level":"info","message":"Database connection established successfully at skilio-customer","timestamp":"2025-10-15 13:35:20"}
{"controller":"RegistrationController.getProfile","input":{"params":{"id":"2fe16619-b0fc-45c6-aa80-11aa328dff09"},"query":{}},"layer":"controller","level":"info","message":"RegistrationController.getProfile started","timestamp":"2025-10-15 13:35:28"}
{"input":["2fe16619-b0fc-45c6-aa80-11aa328dff09"],"layer":"service","level":"info","message":"RegistrationService.getProfile started","method":"getProfile","service":"RegistrationService","timestamp":"2025-10-15 13:35:28"}
{"layer":"service","level":"info","message":"RegistrationService.getProfile completed successfully","method":"getProfile","responseTime":"126.26ms","service":"RegistrationService","timestamp":"2025-10-15 13:35:28"}
{"controller":"RegistrationController.getProfile","layer":"controller","level":"info","message":"RegistrationController.getProfile completed successfully","responseTime":"145.12ms","status":200,"timestamp":"2025-10-15 13:35:28"}
{"level":"info","message":"Listening at port number 3000","timestamp":"2025-10-15 13:46:17"}
{"level":"info","message":"Database connection established successfully at skilio-customer","timestamp":"2025-10-15 13:46:17"}
{"level":"info","message":"Listening at port number 3000","timestamp":"2025-10-15 13:46:35"}
{"level":"info","message":"Database connection established successfully at skilio-customer","timestamp":"2025-10-15 13:46:35"}
{"level":"info","message":"Listening at port number 3000","timestamp":"2025-10-15 13:46:53"}
{"level":"info","message":"Database connection established successfully at skilio-customer","timestamp":"2025-10-15 13:46:53"}
{"level":"info","message":"Listening at port number 3000","timestamp":"2025-10-15 13:50:24"}
{"level":"info","message":"Database connection established successfully at skilio-customer","timestamp":"2025-10-15 13:50:24"}
{"level":"info","message":"Listening at port number 3000","timestamp":"2025-10-15 13:53:44"}
{"level":"info","message":"Database connection established successfully at skilio-customer","timestamp":"2025-10-15 13:53:44"}
{"controller":"RegistrationController.getProfile","input":{"params":{"id":"2fe16619-b0fc-45c6-aa80-11aa328dff09"},"query":{}},"layer":"controller","level":"info","message":"RegistrationController.getProfile started","timestamp":"2025-10-15 13:53:51"}
{"input":["2fe16619-b0fc-45c6-aa80-11aa328dff09"],"layer":"proxy","level":"info","message":"RegistrationProxy.getProfile started","method":"getProfile","proxy":"RegistrationProxy","timestamp":"2025-10-15 13:53:51"}
{"input":["2fe16619-b0fc-45c6-aa80-11aa328dff09"],"layer":"service","level":"info","message":"RegistrationService.getProfile started","method":"getProfile","service":"RegistrationService","timestamp":"2025-10-15 13:53:51"}
{"layer":"service","level":"info","message":"RegistrationService.getProfile completed successfully","method":"getProfile","responseTime":"92.86ms","service":"RegistrationService","timestamp":"2025-10-15 13:53:51"}
{"layer":"proxy","level":"info","message":"RegistrationProxy.getProfile completed successfully","method":"getProfile","proxy":"RegistrationProxy","responseTime":"100.19ms","timestamp":"2025-10-15 13:53:51"}
{"controller":"RegistrationController.getProfile","layer":"controller","level":"info","message":"RegistrationController.getProfile completed successfully","responseTime":"111.59ms","status":200,"timestamp":"2025-10-15 13:53:51"}
{"controller":"RegistrationController.createProfile","input":{"address":{"city":"Kathmandu","country":"India","location":{"latitude":27.7172,"longitude":85.324},"pinCode":323433,"state":"Bagmati","streetAddress":"Baneshwor Road"},"contacts":[{"type":"PHONE","value":"+919876543113","verificationId":"137793d3-14eb-4c18-9fbc-8f3cf78b7b25"},{"type":"EMAIL","value":"doe13@gmail.com","verificationId":"137793d3-14eb-4c18-9fbc-8f3cf78b7b25"}],"firstName":"john","groupName":"","lastName":"doee","nickName":"doe13","params":{},"pin":"****","portfolio":{"bio":"I have been performing for over 5 years in local events and studios.","category":"Music","eventsDoneDocumentId":"551f8eb8-bcc9-435b-96d6-67cab62f8703","imageDocumentId":"fffdf949-11d7-47d0-8ae5-2c311f532fbe","proficiency":"PROFESSIONAL","subCategory":"Guitarist","totalEvents":25,"videoDocumentId":"3e61a5fa-6d91-431c-b078-b70b9cea234c"},"profileDocumentId":"b6890f46-703b-47b8-b7be-f09563db1549","profileType":"INDIVIDUAL","query":{}},"layer":"controller","level":"info","message":"RegistrationController.createProfile started","timestamp":"2025-10-15 13:54:39"}
{"input":[{"address":{"city":"Kathmandu","country":"India","location":{"latitude":27.7172,"longitude":85.324},"pinCode":323433,"state":"Bagmati","streetAddress":"Baneshwor Road"},"contacts":[{"isVerified":false,"primary":true,"type":"PHONE","value":"+919876543113","verificationId":"137793d3-14eb-4c18-9fbc-8f3cf78b7b25"},{"isVerified":false,"primary":true,"type":"EMAIL","value":"doe13@gmail.com","verificationId":"137793d3-14eb-4c18-9fbc-8f3cf78b7b25"}],"firstName":"john","groupName":"","lastName":"doee","nickName":"doe13","pin":"****","portfolio":{"bio":"I have been performing for over 5 years in local events and studios.","category":"Music","eventsDoneDocumentId":"551f8eb8-bcc9-435b-96d6-67cab62f8703","imageDocumentId":"fffdf949-11d7-47d0-8ae5-2c311f532fbe","proficiency":"PROFESSIONAL","subCategory":"Guitarist","totalEvents":25,"videoDocumentId":"3e61a5fa-6d91-431c-b078-b70b9cea234c"},"profileDocumentId":"b6890f46-703b-47b8-b7be-f09563db1549","profileType":"INDIVIDUAL"}],"layer":"proxy","level":"info","message":"RegistrationProxy.createProfile started","method":"createProfile","proxy":"RegistrationProxy","timestamp":"2025-10-15 13:54:39"}
{"input":[{"address":{"city":"Kathmandu","country":"India","location":{"latitude":27.7172,"longitude":85.324},"pinCode":323433,"state":"Bagmati","streetAddress":"Baneshwor Road"},"contacts":[{"isVerified":false,"primary":true,"type":"PHONE","value":"+919876543113","verificationId":"137793d3-14eb-4c18-9fbc-8f3cf78b7b25"},{"isVerified":false,"primary":true,"type":"EMAIL","value":"doe13@gmail.com","verificationId":"137793d3-14eb-4c18-9fbc-8f3cf78b7b25"}],"firstName":"john","groupName":"","lastName":"doee","nickName":"doe13","pin":"****","portfolio":{"bio":"I have been performing for over 5 years in local events and studios.","category":"Music","eventsDoneDocumentId":"551f8eb8-bcc9-435b-96d6-67cab62f8703","imageDocumentId":"fffdf949-11d7-47d0-8ae5-2c311f532fbe","proficiency":"PROFESSIONAL","subCategory":"Guitarist","totalEvents":25,"videoDocumentId":"3e61a5fa-6d91-431c-b078-b70b9cea234c"},"profileDocumentId":"b6890f46-703b-47b8-b7be-f09563db1549","profileType":"INDIVIDUAL"}],"layer":"service","level":"info","message":"RegistrationService.createProfile started","method":"createProfile","service":"RegistrationService","timestamp":"2025-10-15 13:54:39"}
{"layer":"service","level":"info","message":"RegistrationService.createProfile completed successfully","method":"createProfile","responseTime":"302.47ms","service":"RegistrationService","timestamp":"2025-10-15 13:54:40"}
{"layer":"proxy","level":"info","message":"RegistrationProxy.createProfile completed successfully","method":"createProfile","proxy":"RegistrationProxy","responseTime":"544.66ms","timestamp":"2025-10-15 13:54:40"}
{"controller":"RegistrationController.createProfile","layer":"controller","level":"info","message":"RegistrationController.createProfile completed successfully","responseTime":"551.25ms","status":200,"timestamp":"2025-10-15 13:54:40"}
{"controller":"RegistrationController.loginUser","input":{"credential":"+919876543127","params":{},"pin":"****","query":{}},"layer":"controller","level":"info","message":"RegistrationController.loginUser started","timestamp":"2025-10-15 14:01:52"}
{"input":["+919876543127","1234"],"layer":"proxy","level":"info","message":"RegistrationProxy.loginUser started","method":"loginUser","proxy":"RegistrationProxy","timestamp":"2025-10-15 14:01:52"}
{"input":["1234",{"contacts":[{"createdAt":"2025-10-10T09:35:13.166Z","id":"11d96603-8cb9-4ead-9c1e-d2bc40b6c910","isVerified":true,"primary":true,"profileId":"41cb3737-4f5a-4160-9372-d4f1dca430bd","type":"PHONE","updatedAt":"2025-10-10T09:35:13.166Z","value":"+919876543127"}],"createdAt":"2025-10-10T09:35:13.166Z","firstName":"john","groupName":"","id":"41cb3737-4f5a-4160-9372-d4f1dca430bd","isSubscribed":false,"lastName":"doee","nickName":"doe7","pin":"****","profileType":"INDIVIDUAL","status":"REQUESTED","updatedAt":"2025-10-10T09:35:13.166Z"}],"layer":"service","level":"info","message":"RegistrationService.loginUser started","method":"loginUser","service":"RegistrationService","timestamp":"2025-10-15 14:01:52"}
{"layer":"service","level":"info","message":"RegistrationService.loginUser completed successfully","method":"loginUser","responseTime":"93.58ms","service":"RegistrationService","timestamp":"2025-10-15 14:01:52"}
{"layer":"proxy","level":"info","message":"RegistrationProxy.loginUser completed successfully","method":"loginUser","proxy":"RegistrationProxy","responseTime":"189.81ms","timestamp":"2025-10-15 14:01:52"}
{"controller":"RegistrationController.loginUser","layer":"controller","level":"info","message":"RegistrationController.loginUser completed successfully","responseTime":"194.38ms","status":200,"timestamp":"2025-10-15 14:01:52"}
{"level":"info","message":"Listening at port number 3000","timestamp":"2025-10-15 14:05:53"}
{"level":"info","message":"Database connection established successfully at skilio-customer","timestamp":"2025-10-15 14:05:53"}
{"level":"info","message":"Listening at port number 3000","timestamp":"2025-10-15 14:06:13"}
{"level":"info","message":"Database connection established successfully at skilio-customer","timestamp":"2025-10-15 14:06:13"}
{"level":"info","message":"Listening at port number 3000","timestamp":"2025-10-15 14:07:08"}
{"level":"info","message":"Database connection established successfully at skilio-customer","timestamp":"2025-10-15 14:07:08"}
{"level":"info","message":"Listening at port number 3000","timestamp":"2025-10-15 14:07:22"}
{"level":"info","message":"Database connection established successfully at skilio-customer","timestamp":"2025-10-15 14:07:22"}
{"level":"info","message":"Listening at port number 3000","timestamp":"2025-10-15 14:08:09"}
{"level":"info","message":"Database connection established successfully at skilio-customer","timestamp":"2025-10-15 14:08:09"}
{"level":"info","message":"Listening at port number 3000","timestamp":"2025-10-15 14:08:16"}
{"level":"info","message":"Database connection established successfully at skilio-customer","timestamp":"2025-10-15 14:08:16"}
{"level":"info","message":"Listening at port number 3000","timestamp":"2025-10-15 14:08:23"}
{"level":"info","message":"Database connection established successfully at skilio-customer","timestamp":"2025-10-15 14:08:23"}
{"controller":"RegistrationController.loginUser","input":{"credential":"+919876543127","params":{},"query":{}},"layer":"controller","level":"info","message":"RegistrationController.loginUser started","timestamp":"2025-10-15 14:08:25"}
{"input":["+919876543127","1234"],"layer":"proxy","level":"info","message":"RegistrationProxy.loginUser started","method":"loginUser","proxy":"RegistrationProxy","timestamp":"2025-10-15 14:08:25"}
{"input":["1234",{"contacts":[{"createdAt":"2025-10-10T09:35:13.166Z","id":"11d96603-8cb9-4ead-9c1e-d2bc40b6c910","isVerified":true,"primary":true,"profileId":"41cb3737-4f5a-4160-9372-d4f1dca430bd","type":"PHONE","updatedAt":"2025-10-10T09:35:13.166Z","value":"+919876543127"}],"createdAt":"2025-10-10T09:35:13.166Z","firstName":"john","groupName":"","id":"41cb3737-4f5a-4160-9372-d4f1dca430bd","isSubscribed":false,"lastName":"doee","nickName":"doe7","profileType":"INDIVIDUAL","status":"REQUESTED","updatedAt":"2025-10-10T09:35:13.166Z"}],"layer":"service","level":"info","message":"RegistrationService.loginUser started","method":"loginUser","service":"RegistrationService","timestamp":"2025-10-15 14:08:25"}
{"layer":"service","level":"info","message":"RegistrationService.loginUser completed successfully","method":"loginUser","responseTime":"99.18ms","service":"RegistrationService","timestamp":"2025-10-15 14:08:25"}
{"layer":"proxy","level":"info","message":"RegistrationProxy.loginUser completed successfully","method":"loginUser","proxy":"RegistrationProxy","responseTime":"129.23ms","timestamp":"2025-10-15 14:08:25"}
{"controller":"RegistrationController.loginUser","layer":"controller","level":"info","message":"RegistrationController.loginUser completed successfully","responseTime":"139.03ms","status":200,"timestamp":"2025-10-15 14:08:25"}
{"level":"info","message":"Listening at port number 3000","timestamp":"2025-10-15 14:08:42"}
{"level":"info","message":"Database connection established successfully at skilio-customer","timestamp":"2025-10-15 14:08:42"}
{"level":"info","message":"Listening at port number 3000","timestamp":"2025-10-15 14:13:42"}
{"level":"info","message":"Database connection established successfully at skilio-customer","timestamp":"2025-10-15 14:13:42"}
{"level":"info","message":"Listening at port number 3000","timestamp":"2025-10-15 14:13:53"}
{"level":"info","message":"Database connection established successfully at skilio-customer","timestamp":"2025-10-15 14:13:53"}
{"level":"info","message":"Listening at port number 3000","timestamp":"2025-10-15 14:14:04"}
{"level":"info","message":"Database connection established successfully at skilio-customer","timestamp":"2025-10-15 14:14:04"}
{"controller":"RegistrationController.loginUser","input":{"credential":"+919876543127","params":{},"query":{}},"layer":"controller","level":"info","message":"RegistrationController.loginUser started","timestamp":"2025-10-15 14:15:14"}
{"input":{"0":"+919876543127","1":"1234"},"layer":"proxy","level":"info","message":"RegistrationProxy.loginUser started","method":"loginUser","proxy":"RegistrationProxy","timestamp":"2025-10-15 14:15:14"}
{"input":{"0":"1234","1":{"contacts":[{"createdAt":"2025-10-10T09:35:13.166Z","id":"11d96603-8cb9-4ead-9c1e-d2bc40b6c910","isVerified":true,"primary":true,"profileId":"41cb3737-4f5a-4160-9372-d4f1dca430bd","type":"PHONE","updatedAt":"2025-10-10T09:35:13.166Z","value":"+919876543127"}],"createdAt":"2025-10-10T09:35:13.166Z","firstName":"john","groupName":"","id":"41cb3737-4f5a-4160-9372-d4f1dca430bd","isSubscribed":false,"lastName":"doee","nickName":"doe7","pin":"$2b$10$1bFYnrO.3vNELlBslfRukOBpymdVJ3PHSHZlObL8el//7G.l5FZre","profileType":"INDIVIDUAL","status":"REQUESTED","updatedAt":"2025-10-10T09:35:13.166Z"}},"layer":"service","level":"info","message":"RegistrationService.loginUser started","method":"loginUser","service":"RegistrationService","timestamp":"2025-10-15 14:15:14"}
{"layer":"service","level":"info","message":"RegistrationService.loginUser completed successfully","method":"loginUser","responseTime":"104.90ms","service":"RegistrationService","timestamp":"2025-10-15 14:15:14"}
{"layer":"proxy","level":"info","message":"RegistrationProxy.loginUser completed successfully","method":"loginUser","proxy":"RegistrationProxy","responseTime":"399.41ms","timestamp":"2025-10-15 14:15:14"}
{"controller":"RegistrationController.loginUser","layer":"controller","level":"info","message":"RegistrationController.loginUser completed successfully","responseTime":"410.84ms","status":200,"timestamp":"2025-10-15 14:15:14"}
{"level":"info","message":"Listening at port number 3000","timestamp":"2025-10-15 14:15:46"}
{"level":"info","message":"Database connection established successfully at skilio-customer","timestamp":"2025-10-15 14:15:46"}
{"level":"info","message":"Listening at port number 3000","timestamp":"2025-10-15 14:15:51"}
{"level":"info","message":"Database connection established successfully at skilio-customer","timestamp":"2025-10-15 14:15:51"}
{"level":"info","message":"Listening at port number 3000","timestamp":"2025-10-15 14:17:01"}
{"level":"info","message":"Database connection established successfully at skilio-customer","timestamp":"2025-10-15 14:17:01"}
{"level":"info","message":"Listening at port number 3000","timestamp":"2025-10-15 14:17:08"}
{"level":"info","message":"Database connection established successfully at skilio-customer","timestamp":"2025-10-15 14:17:08"}
{"controller":"RegistrationController.loginUser","input":{"credential":"+919876543127","params":{},"query":{}},"layer":"controller","level":"info","message":"RegistrationController.loginUser started","timestamp":"2025-10-15 14:17:13"}
{"input":["+919876543127","1234"],"layer":"proxy","level":"info","message":"RegistrationProxy.loginUser started","method":"loginUser","proxy":"RegistrationProxy","timestamp":"2025-10-15 14:17:13"}
{"input":["1234",{"contacts":[{"createdAt":"2025-10-10T09:35:13.166Z","id":"11d96603-8cb9-4ead-9c1e-d2bc40b6c910","isVerified":true,"primary":true,"profileId":"41cb3737-4f5a-4160-9372-d4f1dca430bd","type":"PHONE","updatedAt":"2025-10-10T09:35:13.166Z","value":"+919876543127"}],"createdAt":"2025-10-10T09:35:13.166Z","firstName":"john","groupName":"","id":"41cb3737-4f5a-4160-9372-d4f1dca430bd","isSubscribed":false,"lastName":"doee","nickName":"doe7","profileType":"INDIVIDUAL","status":"REQUESTED","updatedAt":"2025-10-10T09:35:13.166Z"}],"layer":"service","level":"info","message":"RegistrationService.loginUser started","method":"loginUser","service":"RegistrationService","timestamp":"2025-10-15 14:17:13"}
{"layer":"service","level":"info","message":"RegistrationService.loginUser completed successfully","method":"loginUser","responseTime":"156.95ms","service":"RegistrationService","timestamp":"2025-10-15 14:17:13"}
{"layer":"proxy","level":"info","message":"RegistrationProxy.loginUser completed successfully","method":"loginUser","proxy":"RegistrationProxy","responseTime":"206.63ms","timestamp":"2025-10-15 14:17:13"}
{"controller":"RegistrationController.loginUser","layer":"controller","level":"info","message":"RegistrationController.loginUser completed successfully","responseTime":"236.97ms","status":200,"timestamp":"2025-10-15 14:17:13"}
{"level":"info","message":"Listening at port number 3000","timestamp":"2025-10-15 14:22:05"}
{"level":"info","message":"Database connection established successfully at skilio-customer","timestamp":"2025-10-15 14:22:05"}
{"level":"info","message":"Listening at port number 3000","timestamp":"2025-10-15 14:25:18"}
{"level":"info","message":"Database connection established successfully at skilio-customer","timestamp":"2025-10-15 14:25:18"}
{"controller":"RegistrationController.loginUser","input":{"credential":"+919876543127","params":{},"query":{}},"layer":"controller","level":"info","message":"RegistrationController.loginUser started","timestamp":"2025-10-15 14:25:31"}
{"input":["+919876543127","1234"],"layer":"proxy","level":"info","message":"RegistrationProxy.loginUser started","method":"loginUser","proxy":"RegistrationProxy","timestamp":"2025-10-15 14:25:31"}
{"input":["1234",{"contacts":[{"createdAt":"2025-10-10T09:35:13.166Z","id":"11d96603-8cb9-4ead-9c1e-d2bc40b6c910","isVerified":true,"primary":true,"profileId":"41cb3737-4f5a-4160-9372-d4f1dca430bd","type":"PHONE","updatedAt":"2025-10-10T09:35:13.166Z","value":"+919876543127"}],"createdAt":"2025-10-10T09:35:13.166Z","firstName":"john","groupName":"","id":"41cb3737-4f5a-4160-9372-d4f1dca430bd","isSubscribed":false,"lastName":"doee","nickName":"doe7","profileType":"INDIVIDUAL","status":"REQUESTED","updatedAt":"2025-10-10T09:35:13.166Z"}],"layer":"service","level":"info","message":"RegistrationService.loginUser started","method":"loginUser","service":"RegistrationService","timestamp":"2025-10-15 14:25:31"}
{"layer":"service","level":"info","message":"RegistrationService.loginUser completed successfully","method":"loginUser","responseTime":"144.58ms","service":"RegistrationService","timestamp":"2025-10-15 14:25:31"}
{"layer":"proxy","level":"info","message":"RegistrationProxy.loginUser completed successfully","method":"loginUser","proxy":"RegistrationProxy","responseTime":"480.31ms","timestamp":"2025-10-15 14:25:31"}
{"controller":"RegistrationController.loginUser","layer":"controller","level":"info","message":"RegistrationController.loginUser completed successfully","responseTime":"527.77ms","status":200,"timestamp":"2025-10-15 14:25:31"}
{"level":"info","message":"Listening at port number 3000","timestamp":"2025-10-15 14:26:42"}
{"level":"info","message":"Database connection established successfully at skilio-customer","timestamp":"2025-10-15 14:26:42"}
{"level":"info","message":"Listening at port number 3000","timestamp":"2025-10-15 14:26:52"}
{"level":"info","message":"Database connection established successfully at skilio-customer","timestamp":"2025-10-15 14:26:52"}
{"level":"info","message":"Listening at port number 3000","timestamp":"2025-10-15 14:26:59"}
{"level":"info","message":"Database connection established successfully at skilio-customer","timestamp":"2025-10-15 14:26:59"}
{"level":"info","message":"Listening at port number 3000","timestamp":"2025-10-15 14:27:20"}
{"level":"info","message":"Database connection established successfully at skilio-customer","timestamp":"2025-10-15 14:27:20"}
{"level":"info","message":"Listening at port number 3000","timestamp":"2025-10-15 14:27:34"}
{"level":"info","message":"Database connection established successfully at skilio-customer","timestamp":"2025-10-15 14:27:34"}
{"controller":"RegistrationController.loginUser","input":{"credential":"+919876543127","params":{},"query":{}},"layer":"controller","level":"info","message":"RegistrationController.loginUser started","timestamp":"2025-10-15 14:27:37"}
{"layer":"proxy","level":"info","message":"RegistrationProxy.loginUser started","method":"loginUser","proxy":"RegistrationProxy","timestamp":"2025-10-15 14:27:37"}
{"layer":"service","level":"info","message":"RegistrationService.loginUser started","method":"loginUser","service":"RegistrationService","timestamp":"2025-10-15 14:27:37"}
{"layer":"service","level":"info","message":"RegistrationService.loginUser completed successfully","method":"loginUser","responseTime":"115.26ms","service":"RegistrationService","timestamp":"2025-10-15 14:27:37"}
{"layer":"proxy","level":"info","message":"RegistrationProxy.loginUser completed successfully","method":"loginUser","proxy":"RegistrationProxy","responseTime":"146.03ms","timestamp":"2025-10-15 14:27:37"}
{"controller":"RegistrationController.loginUser","layer":"controller","level":"info","message":"RegistrationController.loginUser completed successfully","responseTime":"159.48ms","status":200,"timestamp":"2025-10-15 14:27:37"}
{"controller":"RegistrationController.getProfile","input":{"params":{"id":"2fe16619-b0fc-45c6-aa80-11aa328dff09"},"query":{}},"layer":"controller","level":"info","message":"RegistrationController.getProfile started","timestamp":"2025-10-15 14:28:42"}
{"layer":"proxy","level":"info","message":"RegistrationProxy.getProfile started","method":"getProfile","proxy":"RegistrationProxy","timestamp":"2025-10-15 14:28:42"}
{"layer":"service","level":"info","message":"RegistrationService.getProfile started","method":"getProfile","service":"RegistrationService","timestamp":"2025-10-15 14:28:42"}
{"layer":"service","level":"info","message":"RegistrationService.getProfile completed successfully","method":"getProfile","responseTime":"177.22ms","service":"RegistrationService","timestamp":"2025-10-15 14:28:42"}
{"layer":"proxy","level":"info","message":"RegistrationProxy.getProfile completed successfully","method":"getProfile","proxy":"RegistrationProxy","responseTime":"186.36ms","timestamp":"2025-10-15 14:28:42"}
{"controller":"RegistrationController.getProfile","layer":"controller","level":"info","message":"RegistrationController.getProfile completed successfully","responseTime":"193.92ms","status":200,"timestamp":"2025-10-15 14:28:42"}
{"controller":"RegistrationController.getProfiles","input":{"params":{},"query":{}},"layer":"controller","level":"info","message":"RegistrationController.getProfiles started","timestamp":"2025-10-15 14:31:23"}
{"layer":"proxy","level":"info","message":"RegistrationProxy.getProfiles started","method":"getProfiles","proxy":"RegistrationProxy","timestamp":"2025-10-15 14:31:23"}
{"layer":"service","level":"info","message":"RegistrationService.getProfiles started","method":"getProfiles","service":"RegistrationService","timestamp":"2025-10-15 14:31:23"}
{"layer":"service","level":"info","message":"RegistrationService.getProfiles completed successfully","method":"getProfiles","responseTime":"492.20ms","service":"RegistrationService","timestamp":"2025-10-15 14:31:23"}
{"layer":"proxy","level":"info","message":"RegistrationProxy.getProfiles completed successfully","method":"getProfiles","proxy":"RegistrationProxy","responseTime":"494.57ms","timestamp":"2025-10-15 14:31:23"}
{"controller":"RegistrationController.getProfiles","layer":"controller","level":"info","message":"RegistrationController.getProfiles completed successfully","responseTime":"497.78ms","status":200,"timestamp":"2025-10-15 14:31:23"}
{"level":"info","message":"Listening at port number 3000","timestamp":"2025-10-22 14:16:04"}
{"level":"info","message":"Database connection established successfully at skilio-customer","timestamp":"2025-10-22 14:16:04"}
{"controller":"RegistrationController.getProfile","input":{"params":{"id":"2fe16619-b0fc-45c6-aa80-11aa328dff09"},"query":{}},"layer":"controller","level":"info","message":"RegistrationController.getProfile started","timestamp":"2025-10-22 14:23:04"}
{"layer":"proxy","level":"info","message":"RegistrationProxy.getProfile started","method":"getProfile","proxy":"RegistrationProxy","timestamp":"2025-10-22 14:23:04"}
{"layer":"service","level":"info","message":"RegistrationService.getProfile started","method":"getProfile","service":"RegistrationService","timestamp":"2025-10-22 14:23:04"}
{"layer":"service","level":"info","message":"RegistrationService.getProfile completed successfully","method":"getProfile","responseTime":"310.15ms","service":"RegistrationService","timestamp":"2025-10-22 14:23:04"}
{"layer":"proxy","level":"info","message":"RegistrationProxy.getProfile completed successfully","method":"getProfile","proxy":"RegistrationProxy","responseTime":"313.53ms","timestamp":"2025-10-22 14:23:04"}
{"controller":"RegistrationController.getProfile","layer":"controller","level":"info","message":"RegistrationController.getProfile completed successfully","responseTime":"326.91ms","status":200,"timestamp":"2025-10-22 14:23:05"}
{"controller":"RegistrationController.getProfile","input":{"params":{"id":"2fe16619-b0fc-45c6-aa80-11aa328dff08"},"query":{}},"layer":"controller","level":"info","message":"RegistrationController.getProfile started","timestamp":"2025-10-22 14:23:14"}
{"layer":"proxy","level":"info","message":"RegistrationProxy.getProfile started","method":"getProfile","proxy":"RegistrationProxy","timestamp":"2025-10-22 14:23:14"}
{"layer":"service","level":"info","message":"RegistrationService.getProfile started","method":"getProfile","service":"RegistrationService","timestamp":"2025-10-22 14:23:14"}
{"level":"error","message":"Profile with this Id doesnot exist","timestamp":"2025-10-22 14:23:14"}
{"error":"Profile doesnot exist","layer":"service","level":"error","message":"RegistrationService.getProfile failed","method":"getProfile","responseTime":"33.42ms","service":"RegistrationService","stack":"Error: Profile doesnot exist\n    at C:\\Users\\Roshan Chaudhary\\Desktop\\skilio-customerMs\\src\\app\\modules\\registration\\registration.services.ts:158:19\n    at processTicksAndRejections (node:internal/process/task_queues:105:5)\n    at RegistraionService.getProfile (C:\\Users\\Roshan Chaudhary\\Desktop\\skilio-customerMs\\src\\app\\utils\\serviceLogging.ts:14:22)\n    at C:\\Users\\Roshan Chaudhary\\Desktop\\skilio-customerMs\\src\\app\\modules\\registration\\registration.proxy.ts:76:16\n    at RegistrationProxy.getProfile (C:\\Users\\Roshan Chaudhary\\Desktop\\skilio-customerMs\\src\\app\\utils\\proxyLogging.ts:15:22)\n    at C:\\Users\\Roshan Chaudhary\\Desktop\\skilio-customerMs\\src\\app\\modules\\registration\\registration.controller.ts:49:23\n    at C:\\Users\\Roshan Chaudhary\\Desktop\\skilio-customerMs\\src\\app\\utils\\catchAsyncError.ts:8:7\n    at C:\\Users\\Roshan Chaudhary\\Desktop\\skilio-customerMs\\src\\app\\utils\\controllerLogging.ts:20:7","timestamp":"2025-10-22 14:23:14"}
{"error":"Profile doesnot exist","layer":"proxy","level":"error","message":"RegistrationProxy.getProfile failed","method":"getProfile","proxy":"RegistrationProxy","responseTime":"77.40ms","stack":"Error: Profile doesnot exist\n    at C:\\Users\\Roshan Chaudhary\\Desktop\\skilio-customerMs\\src\\app\\modules\\registration\\registration.services.ts:158:19\n    at processTicksAndRejections (node:internal/process/task_queues:105:5)\n    at RegistraionService.getProfile (C:\\Users\\Roshan Chaudhary\\Desktop\\skilio-customerMs\\src\\app\\utils\\serviceLogging.ts:14:22)\n    at C:\\Users\\Roshan Chaudhary\\Desktop\\skilio-customerMs\\src\\app\\modules\\registration\\registration.proxy.ts:76:16\n    at RegistrationProxy.getProfile (C:\\Users\\Roshan Chaudhary\\Desktop\\skilio-customerMs\\src\\app\\utils\\proxyLogging.ts:15:22)\n    at C:\\Users\\Roshan Chaudhary\\Desktop\\skilio-customerMs\\src\\app\\modules\\registration\\registration.controller.ts:49:23\n    at C:\\Users\\Roshan Chaudhary\\Desktop\\skilio-customerMs\\src\\app\\utils\\catchAsyncError.ts:8:7\n    at C:\\Users\\Roshan Chaudhary\\Desktop\\skilio-customerMs\\src\\app\\utils\\controllerLogging.ts:20:7","timestamp":"2025-10-22 14:23:14"}
{"controller":"RegistrationController.getProfile","layer":"controller","level":"info","message":"RegistrationController.getProfile completed successfully","responseTime":"101.74ms","status":200,"timestamp":"2025-10-22 14:23:14"}
{"controller":"RegistrationController.getProfiles","input":{"params":{},"query":{}},"layer":"controller","level":"info","message":"RegistrationController.getProfiles started","timestamp":"2025-10-22 14:24:15"}
{"layer":"proxy","level":"info","message":"RegistrationProxy.getProfiles started","method":"getProfiles","proxy":"RegistrationProxy","timestamp":"2025-10-22 14:24:15"}
{"layer":"service","level":"info","message":"RegistrationService.getProfiles started","method":"getProfiles","service":"RegistrationService","timestamp":"2025-10-22 14:24:15"}
{"layer":"service","level":"info","message":"RegistrationService.getProfiles completed successfully","method":"getProfiles","responseTime":"887.68ms","service":"RegistrationService","timestamp":"2025-10-22 14:24:16"}
{"layer":"proxy","level":"info","message":"RegistrationProxy.getProfiles completed successfully","method":"getProfiles","proxy":"RegistrationProxy","responseTime":"894.12ms","timestamp":"2025-10-22 14:24:16"}
{"controller":"RegistrationController.getProfiles","layer":"controller","level":"info","message":"RegistrationController.getProfiles completed successfully","responseTime":"905.65ms","status":200,"timestamp":"2025-10-22 14:24:16"}
{"controller":"RegistrationController.getProfile","input":{"params":{"id":"2fe16619-b0fc-45c6-aa80-11aa328dff09"},"query":{}},"layer":"controller","level":"info","message":"RegistrationController.getProfile started","timestamp":"2025-10-22 14:24:53"}
{"layer":"proxy","level":"info","message":"RegistrationProxy.getProfile started","method":"getProfile","proxy":"RegistrationProxy","timestamp":"2025-10-22 14:24:53"}
{"layer":"service","level":"info","message":"RegistrationService.getProfile started","method":"getProfile","service":"RegistrationService","timestamp":"2025-10-22 14:24:53"}
{"layer":"service","level":"info","message":"RegistrationService.getProfile completed successfully","method":"getProfile","responseTime":"184.35ms","service":"RegistrationService","timestamp":"2025-10-22 14:24:53"}
{"layer":"proxy","level":"info","message":"RegistrationProxy.getProfile completed successfully","method":"getProfile","proxy":"RegistrationProxy","responseTime":"186.55ms","timestamp":"2025-10-22 14:24:53"}
{"controller":"RegistrationController.getProfile","layer":"controller","level":"info","message":"RegistrationController.getProfile completed successfully","responseTime":"193.17ms","status":200,"timestamp":"2025-10-22 14:24:53"}
{"level":"info","message":"Listening at port number 3000","timestamp":"2025-10-22 14:36:00"}
{"level":"info","message":"Database connection established successfully at skilio-customer","timestamp":"2025-10-22 14:36:00"}
{"level":"info","message":"Listening at port number 3000","timestamp":"2025-10-22 14:46:07"}
{"level":"info","message":"Database connection established successfully at skilio-customer","timestamp":"2025-10-22 14:46:07"}
{"level":"info","message":"Listening at port number 3000","timestamp":"2025-10-22 14:46:18"}
{"level":"info","message":"Database connection established successfully at skilio-customer","timestamp":"2025-10-22 14:46:18"}
{"level":"info","message":"Listening at port number 3000","timestamp":"2025-10-22 14:49:35"}
{"level":"info","message":"Database connection established successfully at skilio-customer","timestamp":"2025-10-22 14:49:35"}
{"level":"info","message":"Listening at port number 3000","timestamp":"2025-10-22 14:49:40"}
{"level":"info","message":"Database connection established successfully at skilio-customer","timestamp":"2025-10-22 14:49:40"}
{"level":"info","message":"Listening at port number 3000","timestamp":"2025-10-22 14:49:43"}
{"level":"info","message":"Database connection established successfully at skilio-customer","timestamp":"2025-10-22 14:49:43"}
{"level":"info","message":"Listening at port number 3000","timestamp":"2025-10-22 14:49:57"}
{"level":"info","message":"Database connection established successfully at skilio-customer","timestamp":"2025-10-22 14:49:57"}
{"level":"info","message":"Listening at port number 3000","timestamp":"2025-10-22 14:50:03"}
{"level":"info","message":"Database connection established successfully at skilio-customer","timestamp":"2025-10-22 14:50:03"}
{"controller":"RegistrationController.getProfile","input":{"params":{"id":"2fe16619-b0fc-45c6-aa80-11aa328dff09"},"query":{}},"layer":"controller","level":"info","message":"RegistrationController.getProfile started","timestamp":"2025-10-22 14:54:48"}
{"layer":"proxy","level":"info","message":"RegistrationProxy.getProfile started","method":"getProfile","proxy":"RegistrationProxy","timestamp":"2025-10-22 14:54:48"}
{"layer":"service","level":"info","message":"RegistrationService.getProfile started","method":"getProfile","service":"RegistrationService","timestamp":"2025-10-22 14:54:48"}
{"layer":"service","level":"info","message":"RegistrationService.getProfile completed successfully","method":"getProfile","responseTime":"145.55ms","service":"RegistrationService","timestamp":"2025-10-22 14:54:48"}
{"layer":"proxy","level":"info","message":"RegistrationProxy.getProfile completed successfully","method":"getProfile","proxy":"RegistrationProxy","responseTime":"148.83ms","timestamp":"2025-10-22 14:54:48"}
{"controller":"RegistrationController.getProfile","layer":"controller","level":"info","message":"RegistrationController.getProfile completed successfully","responseTime":"158.42ms","status":200,"timestamp":"2025-10-22 14:54:48"}
{"level":"info","message":"Listening at port number 3000","timestamp":"2025-10-22 15:02:33"}
{"level":"info","message":"Database connection established successfully at skilio-customer","timestamp":"2025-10-22 15:02:33"}
{"level":"info","message":"Listening at port number 3000","timestamp":"2025-10-22 15:02:52"}
{"level":"info","message":"Database connection established successfully at skilio-customer","timestamp":"2025-10-22 15:02:52"}
{"level":"info","message":"Listening at port number 3000","timestamp":"2025-10-22 15:03:21"}
{"level":"info","message":"Database connection established successfully at skilio-customer","timestamp":"2025-10-22 15:03:21"}
{"level":"info","message":"Listening at port number 3000","timestamp":"2025-10-22 15:03:26"}
{"level":"info","message":"Database connection established successfully at skilio-customer","timestamp":"2025-10-22 15:03:26"}
{"level":"info","message":"Listening at port number 3000","timestamp":"2025-10-22 15:03:37"}
{"level":"info","message":"Database connection established successfully at skilio-customer","timestamp":"2025-10-22 15:03:37"}
{"level":"info","message":"Listening at port number 3000","timestamp":"2025-10-22 15:03:58"}
{"level":"info","message":"Database connection established successfully at skilio-customer","timestamp":"2025-10-22 15:03:58"}
{"level":"info","message":"Listening at port number 3000","timestamp":"2025-10-22 15:06:03"}
{"level":"info","message":"Database connection established successfully at skilio-customer","timestamp":"2025-10-22 15:06:03"}
{"level":"info","message":"Listening at port number 3000","timestamp":"2025-10-22 15:06:43"}
{"level":"info","message":"Database connection established successfully at skilio-customer","timestamp":"2025-10-22 15:06:43"}
{"level":"info","message":"Listening at port number 3000","timestamp":"2025-10-22 15:07:13"}
{"level":"info","message":"Database connection established successfully at skilio-customer","timestamp":"2025-10-22 15:07:13"}
{"level":"info","message":"Listening at port number 3000","timestamp":"2025-10-22 15:08:00"}
{"level":"info","message":"Database connection established successfully at skilio-customer","timestamp":"2025-10-22 15:08:00"}
{"level":"info","message":"Listening at port number 3000","timestamp":"2025-10-22 15:08:19"}
{"level":"info","message":"Database connection established successfully at skilio-customer","timestamp":"2025-10-22 15:08:19"}
{"level":"info","message":"Listening at port number 3000","timestamp":"2025-10-22 15:08:48"}
{"level":"info","message":"Database connection established successfully at skilio-customer","timestamp":"2025-10-22 15:08:48"}
{"level":"info","message":"Listening at port number 3000","timestamp":"2025-10-22 15:09:39"}
{"level":"info","message":"Database connection established successfully at skilio-customer","timestamp":"2025-10-22 15:09:39"}
{"level":"info","message":"Listening at port number 3000","timestamp":"2025-10-22 15:10:26"}
{"level":"info","message":"Database connection established successfully at skilio-customer","timestamp":"2025-10-22 15:10:26"}
{"controller":"RegistrationController.getProfiles","input":{"params":{},"query":{"limit":"5","page":"1"}},"layer":"controller","level":"info","message":"RegistrationController.getProfiles started","timestamp":"2025-10-22 15:10:50"}
{"layer":"proxy","level":"info","message":"RegistrationProxy.getProfiles started","method":"getProfiles","proxy":"RegistrationProxy","timestamp":"2025-10-22 15:10:50"}
{"layer":"service","level":"info","message":"RegistrationService.getProfiles started","method":"getProfiles","service":"RegistrationService","timestamp":"2025-10-22 15:10:50"}
{"layer":"service","level":"info","message":"RegistrationService.getProfiles completed successfully","method":"getProfiles","responseTime":"238.03ms","service":"RegistrationService","timestamp":"2025-10-22 15:10:51"}
{"layer":"proxy","level":"info","message":"RegistrationProxy.getProfiles completed successfully","method":"getProfiles","proxy":"RegistrationProxy","responseTime":"241.35ms","timestamp":"2025-10-22 15:10:51"}
{"controller":"RegistrationController.getProfiles","layer":"controller","level":"info","message":"RegistrationController.getProfiles completed successfully","responseTime":"252.86ms","status":200,"timestamp":"2025-10-22 15:10:51"}
{"controller":"RegistrationController.getProfiles","input":{"params":{},"query":{"limit":"5","page":"2"}},"layer":"controller","level":"info","message":"RegistrationController.getProfiles started","timestamp":"2025-10-22 15:11:00"}
{"layer":"proxy","level":"info","message":"RegistrationProxy.getProfiles started","method":"getProfiles","proxy":"RegistrationProxy","timestamp":"2025-10-22 15:11:00"}
{"layer":"service","level":"info","message":"RegistrationService.getProfiles started","method":"getProfiles","service":"RegistrationService","timestamp":"2025-10-22 15:11:00"}
{"layer":"service","level":"info","message":"RegistrationService.getProfiles completed successfully","method":"getProfiles","responseTime":"50.18ms","service":"RegistrationService","timestamp":"2025-10-22 15:11:00"}
{"layer":"proxy","level":"info","message":"RegistrationProxy.getProfiles completed successfully","method":"getProfiles","proxy":"RegistrationProxy","responseTime":"53.01ms","timestamp":"2025-10-22 15:11:00"}
{"controller":"RegistrationController.getProfiles","layer":"controller","level":"info","message":"RegistrationController.getProfiles completed successfully","responseTime":"55.51ms","status":200,"timestamp":"2025-10-22 15:11:00"}
{"controller":"RegistrationController.getProfiles","input":{"params":{},"query":{"limit":"10","page":"2"}},"layer":"controller","level":"info","message":"RegistrationController.getProfiles started","timestamp":"2025-10-22 15:11:07"}
{"layer":"proxy","level":"info","message":"RegistrationProxy.getProfiles started","method":"getProfiles","proxy":"RegistrationProxy","timestamp":"2025-10-22 15:11:07"}
{"layer":"service","level":"info","message":"RegistrationService.getProfiles started","method":"getProfiles","service":"RegistrationService","timestamp":"2025-10-22 15:11:07"}
{"layer":"service","level":"info","message":"RegistrationService.getProfiles completed successfully","method":"getProfiles","responseTime":"34.34ms","service":"RegistrationService","timestamp":"2025-10-22 15:11:07"}
{"layer":"proxy","level":"info","message":"RegistrationProxy.getProfiles completed successfully","method":"getProfiles","proxy":"RegistrationProxy","responseTime":"36.03ms","timestamp":"2025-10-22 15:11:07"}
{"controller":"RegistrationController.getProfiles","layer":"controller","level":"info","message":"RegistrationController.getProfiles completed successfully","responseTime":"38.84ms","status":200,"timestamp":"2025-10-22 15:11:07"}
{"controller":"RegistrationController.getProfiles","input":{"params":{},"query":{"limit":"10","page":"1"}},"layer":"controller","level":"info","message":"RegistrationController.getProfiles started","timestamp":"2025-10-22 15:11:13"}
{"layer":"proxy","level":"info","message":"RegistrationProxy.getProfiles started","method":"getProfiles","proxy":"RegistrationProxy","timestamp":"2025-10-22 15:11:13"}
{"layer":"service","level":"info","message":"RegistrationService.getProfiles started","method":"getProfiles","service":"RegistrationService","timestamp":"2025-10-22 15:11:13"}
{"layer":"service","level":"info","message":"RegistrationService.getProfiles completed successfully","method":"getProfiles","responseTime":"273.20ms","service":"RegistrationService","timestamp":"2025-10-22 15:11:13"}
{"layer":"proxy","level":"info","message":"RegistrationProxy.getProfiles completed successfully","method":"getProfiles","proxy":"RegistrationProxy","responseTime":"274.73ms","timestamp":"2025-10-22 15:11:13"}
{"controller":"RegistrationController.getProfiles","layer":"controller","level":"info","message":"RegistrationController.getProfiles completed successfully","responseTime":"277.19ms","status":200,"timestamp":"2025-10-22 15:11:13"}
{"level":"info","message":"Listening at port number 3000","timestamp":"2025-10-22 15:11:20"}
{"level":"info","message":"Database connection established successfully at skilio-customer","timestamp":"2025-10-22 15:11:20"}
{"controller":"RegistrationController.getProfiles","input":{"params":{},"query":{"limit":"10","page":"1"}},"layer":"controller","level":"info","message":"RegistrationController.getProfiles started","timestamp":"2025-10-22 15:15:49"}
{"layer":"proxy","level":"info","message":"RegistrationProxy.getProfiles started","method":"getProfiles","proxy":"RegistrationProxy","timestamp":"2025-10-22 15:15:49"}
{"layer":"service","level":"info","message":"RegistrationService.getProfiles started","method":"getProfiles","service":"RegistrationService","timestamp":"2025-10-22 15:15:49"}
{"layer":"service","level":"info","message":"RegistrationService.getProfiles completed successfully","method":"getProfiles","responseTime":"375.90ms","service":"RegistrationService","timestamp":"2025-10-22 15:15:50"}
{"layer":"proxy","level":"info","message":"RegistrationProxy.getProfiles completed successfully","method":"getProfiles","proxy":"RegistrationProxy","responseTime":"378.44ms","timestamp":"2025-10-22 15:15:50"}
{"controller":"RegistrationController.getProfiles","layer":"controller","level":"info","message":"RegistrationController.getProfiles completed successfully","responseTime":"391.39ms","status":200,"timestamp":"2025-10-22 15:15:50"}
{"controller":"RegistrationController.getProfiles","input":{"params":{},"query":{"limit":"10","page":"2"}},"layer":"controller","level":"info","message":"RegistrationController.getProfiles started","timestamp":"2025-10-22 15:15:59"}
{"layer":"proxy","level":"info","message":"RegistrationProxy.getProfiles started","method":"getProfiles","proxy":"RegistrationProxy","timestamp":"2025-10-22 15:15:59"}
{"layer":"service","level":"info","message":"RegistrationService.getProfiles started","method":"getProfiles","service":"RegistrationService","timestamp":"2025-10-22 15:15:59"}
{"layer":"service","level":"info","message":"RegistrationService.getProfiles completed successfully","method":"getProfiles","responseTime":"41.61ms","service":"RegistrationService","timestamp":"2025-10-22 15:15:59"}
{"layer":"proxy","level":"info","message":"RegistrationProxy.getProfiles completed successfully","method":"getProfiles","proxy":"RegistrationProxy","responseTime":"43.61ms","timestamp":"2025-10-22 15:15:59"}
{"controller":"RegistrationController.getProfiles","layer":"controller","level":"info","message":"RegistrationController.getProfiles completed successfully","responseTime":"47.11ms","status":200,"timestamp":"2025-10-22 15:15:59"}
{"controller":"RegistrationController.getProfile","input":{"params":{"id":"2fe16619-b0fc-45c6-aa80-11aa328dff09"},"query":{}},"layer":"controller","level":"info","message":"RegistrationController.getProfile started","timestamp":"2025-10-22 15:16:15"}
{"layer":"proxy","level":"info","message":"RegistrationProxy.getProfile started","method":"getProfile","proxy":"RegistrationProxy","timestamp":"2025-10-22 15:16:15"}
{"layer":"service","level":"info","message":"RegistrationService.getProfile started","method":"getProfile","service":"RegistrationService","timestamp":"2025-10-22 15:16:15"}
{"layer":"service","level":"info","message":"RegistrationService.getProfile completed successfully","method":"getProfile","responseTime":"212.26ms","service":"RegistrationService","timestamp":"2025-10-22 15:16:15"}
{"layer":"proxy","level":"info","message":"RegistrationProxy.getProfile completed successfully","method":"getProfile","proxy":"RegistrationProxy","responseTime":"214.32ms","timestamp":"2025-10-22 15:16:15"}
{"controller":"RegistrationController.getProfile","layer":"controller","level":"info","message":"RegistrationController.getProfile completed successfully","responseTime":"219.32ms","status":200,"timestamp":"2025-10-22 15:16:15"}
{"controller":"RegistrationController.getProfile","input":{"params":{"id":"2fe16619-b0fc-45c6-aa80-11aa328dff08"},"query":{}},"layer":"controller","level":"info","message":"RegistrationController.getProfile started","timestamp":"2025-10-22 15:16:20"}
{"layer":"proxy","level":"info","message":"RegistrationProxy.getProfile started","method":"getProfile","proxy":"RegistrationProxy","timestamp":"2025-10-22 15:16:20"}
{"layer":"service","level":"info","message":"RegistrationService.getProfile started","method":"getProfile","service":"RegistrationService","timestamp":"2025-10-22 15:16:20"}
{"level":"error","message":"Profile with this Id doesnot exist","timestamp":"2025-10-22 15:16:20"}
{"error":"Profile does not exist","layer":"service","level":"error","message":"RegistrationService.getProfile failed","method":"getProfile","responseTime":"20.19ms","service":"RegistrationService","stack":"Error: Profile does not exist\n    at C:\\Users\\Roshan Chaudhary\\Desktop\\skilio-customerMs\\src\\app\\modules\\registration\\registration.services.ts:158:19\n    at processTicksAndRejections (node:internal/process/task_queues:105:5)\n    at RegistraionService.getProfile (C:\\Users\\Roshan Chaudhary\\Desktop\\skilio-customerMs\\src\\app\\utils\\serviceLogging.ts:14:22)\n    at C:\\Users\\Roshan Chaudhary\\Desktop\\skilio-customerMs\\src\\app\\modules\\registration\\registration.proxy.ts:76:16\n    at RegistrationProxy.getProfile (C:\\Users\\Roshan Chaudhary\\Desktop\\skilio-customerMs\\src\\app\\utils\\proxyLogging.ts:15:22)\n    at C:\\Users\\Roshan Chaudhary\\Desktop\\skilio-customerMs\\src\\app\\modules\\registration\\registration.controller.ts:49:23\n    at C:\\Users\\Roshan Chaudhary\\Desktop\\skilio-customerMs\\src\\app\\utils\\catchAsyncError.ts:8:7\n    at C:\\Users\\Roshan Chaudhary\\Desktop\\skilio-customerMs\\src\\app\\utils\\controllerLogging.ts:20:7","timestamp":"2025-10-22 15:16:20"}
{"error":"Profile does not exist","layer":"proxy","level":"error","message":"RegistrationProxy.getProfile failed","method":"getProfile","proxy":"RegistrationProxy","responseTime":"45.88ms","stack":"Error: Profile does not exist\n    at C:\\Users\\Roshan Chaudhary\\Desktop\\skilio-customerMs\\src\\app\\modules\\registration\\registration.services.ts:158:19\n    at processTicksAndRejections (node:internal/process/task_queues:105:5)\n    at RegistraionService.getProfile (C:\\Users\\Roshan Chaudhary\\Desktop\\skilio-customerMs\\src\\app\\utils\\serviceLogging.ts:14:22)\n    at C:\\Users\\Roshan Chaudhary\\Desktop\\skilio-customerMs\\src\\app\\modules\\registration\\registration.proxy.ts:76:16\n    at RegistrationProxy.getProfile (C:\\Users\\Roshan Chaudhary\\Desktop\\skilio-customerMs\\src\\app\\utils\\proxyLogging.ts:15:22)\n    at C:\\Users\\Roshan Chaudhary\\Desktop\\skilio-customerMs\\src\\app\\modules\\registration\\registration.controller.ts:49:23\n    at C:\\Users\\Roshan Chaudhary\\Desktop\\skilio-customerMs\\src\\app\\utils\\catchAsyncError.ts:8:7\n    at C:\\Users\\Roshan Chaudhary\\Desktop\\skilio-customerMs\\src\\app\\utils\\controllerLogging.ts:20:7","timestamp":"2025-10-22 15:16:20"}
{"controller":"RegistrationController.getProfile","layer":"controller","level":"info","message":"RegistrationController.getProfile completed successfully","responseTime":"53.21ms","status":200,"timestamp":"2025-10-22 15:16:20"}
{"level":"info","message":"Listening at port number 3000","timestamp":"2025-10-22 15:17:02"}
{"level":"info","message":"Database connection established successfully at skilio-customer","timestamp":"2025-10-22 15:17:02"}
{"controller":"RegistrationController.getProfiles","input":{"params":{},"query":{"limit":"10","page":"3"}},"layer":"controller","level":"info","message":"RegistrationController.getProfiles started","timestamp":"2025-10-22 15:17:34"}
{"layer":"proxy","level":"info","message":"RegistrationProxy.getProfiles started","method":"getProfiles","proxy":"RegistrationProxy","timestamp":"2025-10-22 15:17:34"}
{"layer":"service","level":"info","message":"RegistrationService.getProfiles started","method":"getProfiles","service":"RegistrationService","timestamp":"2025-10-22 15:17:34"}
{"level":"error","message":"No profiles found","timestamp":"2025-10-22 15:17:34"}
{"error":"No profiles found","layer":"service","level":"error","message":"RegistrationService.getProfiles failed","method":"getProfiles","responseTime":"90.34ms","service":"RegistrationService","stack":"Error: No profiles found\n    at C:\\Users\\Roshan Chaudhary\\Desktop\\skilio-customerMs\\src\\app\\modules\\registration\\registration.services.ts:236:19\n    at processTicksAndRejections (node:internal/process/task_queues:105:5)\n    at RegistraionService.getProfiles (C:\\Users\\Roshan Chaudhary\\Desktop\\skilio-customerMs\\src\\app\\utils\\serviceLogging.ts:14:22)\n    at C:\\Users\\Roshan Chaudhary\\Desktop\\skilio-customerMs\\src\\app\\modules\\registration\\registration.proxy.ts:84:16\n    at RegistrationProxy.getProfiles (C:\\Users\\Roshan Chaudhary\\Desktop\\skilio-customerMs\\src\\app\\utils\\proxyLogging.ts:15:22)\n    at C:\\Users\\Roshan Chaudhary\\Desktop\\skilio-customerMs\\src\\app\\modules\\registration\\registration.controller.ts:68:23\n    at C:\\Users\\Roshan Chaudhary\\Desktop\\skilio-customerMs\\src\\app\\utils\\catchAsyncError.ts:8:7\n    at C:\\Users\\Roshan Chaudhary\\Desktop\\skilio-customerMs\\src\\app\\utils\\controllerLogging.ts:20:7","timestamp":"2025-10-22 15:17:34"}
{"error":"No profiles found","layer":"proxy","level":"error","message":"RegistrationProxy.getProfiles failed","method":"getProfiles","proxy":"RegistrationProxy","responseTime":"113.41ms","stack":"Error: No profiles found\n    at C:\\Users\\Roshan Chaudhary\\Desktop\\skilio-customerMs\\src\\app\\modules\\registration\\registration.services.ts:236:19\n    at processTicksAndRejections (node:internal/process/task_queues:105:5)\n    at RegistraionService.getProfiles (C:\\Users\\Roshan Chaudhary\\Desktop\\skilio-customerMs\\src\\app\\utils\\serviceLogging.ts:14:22)\n    at C:\\Users\\Roshan Chaudhary\\Desktop\\skilio-customerMs\\src\\app\\modules\\registration\\registration.proxy.ts:84:16\n    at RegistrationProxy.getProfiles (C:\\Users\\Roshan Chaudhary\\Desktop\\skilio-customerMs\\src\\app\\utils\\proxyLogging.ts:15:22)\n    at C:\\Users\\Roshan Chaudhary\\Desktop\\skilio-customerMs\\src\\app\\modules\\registration\\registration.controller.ts:68:23\n    at C:\\Users\\Roshan Chaudhary\\Desktop\\skilio-customerMs\\src\\app\\utils\\catchAsyncError.ts:8:7\n    at C:\\Users\\Roshan Chaudhary\\Desktop\\skilio-customerMs\\src\\app\\utils\\controllerLogging.ts:20:7","timestamp":"2025-10-22 15:17:34"}
{"controller":"RegistrationController.getProfiles","layer":"controller","level":"info","message":"RegistrationController.getProfiles completed successfully","responseTime":"123.76ms","status":200,"timestamp":"2025-10-22 15:17:34"}
{"level":"info","message":"Listening at port number 3000","timestamp":"2025-10-22 15:18:09"}
{"level":"info","message":"Database connection established successfully at skilio-customer","timestamp":"2025-10-22 15:18:09"}
{"controller":"RegistrationController.getProfiles","input":{"params":{},"query":{"limit":"10","page":"3"}},"layer":"controller","level":"info","message":"RegistrationController.getProfiles started","timestamp":"2025-10-22 15:18:11"}
{"layer":"proxy","level":"info","message":"RegistrationProxy.getProfiles started","method":"getProfiles","proxy":"RegistrationProxy","timestamp":"2025-10-22 15:18:11"}
{"layer":"service","level":"info","message":"RegistrationService.getProfiles started","method":"getProfiles","service":"RegistrationService","timestamp":"2025-10-22 15:18:11"}
{"layer":"service","level":"info","message":"RegistrationService.getProfiles completed successfully","method":"getProfiles","responseTime":"42.76ms","service":"RegistrationService","timestamp":"2025-10-22 15:18:11"}
{"layer":"proxy","level":"info","message":"RegistrationProxy.getProfiles completed successfully","method":"getProfiles","proxy":"RegistrationProxy","responseTime":"45.14ms","timestamp":"2025-10-22 15:18:11"}
{"controller":"RegistrationController.getProfiles","layer":"controller","level":"info","message":"RegistrationController.getProfiles completed successfully","responseTime":"52.02ms","status":200,"timestamp":"2025-10-22 15:18:11"}
{"controller":"RegistrationController.getProfiles","input":{"params":{},"query":{"limit":"10","page":"1"}},"layer":"controller","level":"info","message":"RegistrationController.getProfiles started","timestamp":"2025-10-22 15:19:32"}
{"layer":"proxy","level":"info","message":"RegistrationProxy.getProfiles started","method":"getProfiles","proxy":"RegistrationProxy","timestamp":"2025-10-22 15:19:32"}
{"layer":"service","level":"info","message":"RegistrationService.getProfiles started","method":"getProfiles","service":"RegistrationService","timestamp":"2025-10-22 15:19:32"}
{"layer":"service","level":"info","message":"RegistrationService.getProfiles completed successfully","method":"getProfiles","responseTime":"437.66ms","service":"RegistrationService","timestamp":"2025-10-22 15:19:32"}
{"layer":"proxy","level":"info","message":"RegistrationProxy.getProfiles completed successfully","method":"getProfiles","proxy":"RegistrationProxy","responseTime":"441.38ms","timestamp":"2025-10-22 15:19:32"}
{"controller":"RegistrationController.getProfiles","layer":"controller","level":"info","message":"RegistrationController.getProfiles completed successfully","responseTime":"446.85ms","status":200,"timestamp":"2025-10-22 15:19:32"}
{"controller":"RegistrationController.getProfiles","input":{"params":{},"query":{"limit":"10","page":"3"}},"layer":"controller","level":"info","message":"RegistrationController.getProfiles started","timestamp":"2025-10-22 15:20:03"}
{"layer":"proxy","level":"info","message":"RegistrationProxy.getProfiles started","method":"getProfiles","proxy":"RegistrationProxy","timestamp":"2025-10-22 15:20:03"}
{"layer":"service","level":"info","message":"RegistrationService.getProfiles started","method":"getProfiles","service":"RegistrationService","timestamp":"2025-10-22 15:20:03"}
{"layer":"service","level":"info","message":"RegistrationService.getProfiles completed successfully","method":"getProfiles","responseTime":"203.55ms","service":"RegistrationService","timestamp":"2025-10-22 15:20:03"}
{"layer":"proxy","level":"info","message":"RegistrationProxy.getProfiles completed successfully","method":"getProfiles","proxy":"RegistrationProxy","responseTime":"204.97ms","timestamp":"2025-10-22 15:20:03"}
{"controller":"RegistrationController.getProfiles","layer":"controller","level":"info","message":"RegistrationController.getProfiles completed successfully","responseTime":"209.37ms","status":200,"timestamp":"2025-10-22 15:20:03"}
{"level":"info","message":"Listening at port number 3000","timestamp":"2025-10-22 15:22:20"}
{"level":"info","message":"Database connection established successfully at skilio-customer","timestamp":"2025-10-22 15:22:20"}
{"controller":"RegistrationController.getProfile","input":{"params":{"id":"2fe16619-b0fc-45c6-aa80-11aa328dff09"},"query":{}},"layer":"controller","level":"info","message":"RegistrationController.getProfile started","timestamp":"2025-10-22 15:22:23"}
{"layer":"proxy","level":"info","message":"RegistrationProxy.getProfile started","method":"getProfile","proxy":"RegistrationProxy","timestamp":"2025-10-22 15:22:23"}
{"layer":"service","level":"info","message":"RegistrationService.getProfile started","method":"getProfile","service":"RegistrationService","timestamp":"2025-10-22 15:22:23"}
{"layer":"service","level":"info","message":"RegistrationService.getProfile completed successfully","method":"getProfile","responseTime":"73.24ms","service":"RegistrationService","timestamp":"2025-10-22 15:22:23"}
{"layer":"proxy","level":"info","message":"RegistrationProxy.getProfile completed successfully","method":"getProfile","proxy":"RegistrationProxy","responseTime":"77.21ms","timestamp":"2025-10-22 15:22:23"}
{"controller":"RegistrationController.getProfile","layer":"controller","level":"info","message":"RegistrationController.getProfile completed successfully","responseTime":"84.81ms","status":200,"timestamp":"2025-10-22 15:22:23"}
{"controller":"RegistrationController.getProfile","input":{"params":{"id":"66d013ce-feb8-48a0-8fdf-2f64e7725bf2"},"query":{}},"layer":"controller","level":"info","message":"RegistrationController.getProfile started","timestamp":"2025-10-22 15:25:27"}
{"layer":"proxy","level":"info","message":"RegistrationProxy.getProfile started","method":"getProfile","proxy":"RegistrationProxy","timestamp":"2025-10-22 15:25:27"}
{"layer":"service","level":"info","message":"RegistrationService.getProfile started","method":"getProfile","service":"RegistrationService","timestamp":"2025-10-22 15:25:27"}
{"layer":"service","level":"info","message":"RegistrationService.getProfile completed successfully","method":"getProfile","responseTime":"281.74ms","service":"RegistrationService","timestamp":"2025-10-22 15:25:27"}
{"layer":"proxy","level":"info","message":"RegistrationProxy.getProfile completed successfully","method":"getProfile","proxy":"RegistrationProxy","responseTime":"285.21ms","timestamp":"2025-10-22 15:25:27"}
{"controller":"RegistrationController.getProfile","layer":"controller","level":"info","message":"RegistrationController.getProfile completed successfully","responseTime":"291.27ms","status":200,"timestamp":"2025-10-22 15:25:27"}
{"controller":"RegistrationController.getProfile","input":{"params":{"id":"ad099607-428e-4d98-9184-b97495bf9064"},"query":{}},"layer":"controller","level":"info","message":"RegistrationController.getProfile started","timestamp":"2025-10-22 15:26:55"}
{"layer":"proxy","level":"info","message":"RegistrationProxy.getProfile started","method":"getProfile","proxy":"RegistrationProxy","timestamp":"2025-10-22 15:26:55"}
{"layer":"service","level":"info","message":"RegistrationService.getProfile started","method":"getProfile","service":"RegistrationService","timestamp":"2025-10-22 15:26:55"}
{"layer":"service","level":"info","message":"RegistrationService.getProfile completed successfully","method":"getProfile","responseTime":"154.36ms","service":"RegistrationService","timestamp":"2025-10-22 15:26:55"}
{"layer":"proxy","level":"info","message":"RegistrationProxy.getProfile completed successfully","method":"getProfile","proxy":"RegistrationProxy","responseTime":"156.87ms","timestamp":"2025-10-22 15:26:55"}
{"controller":"RegistrationController.getProfile","layer":"controller","level":"info","message":"RegistrationController.getProfile completed successfully","responseTime":"160.39ms","status":200,"timestamp":"2025-10-22 15:26:55"}
{"level":"info","message":"Listening at port number 3000","timestamp":"2025-10-22 15:31:36"}
{"level":"info","message":"Database connection established successfully at skilio-customer","timestamp":"2025-10-22 15:31:36"}
{"controller":"RegistrationController.getProfiles","input":{"params":{},"query":{"limit":"10","page":"3"}},"layer":"controller","level":"info","message":"RegistrationController.getProfiles started","timestamp":"2025-10-22 15:31:38"}
{"layer":"proxy","level":"info","message":"RegistrationProxy.getProfiles started","method":"getProfiles","proxy":"RegistrationProxy","timestamp":"2025-10-22 15:31:38"}
{"layer":"service","level":"info","message":"RegistrationService.getProfiles started","method":"getProfiles","service":"RegistrationService","timestamp":"2025-10-22 15:31:38"}
{"layer":"service","level":"info","message":"RegistrationService.getProfiles completed successfully","method":"getProfiles","responseTime":"69.20ms","service":"RegistrationService","timestamp":"2025-10-22 15:31:39"}
{"layer":"proxy","level":"info","message":"RegistrationProxy.getProfiles completed successfully","method":"getProfiles","proxy":"RegistrationProxy","responseTime":"75.73ms","timestamp":"2025-10-22 15:31:39"}
{"controller":"RegistrationController.getProfiles","layer":"controller","level":"info","message":"RegistrationController.getProfiles completed successfully","responseTime":"96.41ms","status":200,"timestamp":"2025-10-22 15:31:39"}
{"controller":"RegistrationController.getProfiles","input":{"params":{},"query":{"limit":"10","page":"2"}},"layer":"controller","level":"info","message":"RegistrationController.getProfiles started","timestamp":"2025-10-22 15:31:42"}
{"layer":"proxy","level":"info","message":"RegistrationProxy.getProfiles started","method":"getProfiles","proxy":"RegistrationProxy","timestamp":"2025-10-22 15:31:42"}
{"layer":"service","level":"info","message":"RegistrationService.getProfiles started","method":"getProfiles","service":"RegistrationService","timestamp":"2025-10-22 15:31:42"}
{"layer":"service","level":"info","message":"RegistrationService.getProfiles completed successfully","method":"getProfiles","responseTime":"145.56ms","service":"RegistrationService","timestamp":"2025-10-22 15:31:42"}
{"layer":"proxy","level":"info","message":"RegistrationProxy.getProfiles completed successfully","method":"getProfiles","proxy":"RegistrationProxy","responseTime":"147.95ms","timestamp":"2025-10-22 15:31:42"}
{"controller":"RegistrationController.getProfiles","layer":"controller","level":"info","message":"RegistrationController.getProfiles completed successfully","responseTime":"153.79ms","status":200,"timestamp":"2025-10-22 15:31:42"}
{"level":"info","message":"Listening at port number 3000","timestamp":"2025-10-23 15:53:15"}
{"level":"info","message":"Database connection established successfully at skilio-customer","timestamp":"2025-10-23 15:53:15"}
{"level":"info","message":"Listening at port number 3000","timestamp":"2025-10-23 16:28:52"}
{"level":"info","message":"Database connection established successfully at skilio-customer","timestamp":"2025-10-23 16:28:52"}
{"level":"info","message":"socket.io server ready","timestamp":"2025-10-23 16:28:52"}
{"level":"info","message":"Listening at port number 3000","timestamp":"2025-10-24 10:40:02"}
{"level":"info","message":"Database connection established successfully at skilio-customer","timestamp":"2025-10-24 10:40:02"}
{"level":"info","message":"socket.io server ready","timestamp":"2025-10-24 10:40:02"}
{"level":"info","message":"Listening at port number 3000","timestamp":"2025-10-24 11:05:58"}
{"level":"info","message":"Database connection established successfully at skilio-customer","timestamp":"2025-10-24 11:05:58"}
{"level":"info","message":"socket.io server ready","timestamp":"2025-10-24 11:05:58"}
{"level":"info","message":"Listening at port number 3000","timestamp":"2025-10-24 11:09:53"}
{"level":"info","message":"Database connection established successfully at skilio-customer","timestamp":"2025-10-24 11:09:53"}
{"level":"info","message":"socket.io server ready","timestamp":"2025-10-24 11:09:53"}
{"level":"info","message":"Listening at port number 3000","timestamp":"2025-10-24 11:29:45"}
{"level":"info","message":"Database connection established successfully at skilio-customer","timestamp":"2025-10-24 11:29:45"}
{"level":"info","message":"socket.io server ready","timestamp":"2025-10-24 11:29:45"}
{"level":"info","message":"Listening at port number 3000","timestamp":"2025-10-24 11:29:58"}
{"level":"info","message":"Database connection established successfully at skilio-customer","timestamp":"2025-10-24 11:29:58"}
{"level":"info","message":"socket.io server ready","timestamp":"2025-10-24 11:29:58"}
{"level":"info","message":"Listening at port number 3000","timestamp":"2025-10-24 11:30:54"}
{"level":"info","message":"Database connection established successfully at skilio-customer","timestamp":"2025-10-24 11:30:54"}
{"level":"info","message":"socket.io server ready","timestamp":"2025-10-24 11:30:54"}
{"level":"error","message":"Database connection error BaseEntity is not defined","stack":"ReferenceError: BaseEntity is not defined\n    at Object.<anonymous> (C:\\Users\\Roshan Chaudhary\\Desktop\\skilio-customerMs\\src\\app\\entity\\online.ts:7:8)\n    at Module.<anonymous> (node:internal/modules/cjs/loader:1730:14)\n    at Module._compile (C:\\Users\\Roshan Chaudhary\\Desktop\\skilio-customerMs\\node_modules\\source-map-support\\source-map-support.js:568:25)\n    at Module.m._compile (C:\\Users\\ROSHAN~1\\AppData\\Local\\Temp\\ts-node-dev-hook-5021721880444727.js:69:33)\n    at node:internal/modules/cjs/loader:1895:10\n    at require.extensions..jsx.require.extensions..js (C:\\Users\\ROSHAN~1\\AppData\\Local\\Temp\\ts-node-dev-hook-5021721880444727.js:114:20)\n    at require.extensions.<computed> (C:\\Users\\ROSHAN~1\\AppData\\Local\\Temp\\ts-node-dev-hook-5021721880444727.js:71:20)\n    at Object.nodeDevHook [as .ts] (C:\\Users\\Roshan Chaudhary\\Desktop\\skilio-customerMs\\node_modules\\ts-node-dev\\lib\\hook.js:63:13)\n    at Module.load (node:internal/modules/cjs/loader:1465:32)\n    at Function._load (node:internal/modules/cjs/loader:1282:12)","timestamp":"2025-10-24 11:36:33"}
{"level":"error","message":"Database connection error Entity \"Online\" does not have a primary column. Primary column is required to have in all your entities. Use @PrimaryColumn decorator to add a primary column to your entity.","stack":"MissingPrimaryColumnError: Entity \"Online\" does not have a primary column. Primary column is required to have in all your entities. Use @PrimaryColumn decorator to add a primary column to your entity.\n    at EntityMetadataValidator.validate (C:\\Users\\Roshan Chaudhary\\Desktop\\skilio-customerMs\\src\\metadata-builder\\EntityMetadataValidator.ts:59:19)\n    at C:\\Users\\Roshan Chaudhary\\Desktop\\skilio-customerMs\\src\\metadata-builder\\EntityMetadataValidator.ts:43:18\n    at Array.forEach (<anonymous>)\n    at EntityMetadataValidator.validateMany (C:\\Users\\Roshan Chaudhary\\Desktop\\skilio-customerMs\\src\\metadata-builder\\EntityMetadataValidator.ts:42:25)\n    at DataSource.buildMetadatas (C:\\Users\\Roshan Chaudhary\\Desktop\\skilio-customerMs\\src\\data-source\\DataSource.ts:753:33)\n    at DataSource.initialize (C:\\Users\\Roshan Chaudhary\\Desktop\\skilio-customerMs\\src\\data-source\\DataSource.ts:264:13)","timestamp":"2025-10-24 11:36:39"}
{"level":"error","message":"Database connection error Entity \"Online\" does not have a primary column. Primary column is required to have in all your entities. Use @PrimaryColumn decorator to add a primary column to your entity.","stack":"MissingPrimaryColumnError: Entity \"Online\" does not have a primary column. Primary column is required to have in all your entities. Use @PrimaryColumn decorator to add a primary column to your entity.\n    at EntityMetadataValidator.validate (C:\\Users\\Roshan Chaudhary\\Desktop\\skilio-customerMs\\src\\metadata-builder\\EntityMetadataValidator.ts:59:19)\n    at C:\\Users\\Roshan Chaudhary\\Desktop\\skilio-customerMs\\src\\metadata-builder\\EntityMetadataValidator.ts:43:18\n    at Array.forEach (<anonymous>)\n    at EntityMetadataValidator.validateMany (C:\\Users\\Roshan Chaudhary\\Desktop\\skilio-customerMs\\src\\metadata-builder\\EntityMetadataValidator.ts:42:25)\n    at DataSource.buildMetadatas (C:\\Users\\Roshan Chaudhary\\Desktop\\skilio-customerMs\\src\\data-source\\DataSource.ts:753:33)\n    at DataSource.initialize (C:\\Users\\Roshan Chaudhary\\Desktop\\skilio-customerMs\\src\\data-source\\DataSource.ts:264:13)","timestamp":"2025-10-24 11:37:01"}
{"level":"error","message":"Database connection error Entity \"Online\" does not have a primary column. Primary column is required to have in all your entities. Use @PrimaryColumn decorator to add a primary column to your entity.","stack":"MissingPrimaryColumnError: Entity \"Online\" does not have a primary column. Primary column is required to have in all your entities. Use @PrimaryColumn decorator to add a primary column to your entity.\n    at EntityMetadataValidator.validate (C:\\Users\\Roshan Chaudhary\\Desktop\\skilio-customerMs\\src\\metadata-builder\\EntityMetadataValidator.ts:59:19)\n    at C:\\Users\\Roshan Chaudhary\\Desktop\\skilio-customerMs\\src\\metadata-builder\\EntityMetadataValidator.ts:43:18\n    at Array.forEach (<anonymous>)\n    at EntityMetadataValidator.validateMany (C:\\Users\\Roshan Chaudhary\\Desktop\\skilio-customerMs\\src\\metadata-builder\\EntityMetadataValidator.ts:42:25)\n    at DataSource.buildMetadatas (C:\\Users\\Roshan Chaudhary\\Desktop\\skilio-customerMs\\src\\data-source\\DataSource.ts:753:33)\n    at DataSource.initialize (C:\\Users\\Roshan Chaudhary\\Desktop\\skilio-customerMs\\src\\data-source\\DataSource.ts:264:13)","timestamp":"2025-10-24 11:37:12"}
{"level":"error","message":"Database connection error Entity \"Online\" does not have a primary column. Primary column is required to have in all your entities. Use @PrimaryColumn decorator to add a primary column to your entity.","stack":"MissingPrimaryColumnError: Entity \"Online\" does not have a primary column. Primary column is required to have in all your entities. Use @PrimaryColumn decorator to add a primary column to your entity.\n    at EntityMetadataValidator.validate (C:\\Users\\Roshan Chaudhary\\Desktop\\skilio-customerMs\\src\\metadata-builder\\EntityMetadataValidator.ts:59:19)\n    at C:\\Users\\Roshan Chaudhary\\Desktop\\skilio-customerMs\\src\\metadata-builder\\EntityMetadataValidator.ts:43:18\n    at Array.forEach (<anonymous>)\n    at EntityMetadataValidator.validateMany (C:\\Users\\Roshan Chaudhary\\Desktop\\skilio-customerMs\\src\\metadata-builder\\EntityMetadataValidator.ts:42:25)\n    at DataSource.buildMetadatas (C:\\Users\\Roshan Chaudhary\\Desktop\\skilio-customerMs\\src\\data-source\\DataSource.ts:753:33)\n    at DataSource.initialize (C:\\Users\\Roshan Chaudhary\\Desktop\\skilio-customerMs\\src\\data-source\\DataSource.ts:264:13)","timestamp":"2025-10-24 11:39:05"}
{"level":"info","message":"Listening at port number 3000","timestamp":"2025-10-24 11:39:38"}
{"level":"info","message":"Database connection established successfully at skilio-customer","timestamp":"2025-10-24 11:39:38"}
{"level":"info","message":"socket.io server ready","timestamp":"2025-10-24 11:39:38"}
{"level":"error","message":"Database connection error ⨯ Unable to compile TypeScript:\nsrc/app/entity/online.ts(1,50): error TS1005: ',' expected.\r\n","stack":"Error: ⨯ Unable to compile TypeScript:\nsrc/app/entity/online.ts(1,50): error TS1005: ',' expected.\r\n\n    at Object.<anonymous> (C:\\Users\\Roshan Chaudhary\\Desktop\\skilio-customerMs\\src\\app\\entity\\online.ts:1:7)\n    at Module.<anonymous> (node:internal/modules/cjs/loader:1730:14)\n    at Module._compile (C:\\Users\\Roshan Chaudhary\\Desktop\\skilio-customerMs\\node_modules\\source-map-support\\source-map-support.js:568:25)\n    at Module.m._compile (C:\\Users\\ROSHAN~1\\AppData\\Local\\Temp\\ts-node-dev-hook-5021721880444727.js:69:33)\n    at node:internal/modules/cjs/loader:1895:10\n    at require.extensions..jsx.require.extensions..js (C:\\Users\\ROSHAN~1\\AppData\\Local\\Temp\\ts-node-dev-hook-5021721880444727.js:114:20)\n    at require.extensions.<computed> (C:\\Users\\ROSHAN~1\\AppData\\Local\\Temp\\ts-node-dev-hook-5021721880444727.js:71:20)\n    at Object.nodeDevHook [as .ts] (C:\\Users\\Roshan Chaudhary\\Desktop\\skilio-customerMs\\node_modules\\ts-node-dev\\lib\\hook.js:63:13)\n    at Module.load (node:internal/modules/cjs/loader:1465:32)\n    at Function._load (node:internal/modules/cjs/loader:1282:12)","timestamp":"2025-10-24 11:39:49"}
{"level":"error","message":"Database connection error ⨯ Unable to compile TypeScript:\nsrc/app/entity/online.ts(8,42): error TS1002: Unterminated string literal.\r\nsrc/app/entity/online.ts(9,5): error TS1005: ',' expected.\r\nsrc/app/entity/online.ts(9,16): error TS1005: ',' expected.\r\nsrc/app/entity/online.ts(11,5): error TS1136: Property assignment expected.\r\nsrc/app/entity/online.ts(11,79): error TS1109: Expression expected.\r\nsrc/app/entity/online.ts(12,5): error TS1005: ',' expected.\r\nsrc/app/entity/online.ts(12,12): error TS1005: ',' expected.\r\nsrc/app/entity/online.ts(12,26): error TS1005: ')' expected.\r\n","stack":"Error: ⨯ Unable to compile TypeScript:\nsrc/app/entity/online.ts(8,42): error TS1002: Unterminated string literal.\r\nsrc/app/entity/online.ts(9,5): error TS1005: ',' expected.\r\nsrc/app/entity/online.ts(9,16): error TS1005: ',' expected.\r\nsrc/app/entity/online.ts(11,5): error TS1136: Property assignment expected.\r\nsrc/app/entity/online.ts(11,79): error TS1109: Expression expected.\r\nsrc/app/entity/online.ts(12,5): error TS1005: ',' expected.\r\nsrc/app/entity/online.ts(12,12): error TS1005: ',' expected.\r\nsrc/app/entity/online.ts(12,26): error TS1005: ')' expected.\r\n\n    at Object.<anonymous> (C:\\Users\\Roshan Chaudhary\\Desktop\\skilio-customerMs\\src\\app\\entity\\online.ts:1:7)\n    at Module.<anonymous> (node:internal/modules/cjs/loader:1730:14)\n    at Module._compile (C:\\Users\\Roshan Chaudhary\\Desktop\\skilio-customerMs\\node_modules\\source-map-support\\source-map-support.js:568:25)\n    at Module.m._compile (C:\\Users\\ROSHAN~1\\AppData\\Local\\Temp\\ts-node-dev-hook-5021721880444727.js:69:33)\n    at node:internal/modules/cjs/loader:1895:10\n    at require.extensions..jsx.require.extensions..js (C:\\Users\\ROSHAN~1\\AppData\\Local\\Temp\\ts-node-dev-hook-5021721880444727.js:114:20)\n    at require.extensions.<computed> (C:\\Users\\ROSHAN~1\\AppData\\Local\\Temp\\ts-node-dev-hook-5021721880444727.js:71:20)\n    at Object.nodeDevHook [as .ts] (C:\\Users\\Roshan Chaudhary\\Desktop\\skilio-customerMs\\node_modules\\ts-node-dev\\lib\\hook.js:63:13)\n    at Module.load (node:internal/modules/cjs/loader:1465:32)\n    at Function._load (node:internal/modules/cjs/loader:1282:12)","timestamp":"2025-10-24 11:39:59"}
{"level":"info","message":"Listening at port number 3000","timestamp":"2025-10-24 11:40:14"}
{"level":"info","message":"Database connection established successfully at skilio-customer","timestamp":"2025-10-24 11:40:14"}
{"level":"info","message":"socket.io server ready","timestamp":"2025-10-24 11:40:14"}
{"level":"info","message":"Listening at port number 3000","timestamp":"2025-10-24 11:41:15"}
{"level":"info","message":"Database connection established successfully at skilio-customer","timestamp":"2025-10-24 11:41:15"}
{"level":"info","message":"socket.io server ready","timestamp":"2025-10-24 11:41:15"}
{"level":"info","message":"Listening at port number 3000","timestamp":"2025-10-24 11:41:25"}
{"level":"info","message":"Database connection established successfully at skilio-customer","timestamp":"2025-10-24 11:41:25"}
{"level":"info","message":"socket.io server ready","timestamp":"2025-10-24 11:41:25"}
{"level":"info","message":"Listening at port number 3000","timestamp":"2025-10-24 11:48:18"}
{"level":"info","message":"Database connection established successfully at skilio-customer","timestamp":"2025-10-24 11:48:18"}
{"level":"info","message":"socket.io server ready","timestamp":"2025-10-24 11:48:18"}
{"level":"info","message":"Listening at port number 3000","timestamp":"2025-10-24 12:05:09"}
{"level":"info","message":"Database connection established successfully at skilio-customer","timestamp":"2025-10-24 12:05:09"}
{"level":"info","message":"socket.io server ready","timestamp":"2025-10-24 12:05:09"}
{"level":"info","message":"Listening at port number 3000","timestamp":"2025-10-24 13:20:49"}
{"level":"info","message":"Database connection established successfully at skilio-customer","timestamp":"2025-10-24 13:20:49"}
{"level":"info","message":"socket.io server ready","timestamp":"2025-10-24 13:20:49"}
{"level":"info","message":"Socket connected: SEwASW7vECqBE-BJAAAB","timestamp":"2025-10-24 13:26:27"}
{"controller":"RegistrationController.getProfile","input":{"params":{"id":"ad099607-428e-4d98-9184-b97495bf9064"},"query":{}},"layer":"controller","level":"info","message":"RegistrationController.getProfile started","timestamp":"2025-10-24 13:28:46"}
{"layer":"proxy","level":"info","message":"RegistrationProxy.getProfile started","method":"getProfile","proxy":"RegistrationProxy","timestamp":"2025-10-24 13:28:46"}
{"layer":"service","level":"info","message":"RegistrationService.getProfile started","method":"getProfile","service":"RegistrationService","timestamp":"2025-10-24 13:28:46"}
{"layer":"service","level":"info","message":"RegistrationService.getProfile completed successfully","method":"getProfile","responseTime":"287.68ms","service":"RegistrationService","timestamp":"2025-10-24 13:28:47"}
{"layer":"proxy","level":"info","message":"RegistrationProxy.getProfile completed successfully","method":"getProfile","proxy":"RegistrationProxy","responseTime":"294.30ms","timestamp":"2025-10-24 13:28:47"}
{"controller":"RegistrationController.getProfile","layer":"controller","level":"info","message":"RegistrationController.getProfile completed successfully","responseTime":"311.84ms","status":200,"timestamp":"2025-10-24 13:28:47"}
{"level":"info","message":"Listening at port number 3000","timestamp":"2025-10-24 13:30:40"}
{"level":"info","message":"Database connection established successfully at skilio-customer","timestamp":"2025-10-24 13:30:40"}
{"level":"info","message":"socket.io server ready","timestamp":"2025-10-24 13:30:40"}
{"level":"info","message":"Socket connected: 3KFotu1kXTm6AjrAAAAB","timestamp":"2025-10-24 13:30:44"}
{"level":"info","message":"Listening at port number 3000","timestamp":"2025-10-24 13:31:50"}
{"level":"info","message":"Database connection established successfully at skilio-customer","timestamp":"2025-10-24 13:31:50"}
{"level":"info","message":"socket.io server ready","timestamp":"2025-10-24 13:31:50"}
{"level":"info","message":"Socket connected: 7GNW4r1RMwRRzdfsAAAB","timestamp":"2025-10-24 13:31:52"}
{"level":"info","message":"Listening at port number 3000","timestamp":"2025-10-24 13:33:49"}
{"level":"info","message":"Database connection established successfully at skilio-customer","timestamp":"2025-10-24 13:33:49"}
{"level":"info","message":"socket.io server ready","timestamp":"2025-10-24 13:33:49"}
{"level":"info","message":"Socket connected: SMTMHxMoJyygjbmyAAAB","timestamp":"2025-10-24 13:33:51"}
{"level":"info","message":"Listening at port number 3000","timestamp":"2025-10-24 13:34:13"}
{"level":"info","message":"Database connection established successfully at skilio-customer","timestamp":"2025-10-24 13:34:13"}
{"level":"info","message":"socket.io server ready","timestamp":"2025-10-24 13:34:13"}
{"level":"info","message":"Socket connected: iW-tKUcZQ4EYLz55AAAB","timestamp":"2025-10-24 13:34:15"}
{"level":"info","message":"Listening at port number 3000","timestamp":"2025-10-24 13:48:05"}
{"level":"info","message":"Database connection established successfully at skilio-customer","timestamp":"2025-10-24 13:48:05"}
{"level":"info","message":"socket.io server ready","timestamp":"2025-10-24 13:48:05"}
{"level":"info","message":"Socket connected: Q30xMzHMEEVAjm52AAAB","timestamp":"2025-10-24 13:48:52"}
{"level":"info","message":"hello","timestamp":"2025-10-24 13:48:52"}
{"level":"info","message":"User ad099607-428e-4d98-9184-b97495bf9064 is now online","timestamp":"2025-10-24 13:48:52"}
{"level":"info","message":"Listening at port number 3000","timestamp":"2025-10-24 13:49:24"}
{"level":"info","message":"Database connection established successfully at skilio-customer","timestamp":"2025-10-24 13:49:24"}
{"level":"info","message":"socket.io server ready","timestamp":"2025-10-24 13:49:24"}
{"level":"info","message":"Socket connected: M9TKr7mMOadEvJIEAAAB","timestamp":"2025-10-24 13:49:27"}
{"level":"info","message":"User ad099607-428e-4d98-9184-b97495bf9064 is now online","timestamp":"2025-10-24 13:49:27"}
{"level":"info","message":"Listening at port number 3000","timestamp":"2025-10-24 13:49:53"}
{"level":"info","message":"Database connection established successfully at skilio-customer","timestamp":"2025-10-24 13:49:53"}
{"level":"info","message":"socket.io server ready","timestamp":"2025-10-24 13:49:53"}
{"level":"info","message":"Socket connected: -Y5z1gRkowkaue5UAAAB","timestamp":"2025-10-24 13:49:57"}
{"level":"info","message":"User ad099607-428e-4d98-9184-b97495bf9064 is now online","timestamp":"2025-10-24 13:49:57"}
{"level":"info","message":"User ad099607-428e-4d98-9184-b97495bf9064 is now offline","timestamp":"2025-10-24 13:58:23"}
{"level":"info","message":"Socket connected: zfOLr9wIe_DWYNSmAAAD","timestamp":"2025-10-24 13:58:50"}
{"level":"info","message":"User ad099607-428e-4d98-9184-b97495bf9064 is now online","timestamp":"2025-10-24 13:58:50"}
{"level":"info","message":"Listening at port number 3000","timestamp":"2025-10-24 14:05:29"}
{"level":"info","message":"Database connection established successfully at skilio-customer","timestamp":"2025-10-24 14:05:29"}
{"level":"info","message":"socket.io server ready","timestamp":"2025-10-24 14:05:29"}
{"level":"info","message":"Socket connected: 6qbseK2o1178AbXtAAAB","timestamp":"2025-10-24 14:05:31"}
{"level":"info","message":"User ad099607-428e-4d98-9184-b97495bf9064 is now online","timestamp":"2025-10-24 14:05:31"}
{"level":"info","message":"Listening at port number 3000","timestamp":"2025-10-24 14:05:40"}
{"level":"info","message":"Database connection established successfully at skilio-customer","timestamp":"2025-10-24 14:05:40"}
{"level":"info","message":"socket.io server ready","timestamp":"2025-10-24 14:05:40"}
{"level":"info","message":"Socket connected: QyoRiSJNXG0kVcQhAAAB","timestamp":"2025-10-24 14:05:44"}
{"level":"info","message":"User ad099607-428e-4d98-9184-b97495bf9064 is now online","timestamp":"2025-10-24 14:05:44"}
{"level":"info","message":"Listening at port number 3000","timestamp":"2025-10-24 14:05:48"}
{"level":"info","message":"Database connection established successfully at skilio-customer","timestamp":"2025-10-24 14:05:48"}
{"level":"info","message":"socket.io server ready","timestamp":"2025-10-24 14:05:48"}
{"level":"info","message":"Socket connected: XsGT_evvnD2EF_FTAAAB","timestamp":"2025-10-24 14:05:52"}
{"level":"info","message":"User ad099607-428e-4d98-9184-b97495bf9064 is now online","timestamp":"2025-10-24 14:05:52"}
{"level":"info","message":"Listening at port number 3000","timestamp":"2025-10-24 14:06:39"}
{"level":"info","message":"Database connection established successfully at skilio-customer","timestamp":"2025-10-24 14:06:39"}
{"level":"info","message":"socket.io server ready","timestamp":"2025-10-24 14:06:39"}
{"level":"info","message":"Socket connected: t4xiMN1dLnUMLzyoAAAB","timestamp":"2025-10-24 14:06:41"}
{"level":"info","message":"User ad099607-428e-4d98-9184-b97495bf9064 is now online","timestamp":"2025-10-24 14:06:41"}
{"level":"info","message":"Listening at port number 3000","timestamp":"2025-10-24 14:06:59"}
{"level":"info","message":"Database connection established successfully at skilio-customer","timestamp":"2025-10-24 14:06:59"}
{"level":"info","message":"socket.io server ready","timestamp":"2025-10-24 14:06:59"}
{"level":"info","message":"Listening at port number 3000","timestamp":"2025-10-24 14:07:04"}
{"level":"info","message":"Database connection established successfully at skilio-customer","timestamp":"2025-10-24 14:07:04"}
{"level":"info","message":"socket.io server ready","timestamp":"2025-10-24 14:07:04"}
{"level":"info","message":"Socket connected: IWdLLKbwJCk5LOuOAAAB","timestamp":"2025-10-24 14:07:06"}
{"level":"info","message":"User ad099607-428e-4d98-9184-b97495bf9064 is now online","timestamp":"2025-10-24 14:07:06"}
{"level":"info","message":"Listening at port number 3000","timestamp":"2025-10-24 14:08:09"}
{"level":"info","message":"Database connection established successfully at skilio-customer","timestamp":"2025-10-24 14:08:09"}
{"level":"info","message":"socket.io server ready","timestamp":"2025-10-24 14:08:09"}
{"level":"info","message":"Socket connected: dGUUmank7pWI0D_AAAAB","timestamp":"2025-10-24 14:08:10"}
{"level":"info","message":"User ad099607-428e-4d98-9184-b97495bf9064 is now online","timestamp":"2025-10-24 14:08:10"}
{"level":"info","message":"Listening at port number 3000","timestamp":"2025-10-24 14:08:35"}
{"level":"info","message":"Database connection established successfully at skilio-customer","timestamp":"2025-10-24 14:08:35"}
{"level":"info","message":"socket.io server ready","timestamp":"2025-10-24 14:08:35"}
{"level":"info","message":"Socket connected: -eGqkNDD-apCt7J5AAAB","timestamp":"2025-10-24 14:08:35"}
{"level":"info","message":"User ad099607-428e-4d98-9184-b97495bf9064 is now online","timestamp":"2025-10-24 14:08:35"}
{"level":"info","message":"Listening at port number 3000","timestamp":"2025-10-24 14:09:14"}
{"level":"info","message":"Database connection established successfully at skilio-customer","timestamp":"2025-10-24 14:09:14"}
{"level":"info","message":"socket.io server ready","timestamp":"2025-10-24 14:09:14"}
{"level":"info","message":"Socket connected: gXFcEsauORy983uaAAAB","timestamp":"2025-10-24 14:09:18"}
{"level":"info","message":"User ad099607-428e-4d98-9184-b97495bf9064 is now online","timestamp":"2025-10-24 14:09:18"}
{"level":"info","message":"Listening at port number 3000","timestamp":"2025-10-24 14:09:22"}
{"level":"info","message":"Database connection established successfully at skilio-customer","timestamp":"2025-10-24 14:09:22"}
{"level":"info","message":"socket.io server ready","timestamp":"2025-10-24 14:09:22"}
{"level":"info","message":"Socket connected: wBukNnmMuPY2d2paAAAB","timestamp":"2025-10-24 14:09:24"}
{"level":"info","message":"User ad099607-428e-4d98-9184-b97495bf9064 is now online","timestamp":"2025-10-24 14:09:24"}
{"level":"info","message":"Listening at port number 3000","timestamp":"2025-10-24 14:09:28"}
{"level":"info","message":"Database connection established successfully at skilio-customer","timestamp":"2025-10-24 14:09:28"}
{"level":"info","message":"socket.io server ready","timestamp":"2025-10-24 14:09:28"}
{"level":"info","message":"Socket connected: kxCCgTN3cS4vI_bwAAAB","timestamp":"2025-10-24 14:09:32"}
{"level":"info","message":"User ad099607-428e-4d98-9184-b97495bf9064 is now online","timestamp":"2025-10-24 14:09:32"}
{"level":"info","message":"Listening at port number 3000","timestamp":"2025-10-24 14:11:32"}
{"level":"info","message":"Database connection established successfully at skilio-customer","timestamp":"2025-10-24 14:11:32"}
{"level":"info","message":"socket.io server ready","timestamp":"2025-10-24 14:11:32"}
{"level":"info","message":"Socket connected: DTHx8J4GWV8cJfteAAAB","timestamp":"2025-10-24 14:11:33"}
{"level":"info","message":"User ad099607-428e-4d98-9184-b97495bf9064 is now online","timestamp":"2025-10-24 14:11:33"}
{"level":"info","message":"Listening at port number 3000","timestamp":"2025-10-24 14:11:56"}
{"level":"info","message":"Database connection established successfully at skilio-customer","timestamp":"2025-10-24 14:11:56"}
{"level":"info","message":"socket.io server ready","timestamp":"2025-10-24 14:11:56"}
{"level":"info","message":"Socket connected: JaRONDkr0LZPqCLRAAAB","timestamp":"2025-10-24 14:11:59"}
{"level":"info","message":"User ad099607-428e-4d98-9184-b97495bf9064 is now online","timestamp":"2025-10-24 14:11:59"}
{"level":"info","message":"Listening at port number 3000","timestamp":"2025-10-24 14:17:57"}
{"level":"info","message":"Database connection established successfully at skilio-customer","timestamp":"2025-10-24 14:17:57"}
{"level":"info","message":"socket.io server ready","timestamp":"2025-10-24 14:17:57"}
{"level":"info","message":"Socket connected: IZ72Jttby2_Lx6KkAAAB","timestamp":"2025-10-24 14:17:59"}
{"level":"info","message":"User ad099607-428e-4d98-9184-b97495bf9064 is now online","timestamp":"2025-10-24 14:17:59"}
{"controller":"RegistrationController.getProfile","input":{"params":{"id":"ad099607-428e-4d98-9184-b97495bf9064"},"query":{}},"layer":"controller","level":"info","message":"RegistrationController.getProfile started","timestamp":"2025-10-24 14:18:20"}
{"layer":"proxy","level":"info","message":"RegistrationProxy.getProfile started","method":"getProfile","proxy":"RegistrationProxy","timestamp":"2025-10-24 14:18:20"}
{"layer":"service","level":"info","message":"RegistrationService.getProfile started","method":"getProfile","service":"RegistrationService","timestamp":"2025-10-24 14:18:20"}
{"error":"Relation Profile.online does not have join columns.","layer":"service","level":"error","message":"RegistrationService.getProfile failed","method":"getProfile","responseTime":"6.37ms","service":"RegistrationService","stack":"TypeORMError: Relation Profile.online does not have join columns.\n    at C:\\Users\\Roshan Chaudhary\\Desktop\\skilio-customerMs\\src\\query-builder\\SelectQueryBuilder.ts:2408:27\n    at Array.map (<anonymous>)\n    at SelectQueryBuilder.createJoinExpression (C:\\Users\\Roshan Chaudhary\\Desktop\\skilio-customerMs\\src\\query-builder\\SelectQueryBuilder.ts:2313:57)\n    at SelectQueryBuilder.getQuery (C:\\Users\\Roshan Chaudhary\\Desktop\\skilio-customerMs\\src\\query-builder\\SelectQueryBuilder.ts:88:21)\n    at SelectQueryBuilder.executeEntitiesAndRawResults (C:\\Users\\Roshan Chaudhary\\Desktop\\skilio-customerMs\\src\\query-builder\\SelectQueryBuilder.ts:3535:26)\n    at SelectQueryBuilder.getRawAndEntities (C:\\Users\\Roshan Chaudhary\\Desktop\\skilio-customerMs\\src\\query-builder\\SelectQueryBuilder.ts:1671:40)\n    at SelectQueryBuilder.getOne (C:\\Users\\Roshan Chaudhary\\Desktop\\skilio-customerMs\\src\\query-builder\\SelectQueryBuilder.ts:1698:36)\n    at EntityManager.findOne (C:\\Users\\Roshan Chaudhary\\Desktop\\skilio-customerMs\\src\\entity-manager\\EntityManager.ts:1229:14)\n    at Repository.findOne (C:\\Users\\Roshan Chaudhary\\Desktop\\skilio-customerMs\\src\\repository\\Repository.ts:626:29)\n    at RegistrationRepository.findProfileById (C:\\Users\\Roshan Chaudhary\\Desktop\\skilio-customerMs\\src\\app\\repository\\registrationRepository.ts:55:45)","timestamp":"2025-10-24 14:18:20"}
{"error":"Relation Profile.online does not have join columns.","layer":"proxy","level":"error","message":"RegistrationProxy.getProfile failed","method":"getProfile","proxy":"RegistrationProxy","responseTime":"94.12ms","stack":"TypeORMError: Relation Profile.online does not have join columns.\n    at C:\\Users\\Roshan Chaudhary\\Desktop\\skilio-customerMs\\src\\query-builder\\SelectQueryBuilder.ts:2408:27\n    at Array.map (<anonymous>)\n    at SelectQueryBuilder.createJoinExpression (C:\\Users\\Roshan Chaudhary\\Desktop\\skilio-customerMs\\src\\query-builder\\SelectQueryBuilder.ts:2313:57)\n    at SelectQueryBuilder.getQuery (C:\\Users\\Roshan Chaudhary\\Desktop\\skilio-customerMs\\src\\query-builder\\SelectQueryBuilder.ts:88:21)\n    at SelectQueryBuilder.executeEntitiesAndRawResults (C:\\Users\\Roshan Chaudhary\\Desktop\\skilio-customerMs\\src\\query-builder\\SelectQueryBuilder.ts:3535:26)\n    at SelectQueryBuilder.getRawAndEntities (C:\\Users\\Roshan Chaudhary\\Desktop\\skilio-customerMs\\src\\query-builder\\SelectQueryBuilder.ts:1671:40)\n    at SelectQueryBuilder.getOne (C:\\Users\\Roshan Chaudhary\\Desktop\\skilio-customerMs\\src\\query-builder\\SelectQueryBuilder.ts:1698:36)\n    at EntityManager.findOne (C:\\Users\\Roshan Chaudhary\\Desktop\\skilio-customerMs\\src\\entity-manager\\EntityManager.ts:1229:14)\n    at Repository.findOne (C:\\Users\\Roshan Chaudhary\\Desktop\\skilio-customerMs\\src\\repository\\Repository.ts:626:29)\n    at RegistrationRepository.findProfileById (C:\\Users\\Roshan Chaudhary\\Desktop\\skilio-customerMs\\src\\app\\repository\\registrationRepository.ts:55:45)","timestamp":"2025-10-24 14:18:20"}
{"controller":"RegistrationController.getProfile","layer":"controller","level":"info","message":"RegistrationController.getProfile completed successfully","responseTime":"104.32ms","status":200,"timestamp":"2025-10-24 14:18:20"}
{"level":"info","message":"Listening at port number 3000","timestamp":"2025-10-24 14:19:11"}
{"level":"info","message":"Database connection established successfully at skilio-customer","timestamp":"2025-10-24 14:19:11"}
{"level":"info","message":"socket.io server ready","timestamp":"2025-10-24 14:19:11"}
{"level":"info","message":"Socket connected: uwvEqzkxTu6lCpkJAAAB","timestamp":"2025-10-24 14:19:14"}
{"level":"info","message":"User ad099607-428e-4d98-9184-b97495bf9064 is now online","timestamp":"2025-10-24 14:19:14"}
{"controller":"RegistrationController.getProfile","input":{"params":{"id":"ad099607-428e-4d98-9184-b97495bf9064"},"query":{}},"layer":"controller","level":"info","message":"RegistrationController.getProfile started","timestamp":"2025-10-24 14:19:46"}
{"layer":"proxy","level":"info","message":"RegistrationProxy.getProfile started","method":"getProfile","proxy":"RegistrationProxy","timestamp":"2025-10-24 14:19:46"}
{"layer":"service","level":"info","message":"RegistrationService.getProfile started","method":"getProfile","service":"RegistrationService","timestamp":"2025-10-24 14:19:46"}
{"layer":"service","level":"info","message":"RegistrationService.getProfile completed successfully","method":"getProfile","responseTime":"273.77ms","service":"RegistrationService","timestamp":"2025-10-24 14:19:46"}
{"layer":"proxy","level":"info","message":"RegistrationProxy.getProfile completed successfully","method":"getProfile","proxy":"RegistrationProxy","responseTime":"277.94ms","timestamp":"2025-10-24 14:19:46"}
{"controller":"RegistrationController.getProfile","layer":"controller","level":"info","message":"RegistrationController.getProfile completed successfully","responseTime":"290.35ms","status":200,"timestamp":"2025-10-24 14:19:46"}
{"level":"info","message":"User ad099607-428e-4d98-9184-b97495bf9064 is now offline","timestamp":"2025-10-24 14:19:55"}
{"controller":"RegistrationController.getProfile","input":{"params":{"id":"ad099607-428e-4d98-9184-b97495bf9064"},"query":{}},"layer":"controller","level":"info","message":"RegistrationController.getProfile started","timestamp":"2025-10-24 14:20:01"}
{"layer":"proxy","level":"info","message":"RegistrationProxy.getProfile started","method":"getProfile","proxy":"RegistrationProxy","timestamp":"2025-10-24 14:20:01"}
{"layer":"service","level":"info","message":"RegistrationService.getProfile started","method":"getProfile","service":"RegistrationService","timestamp":"2025-10-24 14:20:01"}
{"layer":"service","level":"info","message":"RegistrationService.getProfile completed successfully","method":"getProfile","responseTime":"55.49ms","service":"RegistrationService","timestamp":"2025-10-24 14:20:01"}
{"layer":"proxy","level":"info","message":"RegistrationProxy.getProfile completed successfully","method":"getProfile","proxy":"RegistrationProxy","responseTime":"58.05ms","timestamp":"2025-10-24 14:20:01"}
{"controller":"RegistrationController.getProfile","layer":"controller","level":"info","message":"RegistrationController.getProfile completed successfully","responseTime":"62.22ms","status":200,"timestamp":"2025-10-24 14:20:01"}
{"level":"info","message":"Listening at port number 3000","timestamp":"2025-10-24 14:35:28"}
{"level":"info","message":"Database connection established successfully at skilio-customer","timestamp":"2025-10-24 14:35:28"}
{"level":"info","message":"socket.io server ready","timestamp":"2025-10-24 14:35:28"}
{"level":"info","message":"Listening at port number 3000","timestamp":"2025-10-24 14:37:11"}
{"level":"info","message":"Database connection established successfully at skilio-customer","timestamp":"2025-10-24 14:37:11"}
{"level":"info","message":"socket.io server ready","timestamp":"2025-10-24 14:37:11"}
{"level":"info","message":"Socket connected: VZ9JCnGDZjjnTRe3AAAB","timestamp":"2025-10-24 14:38:09"}
{"level":"info","message":"User ad099607-428e-4d98-9184-b97495bf9064 is now online","timestamp":"2025-10-24 14:38:09"}
{"level":"info","message":"User ad099607-428e-4d98-9184-b97495bf9064 is now offline","timestamp":"2025-10-24 14:42:54"}
{"level":"info","message":"Socket connected: Z-0DRCBKd0dXY4KmAAAD","timestamp":"2025-10-24 14:50:48"}
{"level":"info","message":"User ad099607-428e-4d98-9184-b97495bf9064 is now online","timestamp":"2025-10-24 14:50:48"}
{"level":"info","message":"Socket connected: P3OtGsOrJr5xPnKPAAAF","timestamp":"2025-10-24 14:51:26"}
{"level":"info","message":"User 2fe16619-b0fc-45c6-aa80-11aa328dff09 is now online","timestamp":"2025-10-24 14:51:26"}
{"controller":"RegistrationController.getProfile","input":{"params":{"id":"2fe16619-b0fc-45c6-aa80-11aa328dff09"},"query":{}},"layer":"controller","level":"info","message":"RegistrationController.getProfile started","timestamp":"2025-10-24 14:52:03"}
{"layer":"proxy","level":"info","message":"RegistrationProxy.getProfile started","method":"getProfile","proxy":"RegistrationProxy","timestamp":"2025-10-24 14:52:03"}
{"layer":"service","level":"info","message":"RegistrationService.getProfile started","method":"getProfile","service":"RegistrationService","timestamp":"2025-10-24 14:52:03"}
{"layer":"service","level":"info","message":"RegistrationService.getProfile completed successfully","method":"getProfile","responseTime":"273.30ms","service":"RegistrationService","timestamp":"2025-10-24 14:52:03"}
{"layer":"proxy","level":"info","message":"RegistrationProxy.getProfile completed successfully","method":"getProfile","proxy":"RegistrationProxy","responseTime":"284.78ms","timestamp":"2025-10-24 14:52:03"}
{"controller":"RegistrationController.getProfile","layer":"controller","level":"info","message":"RegistrationController.getProfile completed successfully","responseTime":"295.35ms","status":200,"timestamp":"2025-10-24 14:52:03"}
{"level":"info","message":"User 2fe16619-b0fc-45c6-aa80-11aa328dff09 is now offline","timestamp":"2025-10-24 14:52:09"}
{"controller":"RegistrationController.getProfile","input":{"params":{"id":"2fe16619-b0fc-45c6-aa80-11aa328dff09"},"query":{}},"layer":"controller","level":"info","message":"RegistrationController.getProfile started","timestamp":"2025-10-24 14:52:12"}
{"layer":"proxy","level":"info","message":"RegistrationProxy.getProfile started","method":"getProfile","proxy":"RegistrationProxy","timestamp":"2025-10-24 14:52:12"}
{"layer":"service","level":"info","message":"RegistrationService.getProfile started","method":"getProfile","service":"RegistrationService","timestamp":"2025-10-24 14:52:12"}
{"layer":"service","level":"info","message":"RegistrationService.getProfile completed successfully","method":"getProfile","responseTime":"32.56ms","service":"RegistrationService","timestamp":"2025-10-24 14:52:12"}
{"layer":"proxy","level":"info","message":"RegistrationProxy.getProfile completed successfully","method":"getProfile","proxy":"RegistrationProxy","responseTime":"35.10ms","timestamp":"2025-10-24 14:52:12"}
{"controller":"RegistrationController.getProfile","layer":"controller","level":"info","message":"RegistrationController.getProfile completed successfully","responseTime":"37.21ms","status":200,"timestamp":"2025-10-24 14:52:12"}
{"controller":"RegistrationController.getProfile","input":{"params":{"id":"ad099607-428e-4d98-9184-b97495bf9064"},"query":{}},"layer":"controller","level":"info","message":"RegistrationController.getProfile started","timestamp":"2025-10-24 14:52:18"}
{"layer":"proxy","level":"info","message":"RegistrationProxy.getProfile started","method":"getProfile","proxy":"RegistrationProxy","timestamp":"2025-10-24 14:52:18"}
{"layer":"service","level":"info","message":"RegistrationService.getProfile started","method":"getProfile","service":"RegistrationService","timestamp":"2025-10-24 14:52:19"}
{"layer":"service","level":"info","message":"RegistrationService.getProfile completed successfully","method":"getProfile","responseTime":"34.82ms","service":"RegistrationService","timestamp":"2025-10-24 14:52:19"}
{"layer":"proxy","level":"info","message":"RegistrationProxy.getProfile completed successfully","method":"getProfile","proxy":"RegistrationProxy","responseTime":"36.63ms","timestamp":"2025-10-24 14:52:19"}
{"controller":"RegistrationController.getProfile","layer":"controller","level":"info","message":"RegistrationController.getProfile completed successfully","responseTime":"39.02ms","status":200,"timestamp":"2025-10-24 14:52:19"}
{"controller":"RegistrationController.getProfile","input":{"params":{"id":"2fe16619-b0fc-45c6-aa80-11aa328dff09"},"query":{}},"layer":"controller","level":"info","message":"RegistrationController.getProfile started","timestamp":"2025-10-24 14:52:26"}
{"layer":"proxy","level":"info","message":"RegistrationProxy.getProfile started","method":"getProfile","proxy":"RegistrationProxy","timestamp":"2025-10-24 14:52:26"}
{"layer":"service","level":"info","message":"RegistrationService.getProfile started","method":"getProfile","service":"RegistrationService","timestamp":"2025-10-24 14:52:26"}
{"layer":"service","level":"info","message":"RegistrationService.getProfile completed successfully","method":"getProfile","responseTime":"44.99ms","service":"RegistrationService","timestamp":"2025-10-24 14:52:26"}
{"layer":"proxy","level":"info","message":"RegistrationProxy.getProfile completed successfully","method":"getProfile","proxy":"RegistrationProxy","responseTime":"47.49ms","timestamp":"2025-10-24 14:52:26"}
{"controller":"RegistrationController.getProfile","layer":"controller","level":"info","message":"RegistrationController.getProfile completed successfully","responseTime":"55.89ms","status":200,"timestamp":"2025-10-24 14:52:26"}
{"level":"info","message":"Socket connected: GMiJTj4RqPxjCao3AAAH","timestamp":"2025-10-24 14:52:31"}
{"level":"info","message":"User 2fe16619-b0fc-45c6-aa80-11aa328dff09 is now online","timestamp":"2025-10-24 14:52:31"}
{"controller":"RegistrationController.getProfile","input":{"params":{"id":"2fe16619-b0fc-45c6-aa80-11aa328dff09"},"query":{}},"layer":"controller","level":"info","message":"RegistrationController.getProfile started","timestamp":"2025-10-24 14:52:34"}
{"layer":"proxy","level":"info","message":"RegistrationProxy.getProfile started","method":"getProfile","proxy":"RegistrationProxy","timestamp":"2025-10-24 14:52:34"}
{"layer":"service","level":"info","message":"RegistrationService.getProfile started","method":"getProfile","service":"RegistrationService","timestamp":"2025-10-24 14:52:34"}
{"layer":"service","level":"info","message":"RegistrationService.getProfile completed successfully","method":"getProfile","responseTime":"28.46ms","service":"RegistrationService","timestamp":"2025-10-24 14:52:34"}
{"layer":"proxy","level":"info","message":"RegistrationProxy.getProfile completed successfully","method":"getProfile","proxy":"RegistrationProxy","responseTime":"29.90ms","timestamp":"2025-10-24 14:52:34"}
{"controller":"RegistrationController.getProfile","layer":"controller","level":"info","message":"RegistrationController.getProfile completed successfully","responseTime":"32.76ms","status":200,"timestamp":"2025-10-24 14:52:34"}
{"controller":"RegistrationController.getProfile","input":{"params":{"id":"ad099607-428e-4d98-9184-b97495bf9064"},"query":{}},"layer":"controller","level":"info","message":"RegistrationController.getProfile started","timestamp":"2025-10-24 14:52:43"}
{"layer":"proxy","level":"info","message":"RegistrationProxy.getProfile started","method":"getProfile","proxy":"RegistrationProxy","timestamp":"2025-10-24 14:52:43"}
{"layer":"service","level":"info","message":"RegistrationService.getProfile started","method":"getProfile","service":"RegistrationService","timestamp":"2025-10-24 14:52:43"}
{"layer":"service","level":"info","message":"RegistrationService.getProfile completed successfully","method":"getProfile","responseTime":"36.06ms","service":"RegistrationService","timestamp":"2025-10-24 14:52:43"}
{"layer":"proxy","level":"info","message":"RegistrationProxy.getProfile completed successfully","method":"getProfile","proxy":"RegistrationProxy","responseTime":"37.72ms","timestamp":"2025-10-24 14:52:43"}
{"controller":"RegistrationController.getProfile","layer":"controller","level":"info","message":"RegistrationController.getProfile completed successfully","responseTime":"41.37ms","status":200,"timestamp":"2025-10-24 14:52:43"}
{"controller":"RegistrationController.getProfile","input":{"params":{"id":"2fe16619-b0fc-45c6-aa80-11aa328dff09"},"query":{}},"layer":"controller","level":"info","message":"RegistrationController.getProfile started","timestamp":"2025-10-24 14:52:47"}
{"layer":"proxy","level":"info","message":"RegistrationProxy.getProfile started","method":"getProfile","proxy":"RegistrationProxy","timestamp":"2025-10-24 14:52:47"}
{"layer":"service","level":"info","message":"RegistrationService.getProfile started","method":"getProfile","service":"RegistrationService","timestamp":"2025-10-24 14:52:47"}
{"layer":"service","level":"info","message":"RegistrationService.getProfile completed successfully","method":"getProfile","responseTime":"34.60ms","service":"RegistrationService","timestamp":"2025-10-24 14:52:47"}
{"layer":"proxy","level":"info","message":"RegistrationProxy.getProfile completed successfully","method":"getProfile","proxy":"RegistrationProxy","responseTime":"36.84ms","timestamp":"2025-10-24 14:52:47"}
{"controller":"RegistrationController.getProfile","layer":"controller","level":"info","message":"RegistrationController.getProfile completed successfully","responseTime":"39.61ms","status":200,"timestamp":"2025-10-24 14:52:47"}
{"level":"info","message":"User 2fe16619-b0fc-45c6-aa80-11aa328dff09 is now offline","timestamp":"2025-10-24 14:52:52"}
{"level":"info","message":"User ad099607-428e-4d98-9184-b97495bf9064 is now offline","timestamp":"2025-10-24 14:52:56"}
{"controller":"RegistrationController.getProfile","input":{"params":{"id":"2fe16619-b0fc-45c6-aa80-11aa328dff09"},"query":{}},"layer":"controller","level":"info","message":"RegistrationController.getProfile started","timestamp":"2025-10-24 14:53:26"}
{"layer":"proxy","level":"info","message":"RegistrationProxy.getProfile started","method":"getProfile","proxy":"RegistrationProxy","timestamp":"2025-10-24 14:53:26"}
{"layer":"service","level":"info","message":"RegistrationService.getProfile started","method":"getProfile","service":"RegistrationService","timestamp":"2025-10-24 14:53:26"}
{"layer":"service","level":"info","message":"RegistrationService.getProfile completed successfully","method":"getProfile","responseTime":"138.78ms","service":"RegistrationService","timestamp":"2025-10-24 14:53:27"}
{"layer":"proxy","level":"info","message":"RegistrationProxy.getProfile completed successfully","method":"getProfile","proxy":"RegistrationProxy","responseTime":"141.54ms","timestamp":"2025-10-24 14:53:27"}
{"controller":"RegistrationController.getProfile","layer":"controller","level":"info","message":"RegistrationController.getProfile completed successfully","responseTime":"147.37ms","status":200,"timestamp":"2025-10-24 14:53:27"}
{"level":"info","message":"Socket connected: 6kek58XQOmCVYsiJAAAJ","timestamp":"2025-10-24 14:53:32"}
{"level":"info","message":"User 2fe16619-b0fc-45c6-aa80-11aa328dff09 is now online","timestamp":"2025-10-24 14:53:32"}
{"controller":"RegistrationController.getProfile","input":{"params":{"id":"2fe16619-b0fc-45c6-aa80-11aa328dff09"},"query":{}},"layer":"controller","level":"info","message":"RegistrationController.getProfile started","timestamp":"2025-10-24 14:53:37"}
{"layer":"proxy","level":"info","message":"RegistrationProxy.getProfile started","method":"getProfile","proxy":"RegistrationProxy","timestamp":"2025-10-24 14:53:37"}
{"layer":"service","level":"info","message":"RegistrationService.getProfile started","method":"getProfile","service":"RegistrationService","timestamp":"2025-10-24 14:53:37"}
{"layer":"service","level":"info","message":"RegistrationService.getProfile completed successfully","method":"getProfile","responseTime":"32.00ms","service":"RegistrationService","timestamp":"2025-10-24 14:53:37"}
{"layer":"proxy","level":"info","message":"RegistrationProxy.getProfile completed successfully","method":"getProfile","proxy":"RegistrationProxy","responseTime":"35.56ms","timestamp":"2025-10-24 14:53:37"}
{"controller":"RegistrationController.getProfile","layer":"controller","level":"info","message":"RegistrationController.getProfile completed successfully","responseTime":"39.88ms","status":200,"timestamp":"2025-10-24 14:53:37"}
{"controller":"RegistrationController.getProfile","input":{"params":{"id":"ad099607-428e-4d98-9184-b97495bf9064"},"query":{}},"layer":"controller","level":"info","message":"RegistrationController.getProfile started","timestamp":"2025-10-24 14:53:41"}
{"layer":"proxy","level":"info","message":"RegistrationProxy.getProfile started","method":"getProfile","proxy":"RegistrationProxy","timestamp":"2025-10-24 14:53:41"}
{"layer":"service","level":"info","message":"RegistrationService.getProfile started","method":"getProfile","service":"RegistrationService","timestamp":"2025-10-24 14:53:41"}
{"layer":"service","level":"info","message":"RegistrationService.getProfile completed successfully","method":"getProfile","responseTime":"27.15ms","service":"RegistrationService","timestamp":"2025-10-24 14:53:41"}
{"layer":"proxy","level":"info","message":"RegistrationProxy.getProfile completed successfully","method":"getProfile","proxy":"RegistrationProxy","responseTime":"28.71ms","timestamp":"2025-10-24 14:53:41"}
{"controller":"RegistrationController.getProfile","layer":"controller","level":"info","message":"RegistrationController.getProfile completed successfully","responseTime":"31.89ms","status":200,"timestamp":"2025-10-24 14:53:41"}
{"level":"info","message":"Socket connected: lbBwd4W81SfnKf71AAAL","timestamp":"2025-10-24 14:53:54"}
{"level":"info","message":"User ad099607-428e-4d98-9184-b97495bf9064 is now online","timestamp":"2025-10-24 14:53:54"}
{"level":"info","message":"Listening at port number 3000","timestamp":"2025-10-24 15:07:03"}
{"level":"info","message":"Database connection established successfully at skilio-customer","timestamp":"2025-10-24 15:07:03"}
{"level":"info","message":"socket.io server ready","timestamp":"2025-10-24 15:07:03"}
{"level":"info","message":"Socket connected: TxgJr3fBIV0XRVvoAAAB","timestamp":"2025-10-24 15:07:07"}
{"level":"info","message":"User ad099607-428e-4d98-9184-b97495bf9064 is now online","timestamp":"2025-10-24 15:07:07"}
{"level":"info","message":"Socket connected: b1KAGcFEmfPtj1WsAAAD","timestamp":"2025-10-24 15:07:07"}
{"level":"info","message":"User 2fe16619-b0fc-45c6-aa80-11aa328dff09 is now online","timestamp":"2025-10-24 15:07:07"}
{"level":"info","message":"Listening at port number 3000","timestamp":"2025-10-24 15:23:16"}
{"level":"info","message":"Database connection established successfully at skilio-customer","timestamp":"2025-10-24 15:23:16"}
{"level":"info","message":"socket.io server ready","timestamp":"2025-10-24 15:23:16"}
{"level":"info","message":"Socket connected: ViimdQ_hNhfsk4ziAAAB","timestamp":"2025-10-24 15:23:17"}
{"level":"info","message":"Listening at port number 3000","timestamp":"2025-10-24 15:24:10"}
{"level":"info","message":"Database connection established successfully at skilio-customer","timestamp":"2025-10-24 15:24:10"}
{"level":"info","message":"socket.io server ready","timestamp":"2025-10-24 15:24:10"}
{"level":"info","message":"Socket connected: 04cb5BPlof1nbmqSAAAB","timestamp":"2025-10-24 15:24:14"}
{"level":"info","message":"User 2fe16619-b0fc-45c6-aa80-11aa328dff09 is now online","timestamp":"2025-10-24 15:24:14"}
{"level":"info","message":"Socket connected: tDXhIO-ahdvG0N81AAAD","timestamp":"2025-10-24 15:24:14"}
{"level":"info","message":"User ad099607-428e-4d98-9184-b97495bf9064 is now online","timestamp":"2025-10-24 15:24:14"}
{"level":"info","message":"Listening at port number 3000","timestamp":"2025-10-24 15:24:45"}
{"level":"info","message":"Database connection established successfully at skilio-customer","timestamp":"2025-10-24 15:24:45"}
{"level":"info","message":"socket.io server ready","timestamp":"2025-10-24 15:24:45"}
{"level":"info","message":"Socket connected: j9wIuOZuR5kyKhrwAAAB","timestamp":"2025-10-24 15:24:45"}
{"level":"info","message":"User ad099607-428e-4d98-9184-b97495bf9064 is now online","timestamp":"2025-10-24 15:24:45"}
{"level":"info","message":"Socket connected: 11MoeyzvseBqSHNGAAAD","timestamp":"2025-10-24 15:24:49"}
{"level":"info","message":"User 2fe16619-b0fc-45c6-aa80-11aa328dff09 is now online","timestamp":"2025-10-24 15:24:49"}
{"level":"info","message":"Listening at port number 3000","timestamp":"2025-10-24 15:27:18"}
{"level":"info","message":"Database connection established successfully at skilio-customer","timestamp":"2025-10-24 15:27:18"}
{"level":"info","message":"socket.io server ready","timestamp":"2025-10-24 15:27:18"}
{"level":"info","message":"Socket connected: iEfTEc55ngYngYG_AAAB","timestamp":"2025-10-24 15:27:19"}
{"level":"info","message":"User 2fe16619-b0fc-45c6-aa80-11aa328dff09 is now online","timestamp":"2025-10-24 15:27:19"}
{"level":"info","message":"Socket connected: 2z-yBiHBZygkEgqjAAAD","timestamp":"2025-10-24 15:27:22"}
{"level":"info","message":"User ad099607-428e-4d98-9184-b97495bf9064 is now online","timestamp":"2025-10-24 15:27:22"}
{"level":"info","message":"Listening at port number 3000","timestamp":"2025-10-24 15:27:33"}
{"level":"info","message":"Database connection established successfully at skilio-customer","timestamp":"2025-10-24 15:27:33"}
{"level":"info","message":"socket.io server ready","timestamp":"2025-10-24 15:27:33"}
{"level":"info","message":"Socket connected: 10ZzkdjQ4DUGu7xCAAAB","timestamp":"2025-10-24 15:27:34"}
{"level":"info","message":"User 2fe16619-b0fc-45c6-aa80-11aa328dff09 is now online","timestamp":"2025-10-24 15:27:34"}
{"level":"info","message":"Socket connected: 0BCb1dzVUUwyHljmAAAD","timestamp":"2025-10-24 15:27:37"}
{"level":"info","message":"User ad099607-428e-4d98-9184-b97495bf9064 is now online","timestamp":"2025-10-24 15:27:37"}
{"level":"info","message":"User ad099607-428e-4d98-9184-b97495bf9064 is now offline","timestamp":"2025-10-24 15:28:00"}
{"level":"info","message":"Socket connected: Sqk16YsfXqQ37UA5AAAF","timestamp":"2025-10-24 15:28:03"}
{"level":"info","message":"User df559e5f-128c-490f-9cee-501b5ab95c7d is now online","timestamp":"2025-10-24 15:28:03"}
{"level":"info","message":"User 2fe16619-b0fc-45c6-aa80-11aa328dff09 is now offline","timestamp":"2025-10-24 15:28:25"}
{"level":"info","message":"Socket connected: kBK7RoxBPQfAn207AAAH","timestamp":"2025-10-24 15:28:27"}
{"level":"info","message":"User df559e5f-128c-490f-9cee-501b5ab95c7d is now online","timestamp":"2025-10-24 15:28:27"}
{"controller":"RegistrationController.getProfile","input":{"params":{"id":"df559e5f-128c-490f-9cee-501b5ab95c7d"},"query":{}},"layer":"controller","level":"info","message":"RegistrationController.getProfile started","timestamp":"2025-10-24 15:28:44"}
{"layer":"proxy","level":"info","message":"RegistrationProxy.getProfile started","method":"getProfile","proxy":"RegistrationProxy","timestamp":"2025-10-24 15:28:44"}
{"layer":"service","level":"info","message":"RegistrationService.getProfile started","method":"getProfile","service":"RegistrationService","timestamp":"2025-10-24 15:28:44"}
{"layer":"service","level":"info","message":"RegistrationService.getProfile completed successfully","method":"getProfile","responseTime":"393.64ms","service":"RegistrationService","timestamp":"2025-10-24 15:28:45"}
{"layer":"proxy","level":"info","message":"RegistrationProxy.getProfile completed successfully","method":"getProfile","proxy":"RegistrationProxy","responseTime":"401.83ms","timestamp":"2025-10-24 15:28:45"}
{"controller":"RegistrationController.getProfile","layer":"controller","level":"info","message":"RegistrationController.getProfile completed successfully","responseTime":"418.18ms","status":200,"timestamp":"2025-10-24 15:28:45"}
{"level":"info","message":"User df559e5f-128c-490f-9cee-501b5ab95c7d is now offline","timestamp":"2025-10-24 15:29:46"}
{"level":"info","message":"Listening at port number 3000","timestamp":"2025-10-24 15:30:04"}
{"level":"info","message":"Database connection established successfully at skilio-customer","timestamp":"2025-10-24 15:30:04"}
{"level":"info","message":"socket.io server ready","timestamp":"2025-10-24 15:30:04"}
{"controller":"RegistrationController.getProfile","input":{"params":{"id":"2fe16619-b0fc-45c6-aa80-11aa328dff09"},"query":{}},"layer":"controller","level":"info","message":"RegistrationController.getProfile started","timestamp":"2025-10-24 15:31:15"}
{"layer":"proxy","level":"info","message":"RegistrationProxy.getProfile started","method":"getProfile","proxy":"RegistrationProxy","timestamp":"2025-10-24 15:31:15"}
{"layer":"service","level":"info","message":"RegistrationService.getProfile started","method":"getProfile","service":"RegistrationService","timestamp":"2025-10-24 15:31:15"}
{"layer":"service","level":"info","message":"RegistrationService.getProfile completed successfully","method":"getProfile","responseTime":"142.45ms","service":"RegistrationService","timestamp":"2025-10-24 15:31:15"}
{"layer":"proxy","level":"info","message":"RegistrationProxy.getProfile completed successfully","method":"getProfile","proxy":"RegistrationProxy","responseTime":"146.13ms","timestamp":"2025-10-24 15:31:15"}
{"controller":"RegistrationController.getProfile","layer":"controller","level":"info","message":"RegistrationController.getProfile completed successfully","responseTime":"164.45ms","status":200,"timestamp":"2025-10-24 15:31:15"}
{"level":"info","message":"Listening at port number 3000","timestamp":"2025-10-28 11:32:49"}
{"level":"info","message":"Database connection established successfully at skilio-customer","timestamp":"2025-10-28 11:32:49"}
{"level":"info","message":"socket.io server ready","timestamp":"2025-10-28 11:32:49"}
{"level":"info","message":"Listening at port number 3000","timestamp":"2025-10-28 11:48:16"}
{"level":"info","message":"Database connection established successfully at skilio-customer","timestamp":"2025-10-28 11:48:16"}
{"level":"info","message":"socket.io server ready","timestamp":"2025-10-28 11:48:16"}
{"level":"info","message":"Listening at port number 3000","timestamp":"2025-10-28 12:55:29"}
{"level":"info","message":"Database connection established successfully at skilio-customer","timestamp":"2025-10-28 12:55:29"}
{"level":"info","message":"socket.io server ready","timestamp":"2025-10-28 12:55:29"}
{"level":"info","message":"Listening at port number 3000","timestamp":"2025-10-28 13:15:25"}
{"level":"info","message":"Database connection established successfully at skilio-customer","timestamp":"2025-10-28 13:15:25"}
{"level":"info","message":"socket.io server ready","timestamp":"2025-10-28 13:15:25"}
{"level":"info","message":"Listening at port number 3000","timestamp":"2025-10-28 13:15:46"}
{"level":"info","message":"Database connection established successfully at skilio-customer","timestamp":"2025-10-28 13:15:46"}
{"level":"info","message":"socket.io server ready","timestamp":"2025-10-28 13:15:46"}
{"code":"42P07","driverError":{"code":"42P07","file":"index.c","length":95,"line":"900","name":"error","routine":"index_create","severity":"ERROR"},"file":"index.c","length":95,"level":"error","line":"900","message":"Database connection error relation \"IDX_PROFILEID\" already exists","query":"CREATE INDEX \"IDX_PROFILEID\" ON \"online\" (\"profileId\") ","routine":"index_create","severity":"ERROR","stack":"QueryFailedError: relation \"IDX_PROFILEID\" already exists\n    at PostgresQueryRunner.query (C:\\Users\\Roshan Chaudhary\\Desktop\\skilio-customerMs\\src\\driver\\postgres\\PostgresQueryRunner.ts:325:19)\n    at processTicksAndRejections (node:internal/process/task_queues:105:5)\n    at PostgresQueryRunner.executeQueries (C:\\Users\\Roshan Chaudhary\\Desktop\\skilio-customerMs\\src\\query-runner\\BaseQueryRunner.ts:681:13)\n    at PostgresQueryRunner.createIndex (C:\\Users\\Roshan Chaudhary\\Desktop\\skilio-customerMs\\src\\driver\\postgres\\PostgresQueryRunner.ts:2990:9)\n    at PostgresQueryRunner.createIndices (C:\\Users\\Roshan Chaudhary\\Desktop\\skilio-customerMs\\src\\driver\\postgres\\PostgresQueryRunner.ts:3022:13)\n    at RdbmsSchemaBuilder.createNewIndices (C:\\Users\\Roshan Chaudhary\\Desktop\\skilio-customerMs\\src\\schema-builder\\RdbmsSchemaBuilder.ts:1001:13)\n    at RdbmsSchemaBuilder.executeSchemaSyncOperationsInProperOrder (C:\\Users\\Roshan Chaudhary\\Desktop\\skilio-customerMs\\src\\schema-builder\\RdbmsSchemaBuilder.ts:230:9)\n    at RdbmsSchemaBuilder.build (C:\\Users\\Roshan Chaudhary\\Desktop\\skilio-customerMs\\src\\schema-builder\\RdbmsSchemaBuilder.ts:95:13)\n    at DataSource.synchronize (C:\\Users\\Roshan Chaudhary\\Desktop\\skilio-customerMs\\src\\data-source\\DataSource.ts:340:9)\n    at DataSource.initialize (C:\\Users\\Roshan Chaudhary\\Desktop\\skilio-customerMs\\src\\data-source\\DataSource.ts:278:43)","timestamp":"2025-10-28 13:30:09"}
{"code":"42P07","driverError":{"code":"42P07","file":"index.c","length":95,"line":"900","name":"error","routine":"index_create","severity":"ERROR"},"file":"index.c","length":95,"level":"error","line":"900","message":"Database connection error relation \"IDX_PROFILEID\" already exists","query":"CREATE INDEX \"IDX_PROFILEID\" ON \"online\" (\"profileId\") ","routine":"index_create","severity":"ERROR","stack":"QueryFailedError: relation \"IDX_PROFILEID\" already exists\n    at PostgresQueryRunner.query (C:\\Users\\Roshan Chaudhary\\Desktop\\skilio-customerMs\\src\\driver\\postgres\\PostgresQueryRunner.ts:325:19)\n    at processTicksAndRejections (node:internal/process/task_queues:105:5)\n    at PostgresQueryRunner.executeQueries (C:\\Users\\Roshan Chaudhary\\Desktop\\skilio-customerMs\\src\\query-runner\\BaseQueryRunner.ts:681:13)\n    at PostgresQueryRunner.createIndex (C:\\Users\\Roshan Chaudhary\\Desktop\\skilio-customerMs\\src\\driver\\postgres\\PostgresQueryRunner.ts:2990:9)\n    at PostgresQueryRunner.createIndices (C:\\Users\\Roshan Chaudhary\\Desktop\\skilio-customerMs\\src\\driver\\postgres\\PostgresQueryRunner.ts:3022:13)\n    at RdbmsSchemaBuilder.createNewIndices (C:\\Users\\Roshan Chaudhary\\Desktop\\skilio-customerMs\\src\\schema-builder\\RdbmsSchemaBuilder.ts:1001:13)\n    at RdbmsSchemaBuilder.executeSchemaSyncOperationsInProperOrder (C:\\Users\\Roshan Chaudhary\\Desktop\\skilio-customerMs\\src\\schema-builder\\RdbmsSchemaBuilder.ts:230:9)\n    at RdbmsSchemaBuilder.build (C:\\Users\\Roshan Chaudhary\\Desktop\\skilio-customerMs\\src\\schema-builder\\RdbmsSchemaBuilder.ts:95:13)\n    at DataSource.synchronize (C:\\Users\\Roshan Chaudhary\\Desktop\\skilio-customerMs\\src\\data-source\\DataSource.ts:340:9)\n    at DataSource.initialize (C:\\Users\\Roshan Chaudhary\\Desktop\\skilio-customerMs\\src\\data-source\\DataSource.ts:278:43)","timestamp":"2025-10-28 13:30:48"}
{"code":"42P07","driverError":{"code":"42P07","file":"index.c","length":95,"line":"900","name":"error","routine":"index_create","severity":"ERROR"},"file":"index.c","length":95,"level":"error","line":"900","message":"Database connection error relation \"IDX_PROFILEID\" already exists","query":"CREATE INDEX \"IDX_PROFILEID\" ON \"online\" (\"profileId\") ","routine":"index_create","severity":"ERROR","stack":"QueryFailedError: relation \"IDX_PROFILEID\" already exists\n    at PostgresQueryRunner.query (C:\\Users\\Roshan Chaudhary\\Desktop\\skilio-customerMs\\src\\driver\\postgres\\PostgresQueryRunner.ts:325:19)\n    at processTicksAndRejections (node:internal/process/task_queues:105:5)\n    at PostgresQueryRunner.executeQueries (C:\\Users\\Roshan Chaudhary\\Desktop\\skilio-customerMs\\src\\query-runner\\BaseQueryRunner.ts:681:13)\n    at PostgresQueryRunner.createIndex (C:\\Users\\Roshan Chaudhary\\Desktop\\skilio-customerMs\\src\\driver\\postgres\\PostgresQueryRunner.ts:2990:9)\n    at PostgresQueryRunner.createIndices (C:\\Users\\Roshan Chaudhary\\Desktop\\skilio-customerMs\\src\\driver\\postgres\\PostgresQueryRunner.ts:3022:13)\n    at RdbmsSchemaBuilder.createNewIndices (C:\\Users\\Roshan Chaudhary\\Desktop\\skilio-customerMs\\src\\schema-builder\\RdbmsSchemaBuilder.ts:1001:13)\n    at RdbmsSchemaBuilder.executeSchemaSyncOperationsInProperOrder (C:\\Users\\Roshan Chaudhary\\Desktop\\skilio-customerMs\\src\\schema-builder\\RdbmsSchemaBuilder.ts:230:9)\n    at RdbmsSchemaBuilder.build (C:\\Users\\Roshan Chaudhary\\Desktop\\skilio-customerMs\\src\\schema-builder\\RdbmsSchemaBuilder.ts:95:13)\n    at DataSource.synchronize (C:\\Users\\Roshan Chaudhary\\Desktop\\skilio-customerMs\\src\\data-source\\DataSource.ts:340:9)\n    at DataSource.initialize (C:\\Users\\Roshan Chaudhary\\Desktop\\skilio-customerMs\\src\\data-source\\DataSource.ts:278:43)","timestamp":"2025-10-28 13:32:02"}
{"code":"42P07","driverError":{"code":"42P07","file":"index.c","length":95,"line":"900","name":"error","routine":"index_create","severity":"ERROR"},"file":"index.c","length":95,"level":"error","line":"900","message":"Database connection error relation \"IDX_PROFILEID\" already exists","query":"CREATE INDEX \"IDX_PROFILEID\" ON \"online\" (\"profileId\") ","routine":"index_create","severity":"ERROR","stack":"QueryFailedError: relation \"IDX_PROFILEID\" already exists\n    at PostgresQueryRunner.query (C:\\Users\\Roshan Chaudhary\\Desktop\\skilio-customerMs\\src\\driver\\postgres\\PostgresQueryRunner.ts:325:19)\n    at processTicksAndRejections (node:internal/process/task_queues:105:5)\n    at PostgresQueryRunner.executeQueries (C:\\Users\\Roshan Chaudhary\\Desktop\\skilio-customerMs\\src\\query-runner\\BaseQueryRunner.ts:681:13)\n    at PostgresQueryRunner.createIndex (C:\\Users\\Roshan Chaudhary\\Desktop\\skilio-customerMs\\src\\driver\\postgres\\PostgresQueryRunner.ts:2990:9)\n    at PostgresQueryRunner.createIndices (C:\\Users\\Roshan Chaudhary\\Desktop\\skilio-customerMs\\src\\driver\\postgres\\PostgresQueryRunner.ts:3022:13)\n    at RdbmsSchemaBuilder.createNewIndices (C:\\Users\\Roshan Chaudhary\\Desktop\\skilio-customerMs\\src\\schema-builder\\RdbmsSchemaBuilder.ts:1001:13)\n    at RdbmsSchemaBuilder.executeSchemaSyncOperationsInProperOrder (C:\\Users\\Roshan Chaudhary\\Desktop\\skilio-customerMs\\src\\schema-builder\\RdbmsSchemaBuilder.ts:230:9)\n    at RdbmsSchemaBuilder.build (C:\\Users\\Roshan Chaudhary\\Desktop\\skilio-customerMs\\src\\schema-builder\\RdbmsSchemaBuilder.ts:95:13)\n    at DataSource.synchronize (C:\\Users\\Roshan Chaudhary\\Desktop\\skilio-customerMs\\src\\data-source\\DataSource.ts:340:9)\n    at DataSource.initialize (C:\\Users\\Roshan Chaudhary\\Desktop\\skilio-customerMs\\src\\data-source\\DataSource.ts:278:43)","timestamp":"2025-10-28 13:36:03"}
{"code":"42P07","driverError":{"code":"42P07","file":"index.c","length":95,"line":"900","name":"error","routine":"index_create","severity":"ERROR"},"file":"index.c","length":95,"level":"error","line":"900","message":"Database connection error relation \"IDX_PROFILEID\" already exists","query":"CREATE INDEX \"IDX_PROFILEID\" ON \"online\" (\"profileId\") ","routine":"index_create","severity":"ERROR","stack":"QueryFailedError: relation \"IDX_PROFILEID\" already exists\n    at PostgresQueryRunner.query (C:\\Users\\Roshan Chaudhary\\Desktop\\skilio-customerMs\\src\\driver\\postgres\\PostgresQueryRunner.ts:325:19)\n    at processTicksAndRejections (node:internal/process/task_queues:105:5)\n    at PostgresQueryRunner.executeQueries (C:\\Users\\Roshan Chaudhary\\Desktop\\skilio-customerMs\\src\\query-runner\\BaseQueryRunner.ts:681:13)\n    at PostgresQueryRunner.createIndex (C:\\Users\\Roshan Chaudhary\\Desktop\\skilio-customerMs\\src\\driver\\postgres\\PostgresQueryRunner.ts:2990:9)\n    at PostgresQueryRunner.createIndices (C:\\Users\\Roshan Chaudhary\\Desktop\\skilio-customerMs\\src\\driver\\postgres\\PostgresQueryRunner.ts:3022:13)\n    at RdbmsSchemaBuilder.createNewIndices (C:\\Users\\Roshan Chaudhary\\Desktop\\skilio-customerMs\\src\\schema-builder\\RdbmsSchemaBuilder.ts:1001:13)\n    at RdbmsSchemaBuilder.executeSchemaSyncOperationsInProperOrder (C:\\Users\\Roshan Chaudhary\\Desktop\\skilio-customerMs\\src\\schema-builder\\RdbmsSchemaBuilder.ts:230:9)\n    at RdbmsSchemaBuilder.build (C:\\Users\\Roshan Chaudhary\\Desktop\\skilio-customerMs\\src\\schema-builder\\RdbmsSchemaBuilder.ts:95:13)\n    at DataSource.synchronize (C:\\Users\\Roshan Chaudhary\\Desktop\\skilio-customerMs\\src\\data-source\\DataSource.ts:340:9)\n    at DataSource.initialize (C:\\Users\\Roshan Chaudhary\\Desktop\\skilio-customerMs\\src\\data-source\\DataSource.ts:278:43)","timestamp":"2025-10-28 13:36:23"}
{"level":"info","message":"Listening at port number 3000","timestamp":"2025-10-28 13:36:29"}
{"level":"info","message":"Database connection established successfully at skilio-customer","timestamp":"2025-10-28 13:36:29"}
{"level":"info","message":"socket.io server ready","timestamp":"2025-10-28 13:36:29"}
{"level":"info","message":"Listening at port number 3000","timestamp":"2025-10-28 13:36:35"}
{"level":"info","message":"Database connection established successfully at skilio-customer","timestamp":"2025-10-28 13:36:35"}
{"level":"info","message":"socket.io server ready","timestamp":"2025-10-28 13:36:35"}
{"level":"info","message":"Listening at port number 3000","timestamp":"2025-10-28 13:39:24"}
{"level":"info","message":"Database connection established successfully at skilio-customer","timestamp":"2025-10-28 13:39:24"}
{"level":"info","message":"socket.io server ready","timestamp":"2025-10-28 13:39:24"}
{"code":"42P07","driverError":{"code":"42P07","file":"index.c","length":102,"line":"900","name":"error","routine":"index_create","severity":"ERROR"},"file":"index.c","length":102,"level":"error","line":"900","message":"Database connection error relation \"IDX_SENDER_RECIPIENT\" already exists","query":"CREATE INDEX \"IDX_SENDER_RECIPIENT\" ON \"message\" (\"senderId\", \"recipientId\") ","routine":"index_create","severity":"ERROR","stack":"QueryFailedError: relation \"IDX_SENDER_RECIPIENT\" already exists\n    at PostgresQueryRunner.query (C:\\Users\\Roshan Chaudhary\\Desktop\\skilio-customerMs\\src\\driver\\postgres\\PostgresQueryRunner.ts:325:19)\n    at processTicksAndRejections (node:internal/process/task_queues:105:5)\n    at PostgresQueryRunner.executeQueries (C:\\Users\\Roshan Chaudhary\\Desktop\\skilio-customerMs\\src\\query-runner\\BaseQueryRunner.ts:681:13)\n    at PostgresQueryRunner.createTable (C:\\Users\\Roshan Chaudhary\\Desktop\\skilio-customerMs\\src\\driver\\postgres\\PostgresQueryRunner.ts:616:9)\n    at RdbmsSchemaBuilder.createNewTables (C:\\Users\\Roshan Chaudhary\\Desktop\\skilio-customerMs\\src\\schema-builder\\RdbmsSchemaBuilder.ts:635:13)\n    at RdbmsSchemaBuilder.executeSchemaSyncOperationsInProperOrder (C:\\Users\\Roshan Chaudhary\\Desktop\\skilio-customerMs\\src\\schema-builder\\RdbmsSchemaBuilder.ts:225:9)\n    at RdbmsSchemaBuilder.build (C:\\Users\\Roshan Chaudhary\\Desktop\\skilio-customerMs\\src\\schema-builder\\RdbmsSchemaBuilder.ts:95:13)\n    at DataSource.synchronize (C:\\Users\\Roshan Chaudhary\\Desktop\\skilio-customerMs\\src\\data-source\\DataSource.ts:340:9)\n    at DataSource.initialize (C:\\Users\\Roshan Chaudhary\\Desktop\\skilio-customerMs\\src\\data-source\\DataSource.ts:278:43)","timestamp":"2025-10-29 11:33:03"}
{"level":"info","message":"Listening at port number 3000","timestamp":"2025-10-29 11:33:35"}
{"level":"info","message":"Database connection established successfully at skilio-customer","timestamp":"2025-10-29 11:33:35"}
{"level":"info","message":"socket.io server ready","timestamp":"2025-10-29 11:33:35"}
{"level":"info","message":"Listening at port number 3000","timestamp":"2025-10-29 11:37:24"}
{"level":"info","message":"Database connection established successfully at skilio-customer","timestamp":"2025-10-29 11:37:24"}
{"level":"info","message":"socket.io server ready","timestamp":"2025-10-29 11:37:24"}
{"level":"info","message":"Listening at port number 3000","timestamp":"2025-10-29 11:38:12"}
{"level":"info","message":"Database connection established successfully at skilio-customer","timestamp":"2025-10-29 11:38:12"}
{"level":"info","message":"socket.io server ready","timestamp":"2025-10-29 11:38:12"}
{"level":"info","message":"Listening at port number 3000","timestamp":"2025-10-29 11:38:17"}
{"level":"info","message":"Database connection established successfully at skilio-customer","timestamp":"2025-10-29 11:38:17"}
{"level":"info","message":"socket.io server ready","timestamp":"2025-10-29 11:38:17"}
{"level":"info","message":"Listening at port number 3000","timestamp":"2025-10-29 12:14:41"}
{"level":"info","message":"Database connection established successfully at skilio-customer","timestamp":"2025-10-29 12:14:41"}
{"level":"info","message":"socket.io server ready","timestamp":"2025-10-29 12:14:41"}
{"level":"info","message":"Listening at port number 3000","timestamp":"2025-10-29 13:04:52"}
{"level":"info","message":"Database connection established successfully at skilio-customer","timestamp":"2025-10-29 13:04:52"}
{"level":"info","message":"socket.io server ready","timestamp":"2025-10-29 13:04:52"}
{"level":"info","message":"Listening at port number 3000","timestamp":"2025-10-29 13:07:22"}
{"level":"info","message":"Database connection established successfully at skilio-customer","timestamp":"2025-10-29 13:07:22"}
{"level":"info","message":"socket.io server ready","timestamp":"2025-10-29 13:07:22"}
{"level":"info","message":"Listening at port number 3000","timestamp":"2025-10-29 13:26:09"}
{"level":"info","message":"Database connection established successfully at skilio-customer","timestamp":"2025-10-29 13:26:09"}
{"level":"info","message":"socket.io server ready","timestamp":"2025-10-29 13:26:09"}
{"level":"error","message":"No authorization header provided","timestamp":"2025-10-29 13:33:13"}
{"controller":"RegistrationController.loginUser","input":{"credential":"doe8","params":{},"query":{}},"layer":"controller","level":"info","message":"RegistrationController.loginUser started","timestamp":"2025-10-29 13:34:02"}
{"layer":"proxy","level":"info","message":"RegistrationProxy.loginUser started","method":"loginUser","proxy":"RegistrationProxy","timestamp":"2025-10-29 13:34:02"}
{"layer":"service","level":"info","message":"RegistrationService.loginUser started","method":"loginUser","service":"RegistrationService","timestamp":"2025-10-29 13:34:02"}
{"layer":"service","level":"info","message":"RegistrationService.loginUser completed successfully","method":"loginUser","responseTime":"89.03ms","service":"RegistrationService","timestamp":"2025-10-29 13:34:02"}
{"layer":"proxy","level":"info","message":"RegistrationProxy.loginUser completed successfully","method":"loginUser","proxy":"RegistrationProxy","responseTime":"232.47ms","timestamp":"2025-10-29 13:34:02"}
{"controller":"RegistrationController.loginUser","layer":"controller","level":"info","message":"RegistrationController.loginUser completed successfully","responseTime":"237.55ms","status":200,"timestamp":"2025-10-29 13:34:02"}
{"controller":"ChatController.createMessage","input":{"content":{"text":"Hey there! Here's the document you asked for."},"params":{},"query":{},"recipientId":"4a666546-0c40-4e68-bab1-9eda07b5b81a","senderId":"42a1415b-1ab0-4ff8-826f-d5d6c163dc34"},"layer":"controller","level":"info","message":"ChatController.createMessage started","timestamp":"2025-10-29 13:34:22"}
{"layer":"proxy","level":"info","message":"ChatProxy.createMessage started","method":"createMessage","proxy":"ChatProxy","timestamp":"2025-10-29 13:34:22"}
{"layer":"service","level":"info","message":"ChatService.createMessage started","method":"createMessage","service":"ChatService","timestamp":"2025-10-29 13:34:22"}
{"error":"Cannot read properties of undefined (reading 'file')","layer":"service","level":"error","message":"ChatService.createMessage failed","method":"createMessage","responseTime":"2.17ms","service":"ChatService","stack":"TypeError: Cannot read properties of undefined (reading 'file')\n    at C:\\Users\\Roshan Chaudhary\\Desktop\\skilio-customerMs\\src\\app\\modules\\chat\\chat.services.ts:34:20\n    at ChatService.createMessage (C:\\Users\\Roshan Chaudhary\\Desktop\\skilio-customerMs\\src\\app\\utils\\serviceLogging.ts:14:28)\n    at C:\\Users\\Roshan Chaudhary\\Desktop\\skilio-customerMs\\src\\app\\modules\\chat\\chat.proxy.ts:32:39\n    at processTicksAndRejections (node:internal/process/task_queues:105:5)\n    at ChatProxy.createMessage (C:\\Users\\Roshan Chaudhary\\Desktop\\skilio-customerMs\\src\\app\\utils\\proxyLogging.ts:15:22)\n    at C:\\Users\\Roshan Chaudhary\\Desktop\\skilio-customerMs\\src\\app\\modules\\chat\\chat.controller.ts:16:23\n    at C:\\Users\\Roshan Chaudhary\\Desktop\\skilio-customerMs\\src\\app\\utils\\catchAsyncError.ts:8:7\n    at C:\\Users\\Roshan Chaudhary\\Desktop\\skilio-customerMs\\src\\app\\utils\\controllerLogging.ts:20:7","timestamp":"2025-10-29 13:34:22"}
{"error":"Cannot read properties of undefined (reading 'file')","layer":"proxy","level":"error","message":"ChatProxy.createMessage failed","method":"createMessage","proxy":"ChatProxy","responseTime":"92.99ms","stack":"TypeError: Cannot read properties of undefined (reading 'file')\n    at C:\\Users\\Roshan Chaudhary\\Desktop\\skilio-customerMs\\src\\app\\modules\\chat\\chat.services.ts:34:20\n    at ChatService.createMessage (C:\\Users\\Roshan Chaudhary\\Desktop\\skilio-customerMs\\src\\app\\utils\\serviceLogging.ts:14:28)\n    at C:\\Users\\Roshan Chaudhary\\Desktop\\skilio-customerMs\\src\\app\\modules\\chat\\chat.proxy.ts:32:39\n    at processTicksAndRejections (node:internal/process/task_queues:105:5)\n    at ChatProxy.createMessage (C:\\Users\\Roshan Chaudhary\\Desktop\\skilio-customerMs\\src\\app\\utils\\proxyLogging.ts:15:22)\n    at C:\\Users\\Roshan Chaudhary\\Desktop\\skilio-customerMs\\src\\app\\modules\\chat\\chat.controller.ts:16:23\n    at C:\\Users\\Roshan Chaudhary\\Desktop\\skilio-customerMs\\src\\app\\utils\\catchAsyncError.ts:8:7\n    at C:\\Users\\Roshan Chaudhary\\Desktop\\skilio-customerMs\\src\\app\\utils\\controllerLogging.ts:20:7","timestamp":"2025-10-29 13:34:22"}
{"controller":"ChatController.createMessage","layer":"controller","level":"info","message":"ChatController.createMessage completed successfully","responseTime":"100.02ms","status":200,"timestamp":"2025-10-29 13:34:22"}
{"level":"info","message":"Listening at port number 3000","timestamp":"2025-10-29 13:37:20"}
{"level":"info","message":"Database connection established successfully at skilio-customer","timestamp":"2025-10-29 13:37:20"}
{"level":"info","message":"socket.io server ready","timestamp":"2025-10-29 13:37:20"}
{"level":"info","message":"Listening at port number 3000","timestamp":"2025-10-29 13:37:25"}
{"level":"info","message":"Database connection established successfully at skilio-customer","timestamp":"2025-10-29 13:37:25"}
{"level":"info","message":"socket.io server ready","timestamp":"2025-10-29 13:37:25"}
{"controller":"ChatController.createMessage","input":{"content":{"text":"Hey there! Here's the document you asked for."},"params":{},"query":{},"recipientId":"4a666546-0c40-4e68-bab1-9eda07b5b81a","senderId":"42a1415b-1ab0-4ff8-826f-d5d6c163dc34"},"layer":"controller","level":"info","message":"ChatController.createMessage started","timestamp":"2025-10-29 13:38:37"}
{"layer":"proxy","level":"info","message":"ChatProxy.createMessage started","method":"createMessage","proxy":"ChatProxy","timestamp":"2025-10-29 13:38:37"}
{"layer":"service","level":"info","message":"ChatService.createMessage started","method":"createMessage","service":"ChatService","timestamp":"2025-10-29 13:38:37"}
{"error":"Cannot read properties of undefined (reading 'file')","layer":"service","level":"error","message":"ChatService.createMessage failed","method":"createMessage","responseTime":"3.45ms","service":"ChatService","stack":"TypeError: Cannot read properties of undefined (reading 'file')\n    at C:\\Users\\Roshan Chaudhary\\Desktop\\skilio-customerMs\\src\\app\\modules\\chat\\chat.services.ts:34:20\n    at ChatService.createMessage (C:\\Users\\Roshan Chaudhary\\Desktop\\skilio-customerMs\\src\\app\\utils\\serviceLogging.ts:14:28)\n    at C:\\Users\\Roshan Chaudhary\\Desktop\\skilio-customerMs\\src\\app\\modules\\chat\\chat.proxy.ts:32:39\n    at processTicksAndRejections (node:internal/process/task_queues:105:5)\n    at ChatProxy.createMessage (C:\\Users\\Roshan Chaudhary\\Desktop\\skilio-customerMs\\src\\app\\utils\\proxyLogging.ts:15:22)\n    at C:\\Users\\Roshan Chaudhary\\Desktop\\skilio-customerMs\\src\\app\\modules\\chat\\chat.controller.ts:16:23\n    at C:\\Users\\Roshan Chaudhary\\Desktop\\skilio-customerMs\\src\\app\\utils\\catchAsyncError.ts:8:7\n    at C:\\Users\\Roshan Chaudhary\\Desktop\\skilio-customerMs\\src\\app\\utils\\controllerLogging.ts:20:7","timestamp":"2025-10-29 13:38:37"}
{"error":"Cannot read properties of undefined (reading 'file')","layer":"proxy","level":"error","message":"ChatProxy.createMessage failed","method":"createMessage","proxy":"ChatProxy","responseTime":"93.38ms","stack":"TypeError: Cannot read properties of undefined (reading 'file')\n    at C:\\Users\\Roshan Chaudhary\\Desktop\\skilio-customerMs\\src\\app\\modules\\chat\\chat.services.ts:34:20\n    at ChatService.createMessage (C:\\Users\\Roshan Chaudhary\\Desktop\\skilio-customerMs\\src\\app\\utils\\serviceLogging.ts:14:28)\n    at C:\\Users\\Roshan Chaudhary\\Desktop\\skilio-customerMs\\src\\app\\modules\\chat\\chat.proxy.ts:32:39\n    at processTicksAndRejections (node:internal/process/task_queues:105:5)\n    at ChatProxy.createMessage (C:\\Users\\Roshan Chaudhary\\Desktop\\skilio-customerMs\\src\\app\\utils\\proxyLogging.ts:15:22)\n    at C:\\Users\\Roshan Chaudhary\\Desktop\\skilio-customerMs\\src\\app\\modules\\chat\\chat.controller.ts:16:23\n    at C:\\Users\\Roshan Chaudhary\\Desktop\\skilio-customerMs\\src\\app\\utils\\catchAsyncError.ts:8:7\n    at C:\\Users\\Roshan Chaudhary\\Desktop\\skilio-customerMs\\src\\app\\utils\\controllerLogging.ts:20:7","timestamp":"2025-10-29 13:38:37"}
{"controller":"ChatController.createMessage","layer":"controller","level":"info","message":"ChatController.createMessage completed successfully","responseTime":"104.05ms","status":200,"timestamp":"2025-10-29 13:38:37"}
{"level":"info","message":"Listening at port number 3000","timestamp":"2025-10-29 13:38:47"}
{"level":"info","message":"Database connection established successfully at skilio-customer","timestamp":"2025-10-29 13:38:47"}
{"level":"info","message":"socket.io server ready","timestamp":"2025-10-29 13:38:47"}
{"controller":"ChatController.createMessage","input":{"content":{"text":"Hey there! Here's the document you asked for."},"params":{},"query":{},"recipientId":"4a666546-0c40-4e68-bab1-9eda07b5b81a","senderId":"42a1415b-1ab0-4ff8-826f-d5d6c163dc34"},"layer":"controller","level":"info","message":"ChatController.createMessage started","timestamp":"2025-10-29 13:38:56"}
{"layer":"proxy","level":"info","message":"ChatProxy.createMessage started","method":"createMessage","proxy":"ChatProxy","timestamp":"2025-10-29 13:38:56"}
{"layer":"service","level":"info","message":"ChatService.createMessage started","method":"createMessage","service":"ChatService","timestamp":"2025-10-29 13:38:56"}
{"error":"Cannot read properties of undefined (reading 'file')","layer":"service","level":"error","message":"ChatService.createMessage failed","method":"createMessage","responseTime":"1.91ms","service":"ChatService","stack":"TypeError: Cannot read properties of undefined (reading 'file')\n    at C:\\Users\\Roshan Chaudhary\\Desktop\\skilio-customerMs\\src\\app\\modules\\chat\\chat.services.ts:34:20\n    at ChatService.createMessage (C:\\Users\\Roshan Chaudhary\\Desktop\\skilio-customerMs\\src\\app\\utils\\serviceLogging.ts:14:28)\n    at C:\\Users\\Roshan Chaudhary\\Desktop\\skilio-customerMs\\src\\app\\modules\\chat\\chat.proxy.ts:32:39\n    at processTicksAndRejections (node:internal/process/task_queues:105:5)\n    at ChatProxy.createMessage (C:\\Users\\Roshan Chaudhary\\Desktop\\skilio-customerMs\\src\\app\\utils\\proxyLogging.ts:15:22)\n    at C:\\Users\\Roshan Chaudhary\\Desktop\\skilio-customerMs\\src\\app\\modules\\chat\\chat.controller.ts:16:23\n    at C:\\Users\\Roshan Chaudhary\\Desktop\\skilio-customerMs\\src\\app\\utils\\catchAsyncError.ts:8:7\n    at C:\\Users\\Roshan Chaudhary\\Desktop\\skilio-customerMs\\src\\app\\utils\\controllerLogging.ts:20:7","timestamp":"2025-10-29 13:38:56"}
{"error":"Cannot read properties of undefined (reading 'file')","layer":"proxy","level":"error","message":"ChatProxy.createMessage failed","method":"createMessage","proxy":"ChatProxy","responseTime":"89.46ms","stack":"TypeError: Cannot read properties of undefined (reading 'file')\n    at C:\\Users\\Roshan Chaudhary\\Desktop\\skilio-customerMs\\src\\app\\modules\\chat\\chat.services.ts:34:20\n    at ChatService.createMessage (C:\\Users\\Roshan Chaudhary\\Desktop\\skilio-customerMs\\src\\app\\utils\\serviceLogging.ts:14:28)\n    at C:\\Users\\Roshan Chaudhary\\Desktop\\skilio-customerMs\\src\\app\\modules\\chat\\chat.proxy.ts:32:39\n    at processTicksAndRejections (node:internal/process/task_queues:105:5)\n    at ChatProxy.createMessage (C:\\Users\\Roshan Chaudhary\\Desktop\\skilio-customerMs\\src\\app\\utils\\proxyLogging.ts:15:22)\n    at C:\\Users\\Roshan Chaudhary\\Desktop\\skilio-customerMs\\src\\app\\modules\\chat\\chat.controller.ts:16:23\n    at C:\\Users\\Roshan Chaudhary\\Desktop\\skilio-customerMs\\src\\app\\utils\\catchAsyncError.ts:8:7\n    at C:\\Users\\Roshan Chaudhary\\Desktop\\skilio-customerMs\\src\\app\\utils\\controllerLogging.ts:20:7","timestamp":"2025-10-29 13:38:56"}
{"controller":"ChatController.createMessage","layer":"controller","level":"info","message":"ChatController.createMessage completed successfully","responseTime":"97.11ms","status":200,"timestamp":"2025-10-29 13:38:56"}
{"level":"info","message":"Listening at port number 3000","timestamp":"2025-10-29 13:40:36"}
{"level":"info","message":"Database connection established successfully at skilio-customer","timestamp":"2025-10-29 13:40:36"}
{"level":"info","message":"socket.io server ready","timestamp":"2025-10-29 13:40:36"}
{"controller":"ChatController.createMessage","input":{"content":{"text":"Hey there! Here's the document you asked for."},"params":{},"query":{},"recipientId":"4a666546-0c40-4e68-bab1-9eda07b5b81a","senderId":"42a1415b-1ab0-4ff8-826f-d5d6c163dc34"},"layer":"controller","level":"info","message":"ChatController.createMessage started","timestamp":"2025-10-29 13:40:41"}
{"layer":"proxy","level":"info","message":"ChatProxy.createMessage started","method":"createMessage","proxy":"ChatProxy","timestamp":"2025-10-29 13:40:41"}
{"layer":"service","level":"info","message":"ChatService.createMessage started","method":"createMessage","service":"ChatService","timestamp":"2025-10-29 13:40:41"}
{"error":"Cannot read properties of undefined (reading 'file')","layer":"service","level":"error","message":"ChatService.createMessage failed","method":"createMessage","responseTime":"1.72ms","service":"ChatService","stack":"TypeError: Cannot read properties of undefined (reading 'file')\n    at C:\\Users\\Roshan Chaudhary\\Desktop\\skilio-customerMs\\src\\app\\modules\\chat\\chat.services.ts:34:20\n    at ChatService.createMessage (C:\\Users\\Roshan Chaudhary\\Desktop\\skilio-customerMs\\src\\app\\utils\\serviceLogging.ts:14:28)\n    at C:\\Users\\Roshan Chaudhary\\Desktop\\skilio-customerMs\\src\\app\\modules\\chat\\chat.proxy.ts:32:39\n    at processTicksAndRejections (node:internal/process/task_queues:105:5)\n    at ChatProxy.createMessage (C:\\Users\\Roshan Chaudhary\\Desktop\\skilio-customerMs\\src\\app\\utils\\proxyLogging.ts:15:22)\n    at C:\\Users\\Roshan Chaudhary\\Desktop\\skilio-customerMs\\src\\app\\modules\\chat\\chat.controller.ts:16:23\n    at C:\\Users\\Roshan Chaudhary\\Desktop\\skilio-customerMs\\src\\app\\utils\\catchAsyncError.ts:8:7\n    at C:\\Users\\Roshan Chaudhary\\Desktop\\skilio-customerMs\\src\\app\\utils\\controllerLogging.ts:20:7","timestamp":"2025-10-29 13:40:41"}
{"error":"Cannot read properties of undefined (reading 'file')","layer":"proxy","level":"error","message":"ChatProxy.createMessage failed","method":"createMessage","proxy":"ChatProxy","responseTime":"76.75ms","stack":"TypeError: Cannot read properties of undefined (reading 'file')\n    at C:\\Users\\Roshan Chaudhary\\Desktop\\skilio-customerMs\\src\\app\\modules\\chat\\chat.services.ts:34:20\n    at ChatService.createMessage (C:\\Users\\Roshan Chaudhary\\Desktop\\skilio-customerMs\\src\\app\\utils\\serviceLogging.ts:14:28)\n    at C:\\Users\\Roshan Chaudhary\\Desktop\\skilio-customerMs\\src\\app\\modules\\chat\\chat.proxy.ts:32:39\n    at processTicksAndRejections (node:internal/process/task_queues:105:5)\n    at ChatProxy.createMessage (C:\\Users\\Roshan Chaudhary\\Desktop\\skilio-customerMs\\src\\app\\utils\\proxyLogging.ts:15:22)\n    at C:\\Users\\Roshan Chaudhary\\Desktop\\skilio-customerMs\\src\\app\\modules\\chat\\chat.controller.ts:16:23\n    at C:\\Users\\Roshan Chaudhary\\Desktop\\skilio-customerMs\\src\\app\\utils\\catchAsyncError.ts:8:7\n    at C:\\Users\\Roshan Chaudhary\\Desktop\\skilio-customerMs\\src\\app\\utils\\controllerLogging.ts:20:7","timestamp":"2025-10-29 13:40:41"}
{"controller":"ChatController.createMessage","layer":"controller","level":"info","message":"ChatController.createMessage completed successfully","responseTime":"83.13ms","status":200,"timestamp":"2025-10-29 13:40:41"}
{"level":"info","message":"Listening at port number 3000","timestamp":"2025-10-29 13:48:18"}
{"level":"info","message":"Database connection established successfully at skilio-customer","timestamp":"2025-10-29 13:48:18"}
{"level":"info","message":"socket.io server ready","timestamp":"2025-10-29 13:48:18"}
{"level":"info","message":"Listening at port number 3000","timestamp":"2025-10-29 13:52:30"}
{"level":"info","message":"Database connection established successfully at skilio-customer","timestamp":"2025-10-29 13:52:30"}
{"level":"info","message":"socket.io server ready","timestamp":"2025-10-29 13:52:30"}
{"level":"info","message":"Listening at port number 3000","timestamp":"2025-10-29 13:53:11"}
{"level":"info","message":"Database connection established successfully at skilio-customer","timestamp":"2025-10-29 13:53:11"}
{"level":"info","message":"socket.io server ready","timestamp":"2025-10-29 13:53:11"}
{"level":"info","message":"Listening at port number 3000","timestamp":"2025-10-29 13:53:14"}
{"level":"info","message":"Database connection established successfully at skilio-customer","timestamp":"2025-10-29 13:53:14"}
{"level":"info","message":"socket.io server ready","timestamp":"2025-10-29 13:53:14"}
{"level":"info","message":"Listening at port number 3000","timestamp":"2025-10-29 13:54:58"}
{"level":"info","message":"Database connection established successfully at skilio-customer","timestamp":"2025-10-29 13:54:58"}
{"level":"info","message":"socket.io server ready","timestamp":"2025-10-29 13:54:58"}
{"controller":"ChatController.createMessage","input":{"content":"{\"text\": \"Hey there! Here's the document you asked for.\"\n  }","params":{},"query":{},"recipientId":"4a666546-0c40-4e68-bab1-9eda07b5b81a","senderId":"42a1415b-1ab0-4ff8-826f-d5d6c163dc34"},"layer":"controller","level":"info","message":"ChatController.createMessage started","timestamp":"2025-10-29 13:55:14"}
{"layer":"proxy","level":"info","message":"ChatProxy.createMessage started","method":"createMessage","proxy":"ChatProxy","timestamp":"2025-10-29 13:55:14"}
{"layer":"service","level":"info","message":"ChatService.createMessage started","method":"createMessage","service":"ChatService","timestamp":"2025-10-29 13:55:14"}
{"error":"Cannot read properties of undefined (reading 'file')","layer":"service","level":"error","message":"ChatService.createMessage failed","method":"createMessage","responseTime":"4.24ms","service":"ChatService","stack":"TypeError: Cannot read properties of undefined (reading 'file')\n    at C:\\Users\\Roshan Chaudhary\\Desktop\\skilio-customerMs\\src\\app\\modules\\chat\\chat.services.ts:34:20\n    at ChatService.createMessage (C:\\Users\\Roshan Chaudhary\\Desktop\\skilio-customerMs\\src\\app\\utils\\serviceLogging.ts:14:28)\n    at C:\\Users\\Roshan Chaudhary\\Desktop\\skilio-customerMs\\src\\app\\modules\\chat\\chat.proxy.ts:32:39\n    at processTicksAndRejections (node:internal/process/task_queues:105:5)\n    at ChatProxy.createMessage (C:\\Users\\Roshan Chaudhary\\Desktop\\skilio-customerMs\\src\\app\\utils\\proxyLogging.ts:15:22)\n    at C:\\Users\\Roshan Chaudhary\\Desktop\\skilio-customerMs\\src\\app\\modules\\chat\\chat.controller.ts:16:23\n    at C:\\Users\\Roshan Chaudhary\\Desktop\\skilio-customerMs\\src\\app\\utils\\catchAsyncError.ts:8:7\n    at C:\\Users\\Roshan Chaudhary\\Desktop\\skilio-customerMs\\src\\app\\utils\\controllerLogging.ts:20:7","timestamp":"2025-10-29 13:55:14"}
{"error":"Cannot read properties of undefined (reading 'file')","layer":"proxy","level":"error","message":"ChatProxy.createMessage failed","method":"createMessage","proxy":"ChatProxy","responseTime":"86.76ms","stack":"TypeError: Cannot read properties of undefined (reading 'file')\n    at C:\\Users\\Roshan Chaudhary\\Desktop\\skilio-customerMs\\src\\app\\modules\\chat\\chat.services.ts:34:20\n    at ChatService.createMessage (C:\\Users\\Roshan Chaudhary\\Desktop\\skilio-customerMs\\src\\app\\utils\\serviceLogging.ts:14:28)\n    at C:\\Users\\Roshan Chaudhary\\Desktop\\skilio-customerMs\\src\\app\\modules\\chat\\chat.proxy.ts:32:39\n    at processTicksAndRejections (node:internal/process/task_queues:105:5)\n    at ChatProxy.createMessage (C:\\Users\\Roshan Chaudhary\\Desktop\\skilio-customerMs\\src\\app\\utils\\proxyLogging.ts:15:22)\n    at C:\\Users\\Roshan Chaudhary\\Desktop\\skilio-customerMs\\src\\app\\modules\\chat\\chat.controller.ts:16:23\n    at C:\\Users\\Roshan Chaudhary\\Desktop\\skilio-customerMs\\src\\app\\utils\\catchAsyncError.ts:8:7\n    at C:\\Users\\Roshan Chaudhary\\Desktop\\skilio-customerMs\\src\\app\\utils\\controllerLogging.ts:20:7","timestamp":"2025-10-29 13:55:14"}
{"controller":"ChatController.createMessage","layer":"controller","level":"info","message":"ChatController.createMessage completed successfully","responseTime":"94.21ms","status":200,"timestamp":"2025-10-29 13:55:14"}
{"level":"info","message":"Listening at port number 3000","timestamp":"2025-10-29 13:55:23"}
{"level":"info","message":"Database connection established successfully at skilio-customer","timestamp":"2025-10-29 13:55:23"}
{"level":"info","message":"socket.io server ready","timestamp":"2025-10-29 13:55:23"}
{"level":"info","message":"Listening at port number 3000","timestamp":"2025-10-29 13:56:01"}
{"level":"info","message":"Database connection established successfully at skilio-customer","timestamp":"2025-10-29 13:56:01"}
{"level":"info","message":"socket.io server ready","timestamp":"2025-10-29 13:56:01"}
{"controller":"ChatController.createMessage","input":{"content":"{\"text\": \"Hey there! Here's the document you asked for.\"\n  }","params":{},"query":{},"recipientId":"4a666546-0c40-4e68-bab1-9eda07b5b81a","senderId":"42a1415b-1ab0-4ff8-826f-d5d6c163dc34"},"layer":"controller","level":"info","message":"ChatController.createMessage started","timestamp":"2025-10-29 13:56:10"}
{"layer":"proxy","level":"info","message":"ChatProxy.createMessage started","method":"createMessage","proxy":"ChatProxy","timestamp":"2025-10-29 13:56:10"}
{"layer":"service","level":"info","message":"ChatService.createMessage started","method":"createMessage","service":"ChatService","timestamp":"2025-10-29 13:56:10"}
{"level":"info","message":"Message sent to recipientId: 4a666546-0c40-4e68-bab1-9eda07b5b81a, socketId: undefined","timestamp":"2025-10-29 13:56:10"}
{"codePrefix":"messaging","errorInfo":{"code":"messaging/invalid-payload","message":"Exactly one of topic, token or condition is required"},"level":"error","message":"Error sending push notification Exactly one of topic, token or condition is required","stack":"Error: Exactly one of topic, token or condition is required\n    at validateMessage (C:\\Users\\Roshan Chaudhary\\Desktop\\skilio-customerMs\\node_modules\\firebase-admin\\lib\\messaging\\messaging-internal.js:54:15)\n    at Messaging.send (C:\\Users\\Roshan Chaudhary\\Desktop\\skilio-customerMs\\node_modules\\firebase-admin\\lib\\messaging\\messaging.js:122:50)\n    at sendSinglePushNotification (C:\\Users\\Roshan Chaudhary\\Desktop\\skilio-customerMs\\src\\app\\utils\\pushNotification.ts:19:19)\n    at processTicksAndRejections (node:internal/process/task_queues:105:5)","timestamp":"2025-10-29 13:56:10"}
{"layer":"service","level":"info","message":"ChatService.createMessage completed successfully","method":"createMessage","responseTime":"153.34ms","service":"ChatService","timestamp":"2025-10-29 13:56:10"}
{"layer":"proxy","level":"info","message":"ChatProxy.createMessage completed successfully","method":"createMessage","proxy":"ChatProxy","responseTime":"207.70ms","timestamp":"2025-10-29 13:56:10"}
{"controller":"ChatController.createMessage","layer":"controller","level":"info","message":"ChatController.createMessage completed successfully","responseTime":"217.92ms","status":200,"timestamp":"2025-10-29 13:56:10"}
{"level":"info","message":"Listening at port number 3000","timestamp":"2025-10-29 13:59:14"}
{"level":"info","message":"Database connection established successfully at skilio-customer","timestamp":"2025-10-29 13:59:14"}
{"level":"info","message":"socket.io server ready","timestamp":"2025-10-29 13:59:14"}
{"level":"info","message":"Listening at port number 3000","timestamp":"2025-10-29 13:59:19"}
{"level":"info","message":"Database connection established successfully at skilio-customer","timestamp":"2025-10-29 13:59:19"}
{"level":"info","message":"socket.io server ready","timestamp":"2025-10-29 13:59:19"}
{"level":"info","message":"Listening at port number 3000","timestamp":"2025-10-29 14:02:21"}
{"level":"info","message":"Database connection established successfully at skilio-customer","timestamp":"2025-10-29 14:02:21"}
{"level":"info","message":"socket.io server ready","timestamp":"2025-10-29 14:02:21"}
{"controller":"ChatController.createMessage","input":{"content":"{\"text\": \"Hey there! Here's the document you asked for.\"\n  }","params":{},"query":{},"recipientId":"4a666546-0c40-4e68-bab1-9eda07b5b81a","senderId":"42a1415b-1ab0-4ff8-826f-d5d6c163dc34"},"layer":"controller","level":"info","message":"ChatController.createMessage started","timestamp":"2025-10-29 14:02:33"}
{"layer":"proxy","level":"info","message":"ChatProxy.createMessage started","method":"createMessage","proxy":"ChatProxy","timestamp":"2025-10-29 14:02:33"}
{"layer":"service","level":"info","message":"ChatService.createMessage started","method":"createMessage","service":"ChatService","timestamp":"2025-10-29 14:02:34"}
{"level":"info","message":"Message sent to recipientId: 4a666546-0c40-4e68-bab1-9eda07b5b81a, socketId: undefined","timestamp":"2025-10-29 14:02:34"}
{"codePrefix":"messaging","errorInfo":{"code":"messaging/invalid-payload","message":"Exactly one of topic, token or condition is required"},"level":"error","message":"Error sending push notification Exactly one of topic, token or condition is required","stack":"Error: Exactly one of topic, token or condition is required\n    at validateMessage (C:\\Users\\Roshan Chaudhary\\Desktop\\skilio-customerMs\\node_modules\\firebase-admin\\lib\\messaging\\messaging-internal.js:54:15)\n    at Messaging.send (C:\\Users\\Roshan Chaudhary\\Desktop\\skilio-customerMs\\node_modules\\firebase-admin\\lib\\messaging\\messaging.js:122:50)\n    at sendSinglePushNotification (C:\\Users\\Roshan Chaudhary\\Desktop\\skilio-customerMs\\src\\app\\utils\\pushNotification.ts:19:19)\n    at processTicksAndRejections (node:internal/process/task_queues:105:5)","timestamp":"2025-10-29 14:02:34"}
{"layer":"service","level":"info","message":"ChatService.createMessage completed successfully","method":"createMessage","responseTime":"137.91ms","service":"ChatService","timestamp":"2025-10-29 14:02:34"}
{"layer":"proxy","level":"info","message":"ChatProxy.createMessage completed successfully","method":"createMessage","proxy":"ChatProxy","responseTime":"197.17ms","timestamp":"2025-10-29 14:02:34"}
{"controller":"ChatController.createMessage","layer":"controller","level":"info","message":"ChatController.createMessage completed successfully","responseTime":"205.93ms","status":200,"timestamp":"2025-10-29 14:02:34"}
{"level":"info","message":"Listening at port number 3000","timestamp":"2025-10-29 14:04:44"}
{"level":"info","message":"Database connection established successfully at skilio-customer","timestamp":"2025-10-29 14:04:44"}
{"level":"info","message":"socket.io server ready","timestamp":"2025-10-29 14:04:44"}
{"level":"info","message":"Listening at port number 3000","timestamp":"2025-10-29 14:05:19"}
{"level":"info","message":"Database connection established successfully at skilio-customer","timestamp":"2025-10-29 14:05:19"}
{"level":"info","message":"socket.io server ready","timestamp":"2025-10-29 14:05:19"}
{"level":"info","message":"Listening at port number 3000","timestamp":"2025-10-29 14:06:33"}
{"level":"info","message":"Database connection established successfully at skilio-customer","timestamp":"2025-10-29 14:06:33"}
{"level":"info","message":"socket.io server ready","timestamp":"2025-10-29 14:06:33"}
{"level":"info","message":"Listening at port number 3000","timestamp":"2025-10-29 14:06:57"}
{"level":"info","message":"Database connection established successfully at skilio-customer","timestamp":"2025-10-29 14:06:57"}
{"level":"info","message":"socket.io server ready","timestamp":"2025-10-29 14:06:57"}
{"controller":"RegistrationController.loginUser","input":{"credential":"doe8","params":{},"query":{}},"layer":"controller","level":"info","message":"RegistrationController.loginUser started","timestamp":"2025-10-29 14:07:50"}
{"layer":"proxy","level":"info","message":"RegistrationProxy.loginUser started","method":"loginUser","proxy":"RegistrationProxy","timestamp":"2025-10-29 14:07:50"}
{"layer":"service","level":"info","message":"RegistrationService.loginUser started","method":"loginUser","service":"RegistrationService","timestamp":"2025-10-29 14:07:50"}
{"layer":"service","level":"info","message":"RegistrationService.loginUser completed successfully","method":"loginUser","responseTime":"77.01ms","service":"RegistrationService","timestamp":"2025-10-29 14:07:50"}
{"layer":"proxy","level":"info","message":"RegistrationProxy.loginUser completed successfully","method":"loginUser","proxy":"RegistrationProxy","responseTime":"172.52ms","timestamp":"2025-10-29 14:07:50"}
{"controller":"RegistrationController.loginUser","layer":"controller","level":"info","message":"RegistrationController.loginUser completed successfully","responseTime":"176.35ms","status":200,"timestamp":"2025-10-29 14:07:50"}
{"controller":"ChatController.createMessage","input":{"content":"{\"text\": \"Hey there! Here's the document you asked for.\"\n  }","params":{},"query":{},"recipientId":"4a666546-0c40-4e68-bab1-9eda07b5b81a","senderId":"42a1415b-1ab0-4ff8-826f-d5d6c163dc34"},"layer":"controller","level":"info","message":"ChatController.createMessage started","timestamp":"2025-10-29 14:08:03"}
{"layer":"proxy","level":"info","message":"ChatProxy.createMessage started","method":"createMessage","proxy":"ChatProxy","timestamp":"2025-10-29 14:08:03"}
{"layer":"service","level":"info","message":"ChatService.createMessage started","method":"createMessage","service":"ChatService","timestamp":"2025-10-29 14:08:04"}
{"level":"info","message":"Message sent to recipientId: 4a666546-0c40-4e68-bab1-9eda07b5b81a, socketId: undefined","timestamp":"2025-10-29 14:08:04"}
{"codePrefix":"messaging","errorInfo":{"code":"messaging/invalid-payload","message":"Exactly one of topic, token or condition is required"},"level":"error","message":"Error sending push notification Exactly one of topic, token or condition is required","stack":"Error: Exactly one of topic, token or condition is required\n    at validateMessage (C:\\Users\\Roshan Chaudhary\\Desktop\\skilio-customerMs\\node_modules\\firebase-admin\\lib\\messaging\\messaging-internal.js:54:15)\n    at Messaging.send (C:\\Users\\Roshan Chaudhary\\Desktop\\skilio-customerMs\\node_modules\\firebase-admin\\lib\\messaging\\messaging.js:122:50)\n    at sendSinglePushNotification (C:\\Users\\Roshan Chaudhary\\Desktop\\skilio-customerMs\\src\\app\\utils\\pushNotification.ts:19:19)\n    at processTicksAndRejections (node:internal/process/task_queues:105:5)","timestamp":"2025-10-29 14:08:04"}
{"layer":"service","level":"info","message":"ChatService.createMessage completed successfully","method":"createMessage","responseTime":"191.47ms","service":"ChatService","timestamp":"2025-10-29 14:08:04"}
{"layer":"proxy","level":"info","message":"ChatProxy.createMessage completed successfully","method":"createMessage","proxy":"ChatProxy","responseTime":"243.71ms","timestamp":"2025-10-29 14:08:04"}
{"controller":"ChatController.createMessage","layer":"controller","level":"info","message":"ChatController.createMessage completed successfully","responseTime":"247.27ms","status":200,"timestamp":"2025-10-29 14:08:04"}
{"level":"info","message":"Listening at port number 3000","timestamp":"2025-10-29 14:11:37"}
{"level":"info","message":"Database connection established successfully at skilio-customer","timestamp":"2025-10-29 14:11:37"}
{"level":"info","message":"socket.io server ready","timestamp":"2025-10-29 14:11:37"}
{"controller":"ChatController.createMessage","input":{"content":"{\"text\": \"Hey there! Here's the document you asked for.\"\n  }","params":{},"query":{},"recipientId":"4a666546-0c40-4e68-bab1-9eda07b5b81a","senderId":"42a1415b-1ab0-4ff8-826f-d5d6c163dc34"},"layer":"controller","level":"info","message":"ChatController.createMessage started","timestamp":"2025-10-29 14:11:40"}
{"layer":"proxy","level":"info","message":"ChatProxy.createMessage started","method":"createMessage","proxy":"ChatProxy","timestamp":"2025-10-29 14:11:40"}
{"layer":"service","level":"info","message":"ChatService.createMessage started","method":"createMessage","service":"ChatService","timestamp":"2025-10-29 14:11:40"}
{"level":"info","message":"Message sent to recipientId: 4a666546-0c40-4e68-bab1-9eda07b5b81a, socketId: undefined","timestamp":"2025-10-29 14:11:40"}
{"codePrefix":"messaging","errorInfo":{"code":"messaging/invalid-payload","message":"Exactly one of topic, token or condition is required"},"level":"error","message":"Error sending push notification Exactly one of topic, token or condition is required","stack":"Error: Exactly one of topic, token or condition is required\n    at validateMessage (C:\\Users\\Roshan Chaudhary\\Desktop\\skilio-customerMs\\node_modules\\firebase-admin\\lib\\messaging\\messaging-internal.js:54:15)\n    at Messaging.send (C:\\Users\\Roshan Chaudhary\\Desktop\\skilio-customerMs\\node_modules\\firebase-admin\\lib\\messaging\\messaging.js:122:50)\n    at sendSinglePushNotification (C:\\Users\\Roshan Chaudhary\\Desktop\\skilio-customerMs\\src\\app\\utils\\pushNotification.ts:19:19)\n    at processTicksAndRejections (node:internal/process/task_queues:105:5)","timestamp":"2025-10-29 14:11:40"}
{"layer":"service","level":"info","message":"ChatService.createMessage completed successfully","method":"createMessage","responseTime":"146.80ms","service":"ChatService","timestamp":"2025-10-29 14:11:40"}
{"layer":"proxy","level":"info","message":"ChatProxy.createMessage completed successfully","method":"createMessage","proxy":"ChatProxy","responseTime":"224.66ms","timestamp":"2025-10-29 14:11:40"}
{"controller":"ChatController.createMessage","layer":"controller","level":"info","message":"ChatController.createMessage completed successfully","responseTime":"237.60ms","status":200,"timestamp":"2025-10-29 14:11:41"}
{"level":"info","message":"Listening at port number 3000","timestamp":"2025-10-29 14:11:48"}
{"level":"info","message":"Database connection established successfully at skilio-customer","timestamp":"2025-10-29 14:11:48"}
{"level":"info","message":"socket.io server ready","timestamp":"2025-10-29 14:11:48"}
{"controller":"ChatController.createMessage","input":{"content":"{\"text\": \"Hey there! Here's the document you asked for.\"\n  }","params":{},"query":{},"recipientId":"4a666546-0c40-4e68-bab1-9eda07b5b81a","senderId":"42a1415b-1ab0-4ff8-826f-d5d6c163dc34"},"layer":"controller","level":"info","message":"ChatController.createMessage started","timestamp":"2025-10-29 14:13:16"}
{"layer":"proxy","level":"info","message":"ChatProxy.createMessage started","method":"createMessage","proxy":"ChatProxy","timestamp":"2025-10-29 14:13:16"}
{"layer":"service","level":"info","message":"ChatService.createMessage started","method":"createMessage","service":"ChatService","timestamp":"2025-10-29 14:13:16"}
{"level":"info","message":"Message sent to recipientId: 4a666546-0c40-4e68-bab1-9eda07b5b81a, socketId: undefined","timestamp":"2025-10-29 14:13:16"}
{"codePrefix":"messaging","errorInfo":{"code":"messaging/invalid-payload","message":"Exactly one of topic, token or condition is required"},"level":"error","message":"Error sending push notification Exactly one of topic, token or condition is required","stack":"Error: Exactly one of topic, token or condition is required\n    at validateMessage (C:\\Users\\Roshan Chaudhary\\Desktop\\skilio-customerMs\\node_modules\\firebase-admin\\lib\\messaging\\messaging-internal.js:54:15)\n    at Messaging.send (C:\\Users\\Roshan Chaudhary\\Desktop\\skilio-customerMs\\node_modules\\firebase-admin\\lib\\messaging\\messaging.js:122:50)\n    at sendSinglePushNotification (C:\\Users\\Roshan Chaudhary\\Desktop\\skilio-customerMs\\src\\app\\utils\\pushNotification.ts:19:19)\n    at processTicksAndRejections (node:internal/process/task_queues:105:5)","timestamp":"2025-10-29 14:13:16"}
{"layer":"service","level":"info","message":"ChatService.createMessage completed successfully","method":"createMessage","responseTime":"166.83ms","service":"ChatService","timestamp":"2025-10-29 14:13:16"}
{"layer":"proxy","level":"info","message":"ChatProxy.createMessage completed successfully","method":"createMessage","proxy":"ChatProxy","responseTime":"254.24ms","timestamp":"2025-10-29 14:13:16"}
{"controller":"ChatController.createMessage","layer":"controller","level":"info","message":"ChatController.createMessage completed successfully","responseTime":"265.48ms","status":200,"timestamp":"2025-10-29 14:13:16"}
{"level":"info","message":"Listening at port number 3000","timestamp":"2025-10-29 14:17:19"}
{"level":"info","message":"Database connection established successfully at skilio-customer","timestamp":"2025-10-29 14:17:19"}
{"level":"info","message":"socket.io server ready","timestamp":"2025-10-29 14:17:19"}
{"level":"error","message":"No authorization header provided","timestamp":"2025-10-29 14:19:24"}
{"level":"info","message":"Listening at port number 3000","timestamp":"2025-10-29 14:25:34"}
{"level":"info","message":"Database connection established successfully at skilio-customer","timestamp":"2025-10-29 14:25:34"}
{"level":"info","message":"socket.io server ready","timestamp":"2025-10-29 14:25:34"}
{"level":"info","message":"Listening at port number 3000","timestamp":"2025-10-29 14:26:49"}
{"level":"info","message":"Database connection established successfully at skilio-customer","timestamp":"2025-10-29 14:26:49"}
{"level":"info","message":"socket.io server ready","timestamp":"2025-10-29 14:26:49"}
{"level":"info","message":"Listening at port number 3000","timestamp":"2025-10-29 14:26:58"}
{"level":"info","message":"Database connection established successfully at skilio-customer","timestamp":"2025-10-29 14:26:58"}
{"level":"info","message":"socket.io server ready","timestamp":"2025-10-29 14:26:58"}
{"controller":"ChatController.getMesssages","input":{"before":"2025-10-29T08:10:00.000Z","params":{},"query":{"limit":"30"},"recipientId":"4a666546-0c40-4e68-bab1-9eda07b5b81a","senderId":"42a1415b-1ab0-4ff8-826f-d5d6c163dc34"},"layer":"controller","level":"info","message":"ChatController.getMesssages started","timestamp":"2025-10-29 14:27:12"}
{"layer":"proxy","level":"info","message":"ChatProxy.getMesssages started","method":"getMesssages","proxy":"ChatProxy","timestamp":"2025-10-29 14:27:12"}
{"layer":"service","level":"info","message":"ChatService.getMesssages started","method":"getMesssages","service":"ChatService","timestamp":"2025-10-29 14:27:12"}
{"layer":"service","level":"info","message":"ChatService.getMesssages completed successfully","method":"getMesssages","responseTime":"20.96ms","service":"ChatService","timestamp":"2025-10-29 14:27:12"}
{"layer":"proxy","level":"info","message":"ChatProxy.getMesssages completed successfully","method":"getMesssages","proxy":"ChatProxy","responseTime":"130.95ms","timestamp":"2025-10-29 14:27:12"}
{"controller":"ChatController.getMesssages","layer":"controller","level":"info","message":"ChatController.getMesssages completed successfully","responseTime":"144.93ms","status":200,"timestamp":"2025-10-29 14:27:12"}
{"level":"info","message":"Listening at port number 3000","timestamp":"2025-10-29 14:27:59"}
{"level":"info","message":"Database connection established successfully at skilio-customer","timestamp":"2025-10-29 14:27:59"}
{"level":"info","message":"socket.io server ready","timestamp":"2025-10-29 14:27:59"}
{"level":"info","message":"Listening at port number 3000","timestamp":"2025-10-29 14:28:23"}
{"level":"info","message":"Database connection established successfully at skilio-customer","timestamp":"2025-10-29 14:28:23"}
{"level":"info","message":"socket.io server ready","timestamp":"2025-10-29 14:28:23"}
{"level":"info","message":"Listening at port number 3000","timestamp":"2025-10-29 14:29:06"}
{"level":"info","message":"Database connection established successfully at skilio-customer","timestamp":"2025-10-29 14:29:06"}
{"level":"info","message":"socket.io server ready","timestamp":"2025-10-29 14:29:06"}
{"controller":"ChatController.getMesssages","input":{"before":"2025-10-29T08:10:00.000Z","params":{},"query":{"limit":"30"},"recipientId":"4a666546-0c40-4e68-bab1-9eda07b5b81a","senderId":"42a1415b-1ab0-4ff8-826f-d5d6c163dc34"},"layer":"controller","level":"info","message":"ChatController.getMesssages started","timestamp":"2025-10-29 14:29:14"}
{"layer":"proxy","level":"info","message":"ChatProxy.getMesssages started","method":"getMesssages","proxy":"ChatProxy","timestamp":"2025-10-29 14:29:14"}
{"layer":"service","level":"info","message":"ChatService.getMesssages started","method":"getMesssages","service":"ChatService","timestamp":"2025-10-29 14:29:14"}
{"layer":"service","level":"info","message":"ChatService.getMesssages completed successfully","method":"getMesssages","responseTime":"18.48ms","service":"ChatService","timestamp":"2025-10-29 14:29:14"}
{"layer":"proxy","level":"info","message":"ChatProxy.getMesssages completed successfully","method":"getMesssages","proxy":"ChatProxy","responseTime":"160.34ms","timestamp":"2025-10-29 14:29:14"}
{"controller":"ChatController.getMesssages","layer":"controller","level":"info","message":"ChatController.getMesssages completed successfully","responseTime":"173.94ms","status":200,"timestamp":"2025-10-29 14:29:14"}
{"level":"info","message":"Listening at port number 3000","timestamp":"2025-10-29 14:29:40"}
{"level":"info","message":"Database connection established successfully at skilio-customer","timestamp":"2025-10-29 14:29:40"}
{"level":"info","message":"socket.io server ready","timestamp":"2025-10-29 14:29:40"}
{"level":"info","message":"Listening at port number 3000","timestamp":"2025-10-29 14:30:48"}
{"level":"info","message":"Database connection established successfully at skilio-customer","timestamp":"2025-10-29 14:30:48"}
{"level":"info","message":"socket.io server ready","timestamp":"2025-10-29 14:30:48"}
{"controller":"ChatController.getMesssages","input":{"before":"2025-10-29T08:10:00.000Z","params":{},"query":{"limit":"30"},"recipientId":"4a666546-0c40-4e68-bab1-9eda07b5b81a","senderId":"42a1415b-1ab0-4ff8-826f-d5d6c163dc34"},"layer":"controller","level":"info","message":"ChatController.getMesssages started","timestamp":"2025-10-29 14:30:52"}
{"layer":"proxy","level":"info","message":"ChatProxy.getMesssages started","method":"getMesssages","proxy":"ChatProxy","timestamp":"2025-10-29 14:30:52"}
{"layer":"service","level":"info","message":"ChatService.getMesssages started","method":"getMesssages","service":"ChatService","timestamp":"2025-10-29 14:30:52"}
{"layer":"service","level":"info","message":"ChatService.getMesssages completed successfully","method":"getMesssages","responseTime":"29.31ms","service":"ChatService","timestamp":"2025-10-29 14:30:52"}
{"layer":"proxy","level":"info","message":"ChatProxy.getMesssages completed successfully","method":"getMesssages","proxy":"ChatProxy","responseTime":"184.50ms","timestamp":"2025-10-29 14:30:52"}
{"controller":"ChatController.getMesssages","layer":"controller","level":"info","message":"ChatController.getMesssages completed successfully","responseTime":"207.26ms","status":200,"timestamp":"2025-10-29 14:30:52"}
{"level":"info","message":"Listening at port number 3000","timestamp":"2025-10-29 14:31:28"}
{"level":"info","message":"Database connection established successfully at skilio-customer","timestamp":"2025-10-29 14:31:28"}
{"level":"info","message":"socket.io server ready","timestamp":"2025-10-29 14:31:28"}
{"controller":"ChatController.getMesssages","input":{"before":"2025-10-29T08:10:00.000Z","params":{},"query":{"limit":"30"},"recipientId":"4a666546-0c40-4e68-bab1-9eda07b5b81a","senderId":"42a1415b-1ab0-4ff8-826f-d5d6c163dc34"},"layer":"controller","level":"info","message":"ChatController.getMesssages started","timestamp":"2025-10-29 14:31:30"}
{"layer":"proxy","level":"info","message":"ChatProxy.getMesssages started","method":"getMesssages","proxy":"ChatProxy","timestamp":"2025-10-29 14:31:30"}
{"layer":"service","level":"info","message":"ChatService.getMesssages started","method":"getMesssages","service":"ChatService","timestamp":"2025-10-29 14:31:30"}
{"layer":"service","level":"info","message":"ChatService.getMesssages completed successfully","method":"getMesssages","responseTime":"18.59ms","service":"ChatService","timestamp":"2025-10-29 14:31:30"}
{"layer":"proxy","level":"info","message":"ChatProxy.getMesssages completed successfully","method":"getMesssages","proxy":"ChatProxy","responseTime":"123.77ms","timestamp":"2025-10-29 14:31:30"}
{"controller":"ChatController.getMesssages","layer":"controller","level":"info","message":"ChatController.getMesssages completed successfully","responseTime":"146.30ms","status":200,"timestamp":"2025-10-29 14:31:30"}
{"level":"info","message":"Listening at port number 3000","timestamp":"2025-10-29 14:34:36"}
{"level":"info","message":"Database connection established successfully at skilio-customer","timestamp":"2025-10-29 14:34:36"}
{"level":"info","message":"socket.io server ready","timestamp":"2025-10-29 14:34:36"}
{"controller":"ChatController.getMesssages","input":{"before":"2025-10-29T08:10:00.000Z","params":{},"query":{"limit":"30"},"recipientId":"4a666546-0c40-4e68-bab1-9eda07b5b81a","senderId":"42a1415b-1ab0-4ff8-826f-d5d6c163dc34"},"layer":"controller","level":"info","message":"ChatController.getMesssages started","timestamp":"2025-10-29 14:34:40"}
{"layer":"proxy","level":"info","message":"ChatProxy.getMesssages started","method":"getMesssages","proxy":"ChatProxy","timestamp":"2025-10-29 14:34:40"}
{"layer":"service","level":"info","message":"ChatService.getMesssages started","method":"getMesssages","service":"ChatService","timestamp":"2025-10-29 14:34:40"}
{"layer":"service","level":"info","message":"ChatService.getMesssages completed successfully","method":"getMesssages","responseTime":"16.93ms","service":"ChatService","timestamp":"2025-10-29 14:34:40"}
{"layer":"proxy","level":"info","message":"ChatProxy.getMesssages completed successfully","method":"getMesssages","proxy":"ChatProxy","responseTime":"157.02ms","timestamp":"2025-10-29 14:34:40"}
{"controller":"ChatController.getMesssages","layer":"controller","level":"info","message":"ChatController.getMesssages completed successfully","responseTime":"175.95ms","status":200,"timestamp":"2025-10-29 14:34:40"}
{"level":"info","message":"Listening at port number 3000","timestamp":"2025-10-29 14:35:16"}
{"level":"info","message":"Database connection established successfully at skilio-customer","timestamp":"2025-10-29 14:35:16"}
{"level":"info","message":"socket.io server ready","timestamp":"2025-10-29 14:35:16"}
{"level":"info","message":"Listening at port number 3000","timestamp":"2025-10-29 14:35:47"}
{"level":"info","message":"Database connection established successfully at skilio-customer","timestamp":"2025-10-29 14:35:47"}
{"level":"info","message":"socket.io server ready","timestamp":"2025-10-29 14:35:47"}
{"controller":"ChatController.getMesssages","input":{"before":"2025-10-29 14:13:16.544","params":{},"query":{"limit":"30"},"recipientId":"4a666546-0c40-4e68-bab1-9eda07b5b81a","senderId":"42a1415b-1ab0-4ff8-826f-d5d6c163dc34"},"layer":"controller","level":"info","message":"ChatController.getMesssages started","timestamp":"2025-10-29 14:36:33"}
{"layer":"proxy","level":"info","message":"ChatProxy.getMesssages started","method":"getMesssages","proxy":"ChatProxy","timestamp":"2025-10-29 14:36:33"}
{"layer":"service","level":"info","message":"ChatService.getMesssages started","method":"getMesssages","service":"ChatService","timestamp":"2025-10-29 14:36:33"}
{"layer":"service","level":"info","message":"ChatService.getMesssages completed successfully","method":"getMesssages","responseTime":"15.63ms","service":"ChatService","timestamp":"2025-10-29 14:36:33"}
{"layer":"proxy","level":"info","message":"ChatProxy.getMesssages completed successfully","method":"getMesssages","proxy":"ChatProxy","responseTime":"134.06ms","timestamp":"2025-10-29 14:36:33"}
{"controller":"ChatController.getMesssages","layer":"controller","level":"info","message":"ChatController.getMesssages completed successfully","responseTime":"171.03ms","status":200,"timestamp":"2025-10-29 14:36:33"}
{"controller":"RegistrationController.loginUser","input":{"credential":"doe8","params":{},"query":{}},"layer":"controller","level":"info","message":"RegistrationController.loginUser started","timestamp":"2025-10-29 14:38:30"}
{"layer":"proxy","level":"info","message":"RegistrationProxy.loginUser started","method":"loginUser","proxy":"RegistrationProxy","timestamp":"2025-10-29 14:38:30"}
{"layer":"service","level":"info","message":"RegistrationService.loginUser started","method":"loginUser","service":"RegistrationService","timestamp":"2025-10-29 14:38:31"}
{"layer":"service","level":"info","message":"RegistrationService.loginUser completed successfully","method":"loginUser","responseTime":"314.32ms","service":"RegistrationService","timestamp":"2025-10-29 14:38:31"}
{"layer":"proxy","level":"info","message":"RegistrationProxy.loginUser completed successfully","method":"loginUser","proxy":"RegistrationProxy","responseTime":"622.03ms","timestamp":"2025-10-29 14:38:31"}
{"controller":"RegistrationController.loginUser","layer":"controller","level":"info","message":"RegistrationController.loginUser completed successfully","responseTime":"632.47ms","status":200,"timestamp":"2025-10-29 14:38:31"}
{"controller":"ChatController.getMesssages","input":{"before":"2025-10-29 14:38:00.000","params":{},"query":{"limit":"30"},"recipientId":"4a666546-0c40-4e68-bab1-9eda07b5b81a","senderId":"42a1415b-1ab0-4ff8-826f-d5d6c163dc34"},"layer":"controller","level":"info","message":"ChatController.getMesssages started","timestamp":"2025-10-29 14:38:52"}
{"layer":"proxy","level":"info","message":"ChatProxy.getMesssages started","method":"getMesssages","proxy":"ChatProxy","timestamp":"2025-10-29 14:38:52"}
{"layer":"service","level":"info","message":"ChatService.getMesssages started","method":"getMesssages","service":"ChatService","timestamp":"2025-10-29 14:38:52"}
{"layer":"service","level":"info","message":"ChatService.getMesssages completed successfully","method":"getMesssages","responseTime":"8.14ms","service":"ChatService","timestamp":"2025-10-29 14:38:52"}
{"layer":"proxy","level":"info","message":"ChatProxy.getMesssages completed successfully","method":"getMesssages","proxy":"ChatProxy","responseTime":"80.02ms","timestamp":"2025-10-29 14:38:52"}
{"controller":"ChatController.getMesssages","layer":"controller","level":"info","message":"ChatController.getMesssages completed successfully","responseTime":"83.54ms","status":200,"timestamp":"2025-10-29 14:38:52"}
{"controller":"ChatController.createMessage","input":{"content":"{\"text\": \"Hey there! Here's the document you asked for.\"\n  }","params":{},"query":{},"recipientId":"4a666546-0c40-4e68-bab1-9eda07b5b81a","senderId":"42a1415b-1ab0-4ff8-826f-d5d6c163dc34"},"layer":"controller","level":"info","message":"ChatController.createMessage started","timestamp":"2025-10-29 14:39:15"}
{"layer":"proxy","level":"info","message":"ChatProxy.createMessage started","method":"createMessage","proxy":"ChatProxy","timestamp":"2025-10-29 14:39:15"}
{"layer":"service","level":"info","message":"ChatService.createMessage started","method":"createMessage","service":"ChatService","timestamp":"2025-10-29 14:39:16"}
{"level":"info","message":"Message sent to recipientId: 4a666546-0c40-4e68-bab1-9eda07b5b81a, socketId: undefined","timestamp":"2025-10-29 14:39:16"}
{"codePrefix":"messaging","errorInfo":{"code":"messaging/invalid-payload","message":"Exactly one of topic, token or condition is required"},"level":"error","message":"Error sending push notification Exactly one of topic, token or condition is required","stack":"Error: Exactly one of topic, token or condition is required\n    at validateMessage (C:\\Users\\Roshan Chaudhary\\Desktop\\skilio-customerMs\\node_modules\\firebase-admin\\lib\\messaging\\messaging-internal.js:54:15)\n    at Messaging.send (C:\\Users\\Roshan Chaudhary\\Desktop\\skilio-customerMs\\node_modules\\firebase-admin\\lib\\messaging\\messaging.js:122:50)\n    at sendSinglePushNotification (C:\\Users\\Roshan Chaudhary\\Desktop\\skilio-customerMs\\src\\app\\utils\\pushNotification.ts:19:19)\n    at processTicksAndRejections (node:internal/process/task_queues:105:5)","timestamp":"2025-10-29 14:39:16"}
{"layer":"service","level":"info","message":"ChatService.createMessage completed successfully","method":"createMessage","responseTime":"241.54ms","service":"ChatService","timestamp":"2025-10-29 14:39:16"}
{"layer":"proxy","level":"info","message":"ChatProxy.createMessage completed successfully","method":"createMessage","proxy":"ChatProxy","responseTime":"297.65ms","timestamp":"2025-10-29 14:39:16"}
{"controller":"ChatController.createMessage","layer":"controller","level":"info","message":"ChatController.createMessage completed successfully","responseTime":"300.62ms","status":200,"timestamp":"2025-10-29 14:39:16"}
{"controller":"ChatController.getMesssages","input":{"before":"2025-10-29 14:38:00.000","params":{},"query":{"limit":"30"},"recipientId":"4a666546-0c40-4e68-bab1-9eda07b5b81a","senderId":"42a1415b-1ab0-4ff8-826f-d5d6c163dc34"},"layer":"controller","level":"info","message":"ChatController.getMesssages started","timestamp":"2025-10-29 14:39:19"}
{"layer":"proxy","level":"info","message":"ChatProxy.getMesssages started","method":"getMesssages","proxy":"ChatProxy","timestamp":"2025-10-29 14:39:19"}
{"layer":"service","level":"info","message":"ChatService.getMesssages started","method":"getMesssages","service":"ChatService","timestamp":"2025-10-29 14:39:19"}
{"layer":"service","level":"info","message":"ChatService.getMesssages completed successfully","method":"getMesssages","responseTime":"7.22ms","service":"ChatService","timestamp":"2025-10-29 14:39:19"}
{"layer":"proxy","level":"info","message":"ChatProxy.getMesssages completed successfully","method":"getMesssages","proxy":"ChatProxy","responseTime":"56.95ms","timestamp":"2025-10-29 14:39:19"}
{"controller":"ChatController.getMesssages","layer":"controller","level":"info","message":"ChatController.getMesssages completed successfully","responseTime":"60.23ms","status":200,"timestamp":"2025-10-29 14:39:19"}
{"level":"info","message":"Listening at port number 3000","timestamp":"2025-10-29 14:41:46"}
{"level":"info","message":"Database connection established successfully at skilio-customer","timestamp":"2025-10-29 14:41:46"}
{"level":"info","message":"socket.io server ready","timestamp":"2025-10-29 14:41:46"}
{"level":"info","message":"Listening at port number 3000","timestamp":"2025-10-29 14:42:09"}
{"level":"info","message":"Database connection established successfully at skilio-customer","timestamp":"2025-10-29 14:42:09"}
{"level":"info","message":"socket.io server ready","timestamp":"2025-10-29 14:42:09"}
{"level":"info","message":"Listening at port number 3000","timestamp":"2025-10-29 14:44:23"}
{"level":"info","message":"Database connection established successfully at skilio-customer","timestamp":"2025-10-29 14:44:23"}
{"level":"info","message":"socket.io server ready","timestamp":"2025-10-29 14:44:23"}
{"level":"info","message":"Listening at port number 3000","timestamp":"2025-10-29 14:44:52"}
{"level":"info","message":"Database connection established successfully at skilio-customer","timestamp":"2025-10-29 14:44:52"}
{"level":"info","message":"socket.io server ready","timestamp":"2025-10-29 14:44:52"}
{"level":"info","message":"Listening at port number 3000","timestamp":"2025-10-29 14:45:18"}
{"level":"info","message":"Database connection established successfully at skilio-customer","timestamp":"2025-10-29 14:45:18"}
{"level":"info","message":"socket.io server ready","timestamp":"2025-10-29 14:45:18"}
{"controller":"ChatController.getMesssages","input":{"before":"2025-10-29 14:38:00.000","params":{},"query":{"limit":"30"},"recipientId":"4a666546-0c40-4e68-bab1-9eda07b5b81a"},"layer":"controller","level":"info","message":"ChatController.getMesssages started","timestamp":"2025-10-29 14:45:21"}
{"layer":"proxy","level":"info","message":"ChatProxy.getMesssages started","method":"getMesssages","proxy":"ChatProxy","timestamp":"2025-10-29 14:45:21"}
{"layer":"service","level":"info","message":"ChatService.getMesssages started","method":"getMesssages","service":"ChatService","timestamp":"2025-10-29 14:45:21"}
{"layer":"service","level":"info","message":"ChatService.getMesssages completed successfully","method":"getMesssages","responseTime":"17.33ms","service":"ChatService","timestamp":"2025-10-29 14:45:21"}
{"layer":"proxy","level":"info","message":"ChatProxy.getMesssages completed successfully","method":"getMesssages","proxy":"ChatProxy","responseTime":"106.08ms","timestamp":"2025-10-29 14:45:21"}
{"controller":"ChatController.getMesssages","layer":"controller","level":"info","message":"ChatController.getMesssages completed successfully","responseTime":"114.87ms","status":200,"timestamp":"2025-10-29 14:45:21"}
{"controller":"ChatController.createMessage","input":{"content":"{\"text\": \"Hey there! Here's the document you asked for.\"\n  }","params":{},"query":{},"recipientId":"4a666546-0c40-4e68-bab1-9eda07b5b81a"},"layer":"controller","level":"info","message":"ChatController.createMessage started","timestamp":"2025-10-29 14:45:29"}
{"layer":"proxy","level":"info","message":"ChatProxy.createMessage started","method":"createMessage","proxy":"ChatProxy","timestamp":"2025-10-29 14:45:29"}
{"layer":"service","level":"info","message":"ChatService.createMessage started","method":"createMessage","service":"ChatService","timestamp":"2025-10-29 14:45:29"}
{"level":"info","message":"Message sent to recipientId: 4a666546-0c40-4e68-bab1-9eda07b5b81a, socketId: undefined","timestamp":"2025-10-29 14:45:29"}
{"codePrefix":"messaging","errorInfo":{"code":"messaging/invalid-payload","message":"Exactly one of topic, token or condition is required"},"level":"error","message":"Error sending push notification Exactly one of topic, token or condition is required","stack":"Error: Exactly one of topic, token or condition is required\n    at validateMessage (C:\\Users\\Roshan Chaudhary\\Desktop\\skilio-customerMs\\node_modules\\firebase-admin\\lib\\messaging\\messaging-internal.js:54:15)\n    at Messaging.send (C:\\Users\\Roshan Chaudhary\\Desktop\\skilio-customerMs\\node_modules\\firebase-admin\\lib\\messaging\\messaging.js:122:50)\n    at sendSinglePushNotification (C:\\Users\\Roshan Chaudhary\\Desktop\\skilio-customerMs\\src\\app\\utils\\pushNotification.ts:19:19)\n    at processTicksAndRejections (node:internal/process/task_queues:105:5)","timestamp":"2025-10-29 14:45:29"}
{"error":"null value in column \"senderId\" of relation \"message\" violates not-null constraint","layer":"service","level":"error","message":"ChatService.createMessage failed","method":"createMessage","responseTime":"232.02ms","service":"ChatService","stack":"QueryFailedError: null value in column \"senderId\" of relation \"message\" violates not-null constraint\n    at PostgresQueryRunner.query (C:\\Users\\Roshan Chaudhary\\Desktop\\skilio-customerMs\\src\\driver\\postgres\\PostgresQueryRunner.ts:325:19)\n    at processTicksAndRejections (node:internal/process/task_queues:105:5)\n    at InsertQueryBuilder.execute (C:\\Users\\Roshan Chaudhary\\Desktop\\skilio-customerMs\\src\\query-builder\\InsertQueryBuilder.ts:164:33)\n    at SubjectExecutor.executeInsertOperations (C:\\Users\\Roshan Chaudhary\\Desktop\\skilio-customerMs\\src\\persistence\\SubjectExecutor.ts:435:42)\n    at SubjectExecutor.execute (C:\\Users\\Roshan Chaudhary\\Desktop\\skilio-customerMs\\src\\persistence\\SubjectExecutor.ts:137:9)\n    at EntityPersistExecutor.execute (C:\\Users\\Roshan Chaudhary\\Desktop\\skilio-customerMs\\src\\persistence\\EntityPersistExecutor.ts:182:21)\n    at ChatRepostory.createMessage (C:\\Users\\Roshan Chaudhary\\Desktop\\skilio-customerMs\\src\\app\\repository\\chatRepository.ts:15:16)\n    at C:\\Users\\Roshan Chaudhary\\Desktop\\skilio-customerMs\\src\\app\\modules\\chat\\chat.services.ts:53:31\n    at ChatService.createMessage (C:\\Users\\Roshan Chaudhary\\Desktop\\skilio-customerMs\\src\\app\\utils\\serviceLogging.ts:14:22)\n    at C:\\Users\\Roshan Chaudhary\\Desktop\\skilio-customerMs\\src\\app\\modules\\chat\\chat.proxy.ts:32:20","timestamp":"2025-10-29 14:45:29"}
{"error":"null value in column \"senderId\" of relation \"message\" violates not-null constraint","layer":"proxy","level":"error","message":"ChatProxy.createMessage failed","method":"createMessage","proxy":"ChatProxy","responseTime":"360.65ms","stack":"QueryFailedError: null value in column \"senderId\" of relation \"message\" violates not-null constraint\n    at PostgresQueryRunner.query (C:\\Users\\Roshan Chaudhary\\Desktop\\skilio-customerMs\\src\\driver\\postgres\\PostgresQueryRunner.ts:325:19)\n    at processTicksAndRejections (node:internal/process/task_queues:105:5)\n    at InsertQueryBuilder.execute (C:\\Users\\Roshan Chaudhary\\Desktop\\skilio-customerMs\\src\\query-builder\\InsertQueryBuilder.ts:164:33)\n    at SubjectExecutor.executeInsertOperations (C:\\Users\\Roshan Chaudhary\\Desktop\\skilio-customerMs\\src\\persistence\\SubjectExecutor.ts:435:42)\n    at SubjectExecutor.execute (C:\\Users\\Roshan Chaudhary\\Desktop\\skilio-customerMs\\src\\persistence\\SubjectExecutor.ts:137:9)\n    at EntityPersistExecutor.execute (C:\\Users\\Roshan Chaudhary\\Desktop\\skilio-customerMs\\src\\persistence\\EntityPersistExecutor.ts:182:21)\n    at ChatRepostory.createMessage (C:\\Users\\Roshan Chaudhary\\Desktop\\skilio-customerMs\\src\\app\\repository\\chatRepository.ts:15:16)\n    at C:\\Users\\Roshan Chaudhary\\Desktop\\skilio-customerMs\\src\\app\\modules\\chat\\chat.services.ts:53:31\n    at ChatService.createMessage (C:\\Users\\Roshan Chaudhary\\Desktop\\skilio-customerMs\\src\\app\\utils\\serviceLogging.ts:14:22)\n    at C:\\Users\\Roshan Chaudhary\\Desktop\\skilio-customerMs\\src\\app\\modules\\chat\\chat.proxy.ts:32:20","timestamp":"2025-10-29 14:45:29"}
{"controller":"ChatController.createMessage","layer":"controller","level":"info","message":"ChatController.createMessage completed successfully","responseTime":"453.36ms","status":200,"timestamp":"2025-10-29 14:45:29"}
{"level":"info","message":"Listening at port number 3000","timestamp":"2025-10-29 14:48:35"}
{"level":"info","message":"Database connection established successfully at skilio-customer","timestamp":"2025-10-29 14:48:35"}
{"level":"info","message":"socket.io server ready","timestamp":"2025-10-29 14:48:35"}
{"level":"info","message":"Listening at port number 3000","timestamp":"2025-10-29 14:49:15"}
{"level":"info","message":"Database connection established successfully at skilio-customer","timestamp":"2025-10-29 14:49:15"}
{"level":"info","message":"socket.io server ready","timestamp":"2025-10-29 14:49:15"}
{"controller":"ChatController.getMesssages","input":{"before":"2025-10-29 14:38:00.000","params":{},"query":{"limit":"30"},"recipientId":"4a666546-0c40-4e68-bab1-9eda07b5b81a"},"layer":"controller","level":"info","message":"ChatController.getMesssages started","timestamp":"2025-10-29 14:49:21"}
{"layer":"proxy","level":"info","message":"ChatProxy.getMesssages started","method":"getMesssages","proxy":"ChatProxy","timestamp":"2025-10-29 14:49:21"}
{"layer":"service","level":"info","message":"ChatService.getMesssages started","method":"getMesssages","service":"ChatService","timestamp":"2025-10-29 14:49:22"}
{"error":"Cannot read properties of undefined (reading 'profileId')","layer":"service","level":"error","message":"ChatService.getMesssages failed","method":"getMesssages","responseTime":"5.39ms","service":"ChatService","stack":"TypeError: Cannot read properties of undefined (reading 'profileId')\n    at C:\\Users\\Roshan Chaudhary\\Desktop\\skilio-customerMs\\src\\app\\modules\\chat\\chat.services.ts:76:38\n    at ChatService.getMesssages (C:\\Users\\Roshan Chaudhary\\Desktop\\skilio-customerMs\\src\\app\\utils\\serviceLogging.ts:14:28)\n    at C:\\Users\\Roshan Chaudhary\\Desktop\\skilio-customerMs\\src\\app\\modules\\chat\\chat.proxy.ts:46:39\n    at processTicksAndRejections (node:internal/process/task_queues:105:5)\n    at ChatProxy.getMesssages (C:\\Users\\Roshan Chaudhary\\Desktop\\skilio-customerMs\\src\\app\\utils\\proxyLogging.ts:15:22)\n    at C:\\Users\\Roshan Chaudhary\\Desktop\\skilio-customerMs\\src\\app\\modules\\chat\\chat.controller.ts:34:23\n    at C:\\Users\\Roshan Chaudhary\\Desktop\\skilio-customerMs\\src\\app\\utils\\catchAsyncError.ts:8:7\n    at C:\\Users\\Roshan Chaudhary\\Desktop\\skilio-customerMs\\src\\app\\utils\\controllerLogging.ts:20:7","timestamp":"2025-10-29 14:49:22"}
{"error":"Cannot read properties of undefined (reading 'profileId')","layer":"proxy","level":"error","message":"ChatProxy.getMesssages failed","method":"getMesssages","proxy":"ChatProxy","responseTime":"166.09ms","stack":"TypeError: Cannot read properties of undefined (reading 'profileId')\n    at C:\\Users\\Roshan Chaudhary\\Desktop\\skilio-customerMs\\src\\app\\modules\\chat\\chat.services.ts:76:38\n    at ChatService.getMesssages (C:\\Users\\Roshan Chaudhary\\Desktop\\skilio-customerMs\\src\\app\\utils\\serviceLogging.ts:14:28)\n    at C:\\Users\\Roshan Chaudhary\\Desktop\\skilio-customerMs\\src\\app\\modules\\chat\\chat.proxy.ts:46:39\n    at processTicksAndRejections (node:internal/process/task_queues:105:5)\n    at ChatProxy.getMesssages (C:\\Users\\Roshan Chaudhary\\Desktop\\skilio-customerMs\\src\\app\\utils\\proxyLogging.ts:15:22)\n    at C:\\Users\\Roshan Chaudhary\\Desktop\\skilio-customerMs\\src\\app\\modules\\chat\\chat.controller.ts:34:23\n    at C:\\Users\\Roshan Chaudhary\\Desktop\\skilio-customerMs\\src\\app\\utils\\catchAsyncError.ts:8:7\n    at C:\\Users\\Roshan Chaudhary\\Desktop\\skilio-customerMs\\src\\app\\utils\\controllerLogging.ts:20:7","timestamp":"2025-10-29 14:49:22"}
{"controller":"ChatController.getMesssages","layer":"controller","level":"info","message":"ChatController.getMesssages completed successfully","responseTime":"182.04ms","status":200,"timestamp":"2025-10-29 14:49:22"}
{"level":"info","message":"Listening at port number 3000","timestamp":"2025-10-29 14:50:05"}
{"level":"info","message":"Database connection established successfully at skilio-customer","timestamp":"2025-10-29 14:50:05"}
{"level":"info","message":"socket.io server ready","timestamp":"2025-10-29 14:50:05"}
{"controller":"ChatController.getMesssages","input":{"before":"2025-10-29 14:38:00.000","params":{},"query":{"limit":"30"},"recipientId":"4a666546-0c40-4e68-bab1-9eda07b5b81a"},"layer":"controller","level":"info","message":"ChatController.getMesssages started","timestamp":"2025-10-29 14:50:08"}
{"layer":"proxy","level":"info","message":"ChatProxy.getMesssages started","method":"getMesssages","proxy":"ChatProxy","timestamp":"2025-10-29 14:50:08"}
{"layer":"service","level":"info","message":"ChatService.getMesssages started","method":"getMesssages","service":"ChatService","timestamp":"2025-10-29 14:50:08"}
{"error":"Cannot read properties of undefined (reading 'profileId')","layer":"service","level":"error","message":"ChatService.getMesssages failed","method":"getMesssages","responseTime":"3.74ms","service":"ChatService","stack":"TypeError: Cannot read properties of undefined (reading 'profileId')\n    at C:\\Users\\Roshan Chaudhary\\Desktop\\skilio-customerMs\\src\\app\\modules\\chat\\chat.services.ts:78:38\n    at ChatService.getMesssages (C:\\Users\\Roshan Chaudhary\\Desktop\\skilio-customerMs\\src\\app\\utils\\serviceLogging.ts:14:28)\n    at C:\\Users\\Roshan Chaudhary\\Desktop\\skilio-customerMs\\src\\app\\modules\\chat\\chat.proxy.ts:46:39\n    at processTicksAndRejections (node:internal/process/task_queues:105:5)\n    at ChatProxy.getMesssages (C:\\Users\\Roshan Chaudhary\\Desktop\\skilio-customerMs\\src\\app\\utils\\proxyLogging.ts:15:22)\n    at C:\\Users\\Roshan Chaudhary\\Desktop\\skilio-customerMs\\src\\app\\modules\\chat\\chat.controller.ts:34:23\n    at C:\\Users\\Roshan Chaudhary\\Desktop\\skilio-customerMs\\src\\app\\utils\\catchAsyncError.ts:8:7\n    at C:\\Users\\Roshan Chaudhary\\Desktop\\skilio-customerMs\\src\\app\\utils\\controllerLogging.ts:20:7","timestamp":"2025-10-29 14:50:08"}
{"error":"Cannot read properties of undefined (reading 'profileId')","layer":"proxy","level":"error","message":"ChatProxy.getMesssages failed","method":"getMesssages","proxy":"ChatProxy","responseTime":"144.12ms","stack":"TypeError: Cannot read properties of undefined (reading 'profileId')\n    at C:\\Users\\Roshan Chaudhary\\Desktop\\skilio-customerMs\\src\\app\\modules\\chat\\chat.services.ts:78:38\n    at ChatService.getMesssages (C:\\Users\\Roshan Chaudhary\\Desktop\\skilio-customerMs\\src\\app\\utils\\serviceLogging.ts:14:28)\n    at C:\\Users\\Roshan Chaudhary\\Desktop\\skilio-customerMs\\src\\app\\modules\\chat\\chat.proxy.ts:46:39\n    at processTicksAndRejections (node:internal/process/task_queues:105:5)\n    at ChatProxy.getMesssages (C:\\Users\\Roshan Chaudhary\\Desktop\\skilio-customerMs\\src\\app\\utils\\proxyLogging.ts:15:22)\n    at C:\\Users\\Roshan Chaudhary\\Desktop\\skilio-customerMs\\src\\app\\modules\\chat\\chat.controller.ts:34:23\n    at C:\\Users\\Roshan Chaudhary\\Desktop\\skilio-customerMs\\src\\app\\utils\\catchAsyncError.ts:8:7\n    at C:\\Users\\Roshan Chaudhary\\Desktop\\skilio-customerMs\\src\\app\\utils\\controllerLogging.ts:20:7","timestamp":"2025-10-29 14:50:08"}
{"controller":"ChatController.getMesssages","layer":"controller","level":"info","message":"ChatController.getMesssages completed successfully","responseTime":"186.11ms","status":200,"timestamp":"2025-10-29 14:50:08"}
{"level":"info","message":"Listening at port number 3000","timestamp":"2025-10-29 14:50:33"}
{"level":"info","message":"Database connection established successfully at skilio-customer","timestamp":"2025-10-29 14:50:33"}
{"level":"info","message":"socket.io server ready","timestamp":"2025-10-29 14:50:33"}
{"controller":"ChatController.getMesssages","input":{"before":"2025-10-29 14:38:00.000","params":{},"query":{"limit":"30"},"recipientId":"4a666546-0c40-4e68-bab1-9eda07b5b81a"},"layer":"controller","level":"info","message":"ChatController.getMesssages started","timestamp":"2025-10-29 14:50:38"}
{"layer":"proxy","level":"info","message":"ChatProxy.getMesssages started","method":"getMesssages","proxy":"ChatProxy","timestamp":"2025-10-29 14:50:38"}
{"layer":"service","level":"info","message":"ChatService.getMesssages started","method":"getMesssages","service":"ChatService","timestamp":"2025-10-29 14:50:38"}
{"error":"Cannot read properties of undefined (reading 'profileId')","layer":"service","level":"error","message":"ChatService.getMesssages failed","method":"getMesssages","responseTime":"4.95ms","service":"ChatService","stack":"TypeError: Cannot read properties of undefined (reading 'profileId')\n    at C:\\Users\\Roshan Chaudhary\\Desktop\\skilio-customerMs\\src\\app\\modules\\chat\\chat.services.ts:78:38\n    at ChatService.getMesssages (C:\\Users\\Roshan Chaudhary\\Desktop\\skilio-customerMs\\src\\app\\utils\\serviceLogging.ts:14:28)\n    at C:\\Users\\Roshan Chaudhary\\Desktop\\skilio-customerMs\\src\\app\\modules\\chat\\chat.proxy.ts:46:39\n    at processTicksAndRejections (node:internal/process/task_queues:105:5)\n    at ChatProxy.getMesssages (C:\\Users\\Roshan Chaudhary\\Desktop\\skilio-customerMs\\src\\app\\utils\\proxyLogging.ts:15:22)\n    at C:\\Users\\Roshan Chaudhary\\Desktop\\skilio-customerMs\\src\\app\\modules\\chat\\chat.controller.ts:34:23\n    at C:\\Users\\Roshan Chaudhary\\Desktop\\skilio-customerMs\\src\\app\\utils\\catchAsyncError.ts:8:7\n    at C:\\Users\\Roshan Chaudhary\\Desktop\\skilio-customerMs\\src\\app\\utils\\controllerLogging.ts:20:7","timestamp":"2025-10-29 14:50:38"}
{"error":"Cannot read properties of undefined (reading 'profileId')","layer":"proxy","level":"error","message":"ChatProxy.getMesssages failed","method":"getMesssages","proxy":"ChatProxy","responseTime":"158.35ms","stack":"TypeError: Cannot read properties of undefined (reading 'profileId')\n    at C:\\Users\\Roshan Chaudhary\\Desktop\\skilio-customerMs\\src\\app\\modules\\chat\\chat.services.ts:78:38\n    at ChatService.getMesssages (C:\\Users\\Roshan Chaudhary\\Desktop\\skilio-customerMs\\src\\app\\utils\\serviceLogging.ts:14:28)\n    at C:\\Users\\Roshan Chaudhary\\Desktop\\skilio-customerMs\\src\\app\\modules\\chat\\chat.proxy.ts:46:39\n    at processTicksAndRejections (node:internal/process/task_queues:105:5)\n    at ChatProxy.getMesssages (C:\\Users\\Roshan Chaudhary\\Desktop\\skilio-customerMs\\src\\app\\utils\\proxyLogging.ts:15:22)\n    at C:\\Users\\Roshan Chaudhary\\Desktop\\skilio-customerMs\\src\\app\\modules\\chat\\chat.controller.ts:34:23\n    at C:\\Users\\Roshan Chaudhary\\Desktop\\skilio-customerMs\\src\\app\\utils\\catchAsyncError.ts:8:7\n    at C:\\Users\\Roshan Chaudhary\\Desktop\\skilio-customerMs\\src\\app\\utils\\controllerLogging.ts:20:7","timestamp":"2025-10-29 14:50:38"}
{"controller":"ChatController.getMesssages","layer":"controller","level":"info","message":"ChatController.getMesssages completed successfully","responseTime":"170.13ms","status":200,"timestamp":"2025-10-29 14:50:38"}
{"controller":"ChatController.getMesssages","input":{"before":"2025-10-29 14:38:00.000","params":{},"query":{"limit":"30"},"recipientId":"4a666546-0c40-4e68-bab1-9eda07b5b81a"},"layer":"controller","level":"info","message":"ChatController.getMesssages started","timestamp":"2025-10-29 14:53:17"}
{"layer":"proxy","level":"info","message":"ChatProxy.getMesssages started","method":"getMesssages","proxy":"ChatProxy","timestamp":"2025-10-29 14:53:17"}
{"layer":"service","level":"info","message":"ChatService.getMesssages started","method":"getMesssages","service":"ChatService","timestamp":"2025-10-29 14:53:17"}
{"error":"Cannot read properties of undefined (reading 'profileId')","layer":"service","level":"error","message":"ChatService.getMesssages failed","method":"getMesssages","responseTime":"1.51ms","service":"ChatService","stack":"TypeError: Cannot read properties of undefined (reading 'profileId')\n    at C:\\Users\\Roshan Chaudhary\\Desktop\\skilio-customerMs\\src\\app\\modules\\chat\\chat.services.ts:78:38\n    at ChatService.getMesssages (C:\\Users\\Roshan Chaudhary\\Desktop\\skilio-customerMs\\src\\app\\utils\\serviceLogging.ts:14:28)\n    at C:\\Users\\Roshan Chaudhary\\Desktop\\skilio-customerMs\\src\\app\\modules\\chat\\chat.proxy.ts:46:39\n    at processTicksAndRejections (node:internal/process/task_queues:105:5)\n    at ChatProxy.getMesssages (C:\\Users\\Roshan Chaudhary\\Desktop\\skilio-customerMs\\src\\app\\utils\\proxyLogging.ts:15:22)\n    at C:\\Users\\Roshan Chaudhary\\Desktop\\skilio-customerMs\\src\\app\\modules\\chat\\chat.controller.ts:34:23\n    at C:\\Users\\Roshan Chaudhary\\Desktop\\skilio-customerMs\\src\\app\\utils\\catchAsyncError.ts:8:7\n    at C:\\Users\\Roshan Chaudhary\\Desktop\\skilio-customerMs\\src\\app\\utils\\controllerLogging.ts:20:7","timestamp":"2025-10-29 14:53:17"}
{"error":"Cannot read properties of undefined (reading 'profileId')","layer":"proxy","level":"error","message":"ChatProxy.getMesssages failed","method":"getMesssages","proxy":"ChatProxy","responseTime":"50.72ms","stack":"TypeError: Cannot read properties of undefined (reading 'profileId')\n    at C:\\Users\\Roshan Chaudhary\\Desktop\\skilio-customerMs\\src\\app\\modules\\chat\\chat.services.ts:78:38\n    at ChatService.getMesssages (C:\\Users\\Roshan Chaudhary\\Desktop\\skilio-customerMs\\src\\app\\utils\\serviceLogging.ts:14:28)\n    at C:\\Users\\Roshan Chaudhary\\Desktop\\skilio-customerMs\\src\\app\\modules\\chat\\chat.proxy.ts:46:39\n    at processTicksAndRejections (node:internal/process/task_queues:105:5)\n    at ChatProxy.getMesssages (C:\\Users\\Roshan Chaudhary\\Desktop\\skilio-customerMs\\src\\app\\utils\\proxyLogging.ts:15:22)\n    at C:\\Users\\Roshan Chaudhary\\Desktop\\skilio-customerMs\\src\\app\\modules\\chat\\chat.controller.ts:34:23\n    at C:\\Users\\Roshan Chaudhary\\Desktop\\skilio-customerMs\\src\\app\\utils\\catchAsyncError.ts:8:7\n    at C:\\Users\\Roshan Chaudhary\\Desktop\\skilio-customerMs\\src\\app\\utils\\controllerLogging.ts:20:7","timestamp":"2025-10-29 14:53:17"}
{"controller":"ChatController.getMesssages","layer":"controller","level":"info","message":"ChatController.getMesssages completed successfully","responseTime":"54.95ms","status":200,"timestamp":"2025-10-29 14:53:17"}
{"level":"info","message":"Listening at port number 3000","timestamp":"2025-10-29 14:58:38"}
{"level":"info","message":"Database connection established successfully at skilio-customer","timestamp":"2025-10-29 14:58:38"}
{"level":"info","message":"socket.io server ready","timestamp":"2025-10-29 14:58:38"}
{"level":"info","message":"Listening at port number 3000","timestamp":"2025-10-29 14:58:49"}
{"level":"info","message":"Database connection established successfully at skilio-customer","timestamp":"2025-10-29 14:58:49"}
{"level":"info","message":"socket.io server ready","timestamp":"2025-10-29 14:58:49"}
{"level":"info","message":"Listening at port number 3000","timestamp":"2025-10-29 14:59:03"}
{"level":"info","message":"Database connection established successfully at skilio-customer","timestamp":"2025-10-29 14:59:03"}
{"level":"info","message":"socket.io server ready","timestamp":"2025-10-29 14:59:03"}
{"level":"info","message":"Listening at port number 3000","timestamp":"2025-10-29 14:59:21"}
{"level":"info","message":"Database connection established successfully at skilio-customer","timestamp":"2025-10-29 14:59:21"}
{"level":"info","message":"socket.io server ready","timestamp":"2025-10-29 14:59:21"}
{"level":"info","message":"Listening at port number 3000","timestamp":"2025-10-29 14:59:36"}
{"level":"info","message":"Database connection established successfully at skilio-customer","timestamp":"2025-10-29 14:59:36"}
{"level":"info","message":"socket.io server ready","timestamp":"2025-10-29 14:59:36"}
{"controller":"ChatController.getMesssages","input":{"before":"2025-10-29 14:38:00.000","params":{},"query":{"limit":"30"},"recipientId":"4a666546-0c40-4e68-bab1-9eda07b5b81a"},"layer":"controller","level":"info","message":"ChatController.getMesssages started","timestamp":"2025-10-29 14:59:42"}
{"layer":"proxy","level":"info","message":"ChatProxy.getMesssages started","method":"getMesssages","proxy":"ChatProxy","timestamp":"2025-10-29 14:59:42"}
{"layer":"service","level":"info","message":"ChatService.getMesssages started","method":"getMesssages","service":"ChatService","timestamp":"2025-10-29 14:59:42"}
{"error":"Cannot read properties of undefined (reading 'profileId')","layer":"service","level":"error","message":"ChatService.getMesssages failed","method":"getMesssages","responseTime":"2.23ms","service":"ChatService","stack":"TypeError: Cannot read properties of undefined (reading 'profileId')\n    at C:\\Users\\Roshan Chaudhary\\Desktop\\skilio-customerMs\\src\\app\\modules\\chat\\chat.services.ts:78:38\n    at ChatService.getMesssages (C:\\Users\\Roshan Chaudhary\\Desktop\\skilio-customerMs\\src\\app\\utils\\serviceLogging.ts:14:28)\n    at C:\\Users\\Roshan Chaudhary\\Desktop\\skilio-customerMs\\src\\app\\modules\\chat\\chat.proxy.ts:46:39\n    at processTicksAndRejections (node:internal/process/task_queues:105:5)\n    at ChatProxy.getMesssages (C:\\Users\\Roshan Chaudhary\\Desktop\\skilio-customerMs\\src\\app\\utils\\proxyLogging.ts:15:22)\n    at C:\\Users\\Roshan Chaudhary\\Desktop\\skilio-customerMs\\src\\app\\modules\\chat\\chat.controller.ts:34:23\n    at C:\\Users\\Roshan Chaudhary\\Desktop\\skilio-customerMs\\src\\app\\utils\\catchAsyncError.ts:8:7\n    at C:\\Users\\Roshan Chaudhary\\Desktop\\skilio-customerMs\\src\\app\\utils\\controllerLogging.ts:20:7","timestamp":"2025-10-29 14:59:42"}
{"error":"Cannot read properties of undefined (reading 'profileId')","layer":"proxy","level":"error","message":"ChatProxy.getMesssages failed","method":"getMesssages","proxy":"ChatProxy","responseTime":"71.20ms","stack":"TypeError: Cannot read properties of undefined (reading 'profileId')\n    at C:\\Users\\Roshan Chaudhary\\Desktop\\skilio-customerMs\\src\\app\\modules\\chat\\chat.services.ts:78:38\n    at ChatService.getMesssages (C:\\Users\\Roshan Chaudhary\\Desktop\\skilio-customerMs\\src\\app\\utils\\serviceLogging.ts:14:28)\n    at C:\\Users\\Roshan Chaudhary\\Desktop\\skilio-customerMs\\src\\app\\modules\\chat\\chat.proxy.ts:46:39\n    at processTicksAndRejections (node:internal/process/task_queues:105:5)\n    at ChatProxy.getMesssages (C:\\Users\\Roshan Chaudhary\\Desktop\\skilio-customerMs\\src\\app\\utils\\proxyLogging.ts:15:22)\n    at C:\\Users\\Roshan Chaudhary\\Desktop\\skilio-customerMs\\src\\app\\modules\\chat\\chat.controller.ts:34:23\n    at C:\\Users\\Roshan Chaudhary\\Desktop\\skilio-customerMs\\src\\app\\utils\\catchAsyncError.ts:8:7\n    at C:\\Users\\Roshan Chaudhary\\Desktop\\skilio-customerMs\\src\\app\\utils\\controllerLogging.ts:20:7","timestamp":"2025-10-29 14:59:42"}
{"controller":"ChatController.getMesssages","layer":"controller","level":"info","message":"ChatController.getMesssages completed successfully","responseTime":"78.62ms","status":200,"timestamp":"2025-10-29 14:59:42"}
{"level":"info","message":"Listening at port number 3000","timestamp":"2025-10-29 15:00:09"}
{"level":"info","message":"Database connection established successfully at skilio-customer","timestamp":"2025-10-29 15:00:09"}
{"level":"info","message":"socket.io server ready","timestamp":"2025-10-29 15:00:09"}
{"controller":"ChatController.getMesssages","input":{"before":"2025-10-29 14:38:00.000","params":{},"query":{"limit":"30"},"recipientId":"4a666546-0c40-4e68-bab1-9eda07b5b81a"},"layer":"controller","level":"info","message":"ChatController.getMesssages started","timestamp":"2025-10-29 15:00:14"}
{"layer":"proxy","level":"info","message":"ChatProxy.getMesssages started","method":"getMesssages","proxy":"ChatProxy","timestamp":"2025-10-29 15:00:14"}
{"layer":"service","level":"info","message":"ChatService.getMesssages started","method":"getMesssages","service":"ChatService","timestamp":"2025-10-29 15:00:14"}
{"error":"Cannot read properties of undefined (reading 'profileId')","layer":"service","level":"error","message":"ChatService.getMesssages failed","method":"getMesssages","responseTime":"2.40ms","service":"ChatService","stack":"TypeError: Cannot read properties of undefined (reading 'profileId')\n    at C:\\Users\\Roshan Chaudhary\\Desktop\\skilio-customerMs\\src\\app\\modules\\chat\\chat.services.ts:78:38\n    at ChatService.getMesssages (C:\\Users\\Roshan Chaudhary\\Desktop\\skilio-customerMs\\src\\app\\utils\\serviceLogging.ts:14:28)\n    at C:\\Users\\Roshan Chaudhary\\Desktop\\skilio-customerMs\\src\\app\\modules\\chat\\chat.proxy.ts:46:39\n    at processTicksAndRejections (node:internal/process/task_queues:105:5)\n    at ChatProxy.getMesssages (C:\\Users\\Roshan Chaudhary\\Desktop\\skilio-customerMs\\src\\app\\utils\\proxyLogging.ts:15:22)\n    at C:\\Users\\Roshan Chaudhary\\Desktop\\skilio-customerMs\\src\\app\\modules\\chat\\chat.controller.ts:34:23\n    at C:\\Users\\Roshan Chaudhary\\Desktop\\skilio-customerMs\\src\\app\\utils\\catchAsyncError.ts:8:7\n    at C:\\Users\\Roshan Chaudhary\\Desktop\\skilio-customerMs\\src\\app\\utils\\controllerLogging.ts:20:7","timestamp":"2025-10-29 15:00:14"}
{"error":"Cannot read properties of undefined (reading 'profileId')","layer":"proxy","level":"error","message":"ChatProxy.getMesssages failed","method":"getMesssages","proxy":"ChatProxy","responseTime":"66.31ms","stack":"TypeError: Cannot read properties of undefined (reading 'profileId')\n    at C:\\Users\\Roshan Chaudhary\\Desktop\\skilio-customerMs\\src\\app\\modules\\chat\\chat.services.ts:78:38\n    at ChatService.getMesssages (C:\\Users\\Roshan Chaudhary\\Desktop\\skilio-customerMs\\src\\app\\utils\\serviceLogging.ts:14:28)\n    at C:\\Users\\Roshan Chaudhary\\Desktop\\skilio-customerMs\\src\\app\\modules\\chat\\chat.proxy.ts:46:39\n    at processTicksAndRejections (node:internal/process/task_queues:105:5)\n    at ChatProxy.getMesssages (C:\\Users\\Roshan Chaudhary\\Desktop\\skilio-customerMs\\src\\app\\utils\\proxyLogging.ts:15:22)\n    at C:\\Users\\Roshan Chaudhary\\Desktop\\skilio-customerMs\\src\\app\\modules\\chat\\chat.controller.ts:34:23\n    at C:\\Users\\Roshan Chaudhary\\Desktop\\skilio-customerMs\\src\\app\\utils\\catchAsyncError.ts:8:7\n    at C:\\Users\\Roshan Chaudhary\\Desktop\\skilio-customerMs\\src\\app\\utils\\controllerLogging.ts:20:7","timestamp":"2025-10-29 15:00:14"}
{"controller":"ChatController.getMesssages","layer":"controller","level":"info","message":"ChatController.getMesssages completed successfully","responseTime":"75.34ms","status":200,"timestamp":"2025-10-29 15:00:14"}
{"level":"info","message":"Listening at port number 3000","timestamp":"2025-10-29 15:00:45"}
{"level":"info","message":"Database connection established successfully at skilio-customer","timestamp":"2025-10-29 15:00:45"}
{"level":"info","message":"socket.io server ready","timestamp":"2025-10-29 15:00:45"}
{"controller":"ChatController.getMesssages","input":{"before":"2025-10-29 14:38:00.000","params":{},"query":{"limit":"30"},"recipientId":"4a666546-0c40-4e68-bab1-9eda07b5b81a"},"layer":"controller","level":"info","message":"ChatController.getMesssages started","timestamp":"2025-10-29 15:00:48"}
{"layer":"proxy","level":"info","message":"ChatProxy.getMesssages started","method":"getMesssages","proxy":"ChatProxy","timestamp":"2025-10-29 15:00:48"}
{"layer":"service","level":"info","message":"ChatService.getMesssages started","method":"getMesssages","service":"ChatService","timestamp":"2025-10-29 15:00:48"}
{"error":"Cannot read properties of undefined (reading 'profileId')","layer":"service","level":"error","message":"ChatService.getMesssages failed","method":"getMesssages","responseTime":"1.72ms","service":"ChatService","stack":"TypeError: Cannot read properties of undefined (reading 'profileId')\n    at C:\\Users\\Roshan Chaudhary\\Desktop\\skilio-customerMs\\src\\app\\modules\\chat\\chat.services.ts:78:38\n    at ChatService.getMesssages (C:\\Users\\Roshan Chaudhary\\Desktop\\skilio-customerMs\\src\\app\\utils\\serviceLogging.ts:14:28)\n    at C:\\Users\\Roshan Chaudhary\\Desktop\\skilio-customerMs\\src\\app\\modules\\chat\\chat.proxy.ts:46:39\n    at processTicksAndRejections (node:internal/process/task_queues:105:5)\n    at ChatProxy.getMesssages (C:\\Users\\Roshan Chaudhary\\Desktop\\skilio-customerMs\\src\\app\\utils\\proxyLogging.ts:15:22)\n    at C:\\Users\\Roshan Chaudhary\\Desktop\\skilio-customerMs\\src\\app\\modules\\chat\\chat.controller.ts:34:23\n    at C:\\Users\\Roshan Chaudhary\\Desktop\\skilio-customerMs\\src\\app\\utils\\catchAsyncError.ts:8:7\n    at C:\\Users\\Roshan Chaudhary\\Desktop\\skilio-customerMs\\src\\app\\utils\\controllerLogging.ts:20:7","timestamp":"2025-10-29 15:00:48"}
{"error":"Cannot read properties of undefined (reading 'profileId')","layer":"proxy","level":"error","message":"ChatProxy.getMesssages failed","method":"getMesssages","proxy":"ChatProxy","responseTime":"79.70ms","stack":"TypeError: Cannot read properties of undefined (reading 'profileId')\n    at C:\\Users\\Roshan Chaudhary\\Desktop\\skilio-customerMs\\src\\app\\modules\\chat\\chat.services.ts:78:38\n    at ChatService.getMesssages (C:\\Users\\Roshan Chaudhary\\Desktop\\skilio-customerMs\\src\\app\\utils\\serviceLogging.ts:14:28)\n    at C:\\Users\\Roshan Chaudhary\\Desktop\\skilio-customerMs\\src\\app\\modules\\chat\\chat.proxy.ts:46:39\n    at processTicksAndRejections (node:internal/process/task_queues:105:5)\n    at ChatProxy.getMesssages (C:\\Users\\Roshan Chaudhary\\Desktop\\skilio-customerMs\\src\\app\\utils\\proxyLogging.ts:15:22)\n    at C:\\Users\\Roshan Chaudhary\\Desktop\\skilio-customerMs\\src\\app\\modules\\chat\\chat.controller.ts:34:23\n    at C:\\Users\\Roshan Chaudhary\\Desktop\\skilio-customerMs\\src\\app\\utils\\catchAsyncError.ts:8:7\n    at C:\\Users\\Roshan Chaudhary\\Desktop\\skilio-customerMs\\src\\app\\utils\\controllerLogging.ts:20:7","timestamp":"2025-10-29 15:00:48"}
{"controller":"ChatController.getMesssages","layer":"controller","level":"info","message":"ChatController.getMesssages completed successfully","responseTime":"85.39ms","status":200,"timestamp":"2025-10-29 15:00:48"}
{"level":"info","message":"Listening at port number 3000","timestamp":"2025-10-29 15:04:50"}
{"level":"info","message":"Database connection established successfully at skilio-customer","timestamp":"2025-10-29 15:04:50"}
{"level":"info","message":"socket.io server ready","timestamp":"2025-10-29 15:04:50"}
{"level":"info","message":"Listening at port number 3000","timestamp":"2025-10-29 15:05:00"}
{"level":"info","message":"Database connection established successfully at skilio-customer","timestamp":"2025-10-29 15:05:00"}
{"level":"info","message":"socket.io server ready","timestamp":"2025-10-29 15:05:00"}
{"controller":"ChatController.getMesssages","input":{"before":"2025-10-29 14:38:00.000","params":{},"query":{"limit":"30"},"recipientId":"4a666546-0c40-4e68-bab1-9eda07b5b81a"},"layer":"controller","level":"info","message":"ChatController.getMesssages started","timestamp":"2025-10-29 15:05:17"}
{"layer":"proxy","level":"info","message":"ChatProxy.getMesssages started","method":"getMesssages","proxy":"ChatProxy","timestamp":"2025-10-29 15:05:17"}
{"error":"invalid input syntax for type uuid: \"2025-10-29T14:38:00.000+05:45\"","layer":"proxy","level":"error","message":"ChatProxy.getMesssages failed","method":"getMesssages","proxy":"ChatProxy","responseTime":"92.43ms","stack":"QueryFailedError: invalid input syntax for type uuid: \"2025-10-29T14:38:00.000+05:45\"\n    at PostgresQueryRunner.query (C:\\Users\\Roshan Chaudhary\\Desktop\\skilio-customerMs\\src\\driver\\postgres\\PostgresQueryRunner.ts:325:19)\n    at processTicksAndRejections (node:internal/process/task_queues:105:5)\n    at SelectQueryBuilder.loadRawResults (C:\\Users\\Roshan Chaudhary\\Desktop\\skilio-customerMs\\src\\query-builder\\SelectQueryBuilder.ts:3863:25)\n    at SelectQueryBuilder.getRawMany (C:\\Users\\Roshan Chaudhary\\Desktop\\skilio-customerMs\\src\\query-builder\\SelectQueryBuilder.ts:1627:29)\n    at SelectQueryBuilder.executeEntitiesAndRawResults (C:\\Users\\Roshan Chaudhary\\Desktop\\skilio-customerMs\\src\\query-builder\\SelectQueryBuilder.ts:3525:26)\n    at SelectQueryBuilder.getRawAndEntities (C:\\Users\\Roshan Chaudhary\\Desktop\\skilio-customerMs\\src\\query-builder\\SelectQueryBuilder.ts:1671:29)\n    at SelectQueryBuilder.getOne (C:\\Users\\Roshan Chaudhary\\Desktop\\skilio-customerMs\\src\\query-builder\\SelectQueryBuilder.ts:1698:25)\n    at RegistrationRepository.findProfileById (C:\\Users\\Roshan Chaudhary\\Desktop\\skilio-customerMs\\src\\app\\repository\\registrationRepository.ts:55:16)\n    at ChatProxy.checkIfProfileExists (C:\\Users\\Roshan Chaudhary\\Desktop\\skilio-customerMs\\src\\app\\modules\\chat\\chat.proxy.ts:13:32)\n    at C:\\Users\\Roshan Chaudhary\\Desktop\\skilio-customerMs\\src\\app\\modules\\chat\\chat.proxy.ts:44:13","timestamp":"2025-10-29 15:05:17"}
{"controller":"ChatController.getMesssages","layer":"controller","level":"info","message":"ChatController.getMesssages completed successfully","responseTime":"222.58ms","status":200,"timestamp":"2025-10-29 15:05:17"}
{"level":"info","message":"Listening at port number 3000","timestamp":"2025-10-29 15:05:52"}
{"level":"info","message":"Database connection established successfully at skilio-customer","timestamp":"2025-10-29 15:05:52"}
{"level":"info","message":"socket.io server ready","timestamp":"2025-10-29 15:05:52"}
{"level":"info","message":"Listening at port number 3000","timestamp":"2025-10-29 15:06:17"}
{"level":"info","message":"Database connection established successfully at skilio-customer","timestamp":"2025-10-29 15:06:17"}
{"level":"info","message":"socket.io server ready","timestamp":"2025-10-29 15:06:17"}
{"controller":"ChatController.getMesssages","input":{"before":"2025-10-29 14:38:00.000","params":{},"query":{"limit":"30"},"recipientId":"4a666546-0c40-4e68-bab1-9eda07b5b81a"},"layer":"controller","level":"info","message":"ChatController.getMesssages started","timestamp":"2025-10-29 15:06:22"}
{"layer":"proxy","level":"info","message":"ChatProxy.getMesssages started","method":"getMesssages","proxy":"ChatProxy","timestamp":"2025-10-29 15:06:22"}
{"layer":"service","level":"info","message":"ChatService.getMesssages started","method":"getMesssages","service":"ChatService","timestamp":"2025-10-29 15:06:22"}
{"layer":"service","level":"info","message":"ChatService.getMesssages completed successfully","method":"getMesssages","responseTime":"18.57ms","service":"ChatService","timestamp":"2025-10-29 15:06:22"}
{"layer":"proxy","level":"info","message":"ChatProxy.getMesssages completed successfully","method":"getMesssages","proxy":"ChatProxy","responseTime":"60.62ms","timestamp":"2025-10-29 15:06:22"}
{"controller":"ChatController.getMesssages","layer":"controller","level":"info","message":"ChatController.getMesssages completed successfully","responseTime":"74.37ms","status":200,"timestamp":"2025-10-29 15:06:22"}
{"level":"info","message":"Listening at port number 3000","timestamp":"2025-10-29 15:06:42"}
{"level":"info","message":"Database connection established successfully at skilio-customer","timestamp":"2025-10-29 15:06:42"}
{"level":"info","message":"socket.io server ready","timestamp":"2025-10-29 15:06:42"}
{"level":"info","message":"Listening at port number 3000","timestamp":"2025-10-29 15:06:54"}
{"level":"info","message":"Database connection established successfully at skilio-customer","timestamp":"2025-10-29 15:06:54"}
{"level":"info","message":"socket.io server ready","timestamp":"2025-10-29 15:06:54"}
{"controller":"ChatController.getMesssages","input":{"before":"2025-10-29 14:38:00.000","params":{},"query":{"limit":"30"},"recipientId":"4a666546-0c40-4e68-bab1-9eda07b5b81a"},"layer":"controller","level":"info","message":"ChatController.getMesssages started","timestamp":"2025-10-29 15:07:18"}
{"layer":"proxy","level":"info","message":"ChatProxy.getMesssages started","method":"getMesssages","proxy":"ChatProxy","timestamp":"2025-10-29 15:07:18"}
{"layer":"service","level":"info","message":"ChatService.getMesssages started","method":"getMesssages","service":"ChatService","timestamp":"2025-10-29 15:07:18"}
{"layer":"service","level":"info","message":"ChatService.getMesssages completed successfully","method":"getMesssages","responseTime":"11.34ms","service":"ChatService","timestamp":"2025-10-29 15:07:18"}
{"layer":"proxy","level":"info","message":"ChatProxy.getMesssages completed successfully","method":"getMesssages","proxy":"ChatProxy","responseTime":"40.83ms","timestamp":"2025-10-29 15:07:18"}
{"controller":"ChatController.getMesssages","layer":"controller","level":"info","message":"ChatController.getMesssages completed successfully","responseTime":"49.94ms","status":200,"timestamp":"2025-10-29 15:07:18"}
{"level":"info","message":"Listening at port number 3000","timestamp":"2025-10-29 15:07:30"}
{"level":"info","message":"Database connection established successfully at skilio-customer","timestamp":"2025-10-29 15:07:30"}
{"level":"info","message":"socket.io server ready","timestamp":"2025-10-29 15:07:30"}
{"controller":"ChatController.getMesssages","input":{"before":"2025-10-29 14:38:00.000","params":{},"query":{"limit":"30"},"recipientId":"4a666546-0c40-4e68-bab1-9eda07b5b81a"},"layer":"controller","level":"info","message":"ChatController.getMesssages started","timestamp":"2025-10-29 15:07:33"}
{"layer":"proxy","level":"info","message":"ChatProxy.getMesssages started","method":"getMesssages","proxy":"ChatProxy","timestamp":"2025-10-29 15:07:33"}
{"layer":"service","level":"info","message":"ChatService.getMesssages started","method":"getMesssages","service":"ChatService","timestamp":"2025-10-29 15:07:33"}
{"layer":"service","level":"info","message":"ChatService.getMesssages completed successfully","method":"getMesssages","responseTime":"10.68ms","service":"ChatService","timestamp":"2025-10-29 15:07:33"}
{"layer":"proxy","level":"info","message":"ChatProxy.getMesssages completed successfully","method":"getMesssages","proxy":"ChatProxy","responseTime":"45.99ms","timestamp":"2025-10-29 15:07:33"}
{"controller":"ChatController.getMesssages","layer":"controller","level":"info","message":"ChatController.getMesssages completed successfully","responseTime":"54.79ms","status":200,"timestamp":"2025-10-29 15:07:33"}
{"level":"info","message":"Listening at port number 3000","timestamp":"2025-10-29 15:07:44"}
{"level":"info","message":"Database connection established successfully at skilio-customer","timestamp":"2025-10-29 15:07:44"}
{"level":"info","message":"socket.io server ready","timestamp":"2025-10-29 15:07:44"}
{"controller":"ChatController.createMessage","input":{"content":"{\"text\": \"Hey there! Here's the document you asked for.\"\n  }","params":{},"query":{},"recipientId":"4a666546-0c40-4e68-bab1-9eda07b5b81a"},"layer":"controller","level":"info","message":"ChatController.createMessage started","timestamp":"2025-10-29 15:07:47"}
{"layer":"proxy","level":"info","message":"ChatProxy.createMessage started","method":"createMessage","proxy":"ChatProxy","timestamp":"2025-10-29 15:07:47"}
{"layer":"service","level":"info","message":"ChatService.createMessage started","method":"createMessage","service":"ChatService","timestamp":"2025-10-29 15:07:47"}
{"level":"info","message":"Message sent to recipientId: 4a666546-0c40-4e68-bab1-9eda07b5b81a, socketId: undefined","timestamp":"2025-10-29 15:07:47"}
{"codePrefix":"messaging","errorInfo":{"code":"messaging/invalid-payload","message":"Exactly one of topic, token or condition is required"},"level":"error","message":"Error sending push notification Exactly one of topic, token or condition is required","stack":"Error: Exactly one of topic, token or condition is required\n    at validateMessage (C:\\Users\\Roshan Chaudhary\\Desktop\\skilio-customerMs\\node_modules\\firebase-admin\\lib\\messaging\\messaging-internal.js:54:15)\n    at Messaging.send (C:\\Users\\Roshan Chaudhary\\Desktop\\skilio-customerMs\\node_modules\\firebase-admin\\lib\\messaging\\messaging.js:122:50)\n    at sendSinglePushNotification (C:\\Users\\Roshan Chaudhary\\Desktop\\skilio-customerMs\\src\\app\\utils\\pushNotification.ts:19:19)\n    at processTicksAndRejections (node:internal/process/task_queues:105:5)","timestamp":"2025-10-29 15:07:47"}
{"layer":"service","level":"info","message":"ChatService.createMessage completed successfully","method":"createMessage","responseTime":"122.48ms","service":"ChatService","timestamp":"2025-10-29 15:07:47"}
{"layer":"proxy","level":"info","message":"ChatProxy.createMessage completed successfully","method":"createMessage","proxy":"ChatProxy","responseTime":"151.47ms","timestamp":"2025-10-29 15:07:47"}
{"controller":"ChatController.createMessage","layer":"controller","level":"info","message":"ChatController.createMessage completed successfully","responseTime":"156.65ms","status":200,"timestamp":"2025-10-29 15:07:47"}
{"level":"info","message":"Listening at port number 3000","timestamp":"2025-10-29 15:08:05"}
{"level":"info","message":"Database connection established successfully at skilio-customer","timestamp":"2025-10-29 15:08:05"}
{"level":"info","message":"socket.io server ready","timestamp":"2025-10-29 15:08:05"}
{"level":"info","message":"Listening at port number 3000","timestamp":"2025-10-29 15:12:21"}
{"level":"info","message":"Database connection established successfully at skilio-customer","timestamp":"2025-10-29 15:12:21"}
{"level":"info","message":"socket.io server ready","timestamp":"2025-10-29 15:12:21"}
{"level":"info","message":"Socket connected: 1CUtpIK4_aFX8YaLAAAB","timestamp":"2025-10-29 15:12:54"}
{"level":"info","message":"User df559e5f-128c-490f-9cee-501b5ab95c7d is now online","timestamp":"2025-10-29 15:12:54"}
{"controller":"RegistrationController.loginUser","input":{"credential":"doe8","params":{},"query":{}},"layer":"controller","level":"info","message":"RegistrationController.loginUser started","timestamp":"2025-10-29 15:13:53"}
{"layer":"proxy","level":"info","message":"RegistrationProxy.loginUser started","method":"loginUser","proxy":"RegistrationProxy","timestamp":"2025-10-29 15:13:53"}
{"layer":"service","level":"info","message":"RegistrationService.loginUser started","method":"loginUser","service":"RegistrationService","timestamp":"2025-10-29 15:13:53"}
{"layer":"service","level":"info","message":"RegistrationService.loginUser completed successfully","method":"loginUser","responseTime":"76.20ms","service":"RegistrationService","timestamp":"2025-10-29 15:13:53"}
{"layer":"proxy","level":"info","message":"RegistrationProxy.loginUser completed successfully","method":"loginUser","proxy":"RegistrationProxy","responseTime":"169.91ms","timestamp":"2025-10-29 15:13:53"}
{"controller":"RegistrationController.loginUser","layer":"controller","level":"info","message":"RegistrationController.loginUser completed successfully","responseTime":"174.22ms","status":200,"timestamp":"2025-10-29 15:13:53"}
{"controller":"ChatController.createMessage","input":{"content":"{\"text\": \"Hey there! Here's the document you asked for.\"\n  }","params":{},"query":{},"recipientId":"4a666546-0c40-4e68-bab1-9eda07b5b81a"},"layer":"controller","level":"info","message":"ChatController.createMessage started","timestamp":"2025-10-29 15:14:06"}
{"layer":"proxy","level":"info","message":"ChatProxy.createMessage started","method":"createMessage","proxy":"ChatProxy","timestamp":"2025-10-29 15:14:06"}
{"layer":"service","level":"info","message":"ChatService.createMessage started","method":"createMessage","service":"ChatService","timestamp":"2025-10-29 15:14:06"}
{"codePrefix":"messaging","errorInfo":{"code":"messaging/invalid-payload","message":"Exactly one of topic, token or condition is required"},"level":"error","message":"Error sending push notification Exactly one of topic, token or condition is required","stack":"Error: Exactly one of topic, token or condition is required\n    at validateMessage (C:\\Users\\Roshan Chaudhary\\Desktop\\skilio-customerMs\\node_modules\\firebase-admin\\lib\\messaging\\messaging-internal.js:54:15)\n    at Messaging.send (C:\\Users\\Roshan Chaudhary\\Desktop\\skilio-customerMs\\node_modules\\firebase-admin\\lib\\messaging\\messaging.js:122:50)\n    at sendSinglePushNotification (C:\\Users\\Roshan Chaudhary\\Desktop\\skilio-customerMs\\src\\app\\utils\\pushNotification.ts:19:19)\n    at processTicksAndRejections (node:internal/process/task_queues:105:5)","timestamp":"2025-10-29 15:14:06"}
{"layer":"service","level":"info","message":"ChatService.createMessage completed successfully","method":"createMessage","responseTime":"239.48ms","service":"ChatService","timestamp":"2025-10-29 15:14:06"}
{"layer":"proxy","level":"info","message":"ChatProxy.createMessage completed successfully","method":"createMessage","proxy":"ChatProxy","responseTime":"272.67ms","timestamp":"2025-10-29 15:14:06"}
{"controller":"ChatController.createMessage","layer":"controller","level":"info","message":"ChatController.createMessage completed successfully","responseTime":"278.10ms","status":200,"timestamp":"2025-10-29 15:14:06"}
{"level":"info","message":"User df559e5f-128c-490f-9cee-501b5ab95c7d is now offline","timestamp":"2025-10-29 15:14:52"}
{"level":"info","message":"Socket connected: E1_dq6rnp4jYkfwkAAAD","timestamp":"2025-10-29 15:14:54"}
{"level":"info","message":"User 4a666546-0c40-4e68-bab1-9eda07b5b81a is now online","timestamp":"2025-10-29 15:14:54"}
{"controller":"ChatController.createMessage","input":{"content":"{\"text\": \"Hey there! Here's the document you asked for.\"\n  }","params":{},"query":{},"recipientId":"4a666546-0c40-4e68-bab1-9eda07b5b81a"},"layer":"controller","level":"info","message":"ChatController.createMessage started","timestamp":"2025-10-29 15:15:05"}
{"layer":"proxy","level":"info","message":"ChatProxy.createMessage started","method":"createMessage","proxy":"ChatProxy","timestamp":"2025-10-29 15:15:05"}
{"layer":"service","level":"info","message":"ChatService.createMessage started","method":"createMessage","service":"ChatService","timestamp":"2025-10-29 15:15:05"}
{"level":"info","message":"Message sent to recipientId: 4a666546-0c40-4e68-bab1-9eda07b5b81a, socketId: E1_dq6rnp4jYkfwkAAAD","timestamp":"2025-10-29 15:15:05"}
{"layer":"service","level":"info","message":"ChatService.createMessage completed successfully","method":"createMessage","responseTime":"35.74ms","service":"ChatService","timestamp":"2025-10-29 15:15:05"}
{"layer":"proxy","level":"info","message":"ChatProxy.createMessage completed successfully","method":"createMessage","proxy":"ChatProxy","responseTime":"78.55ms","timestamp":"2025-10-29 15:15:05"}
{"controller":"ChatController.createMessage","layer":"controller","level":"info","message":"ChatController.createMessage completed successfully","responseTime":"83.74ms","status":200,"timestamp":"2025-10-29 15:15:05"}
{"controller":"RegistrationController.loginUser","input":{"credential":"doe8","params":{},"query":{}},"layer":"controller","level":"info","message":"RegistrationController.loginUser started","timestamp":"2025-10-29 15:25:51"}
{"layer":"proxy","level":"info","message":"RegistrationProxy.loginUser started","method":"loginUser","proxy":"RegistrationProxy","timestamp":"2025-10-29 15:25:51"}
{"layer":"service","level":"info","message":"RegistrationService.loginUser started","method":"loginUser","service":"RegistrationService","timestamp":"2025-10-29 15:25:51"}
{"layer":"service","level":"info","message":"RegistrationService.loginUser completed successfully","method":"loginUser","responseTime":"166.64ms","service":"RegistrationService","timestamp":"2025-10-29 15:25:51"}
{"layer":"proxy","level":"info","message":"RegistrationProxy.loginUser completed successfully","method":"loginUser","proxy":"RegistrationProxy","responseTime":"316.76ms","timestamp":"2025-10-29 15:25:51"}
{"controller":"RegistrationController.loginUser","layer":"controller","level":"info","message":"RegistrationController.loginUser completed successfully","responseTime":"329.66ms","status":200,"timestamp":"2025-10-29 15:25:51"}
{"controller":"ChatController.getMesssages","input":{"before":"2025-10-29 15:25:00.000","params":{},"query":{"limit":"30"},"recipientId":"4a666546-0c40-4e68-bab1-9eda07b5b81a"},"layer":"controller","level":"info","message":"ChatController.getMesssages started","timestamp":"2025-10-29 15:26:14"}
{"layer":"proxy","level":"info","message":"ChatProxy.getMesssages started","method":"getMesssages","proxy":"ChatProxy","timestamp":"2025-10-29 15:26:14"}
{"layer":"service","level":"info","message":"ChatService.getMesssages started","method":"getMesssages","service":"ChatService","timestamp":"2025-10-29 15:26:14"}
{"layer":"service","level":"info","message":"ChatService.getMesssages completed successfully","method":"getMesssages","responseTime":"29.14ms","service":"ChatService","timestamp":"2025-10-29 15:26:14"}
{"layer":"proxy","level":"info","message":"ChatProxy.getMesssages completed successfully","method":"getMesssages","proxy":"ChatProxy","responseTime":"107.15ms","timestamp":"2025-10-29 15:26:14"}
{"controller":"ChatController.getMesssages","layer":"controller","level":"info","message":"ChatController.getMesssages completed successfully","responseTime":"112.34ms","status":200,"timestamp":"2025-10-29 15:26:14"}
{"controller":"ChatController.createMessage","input":{"content":"{\"text\": \"\",\n\"postId\":\"1\"\n  }","params":{},"query":{},"recipientId":"4a666546-0c40-4e68-bab1-9eda07b5b81a"},"layer":"controller","level":"info","message":"ChatController.createMessage started","timestamp":"2025-10-29 15:29:52"}
{"layer":"proxy","level":"info","message":"ChatProxy.createMessage started","method":"createMessage","proxy":"ChatProxy","timestamp":"2025-10-29 15:29:52"}
{"layer":"service","level":"info","message":"ChatService.createMessage started","method":"createMessage","service":"ChatService","timestamp":"2025-10-29 15:29:52"}
{"level":"info","message":"Message sent to recipientId: 4a666546-0c40-4e68-bab1-9eda07b5b81a, socketId: E1_dq6rnp4jYkfwkAAAD","timestamp":"2025-10-29 15:29:52"}
{"layer":"service","level":"info","message":"ChatService.createMessage completed successfully","method":"createMessage","responseTime":"104.89ms","service":"ChatService","timestamp":"2025-10-29 15:29:52"}
{"layer":"proxy","level":"info","message":"ChatProxy.createMessage completed successfully","method":"createMessage","proxy":"ChatProxy","responseTime":"171.09ms","timestamp":"2025-10-29 15:29:52"}
{"controller":"ChatController.createMessage","layer":"controller","level":"info","message":"ChatController.createMessage completed successfully","responseTime":"209.14ms","status":200,"timestamp":"2025-10-29 15:29:52"}
{"level":"info","message":"Listening at port number 3000","timestamp":"2025-10-29 15:48:31"}
{"level":"info","message":"Database connection established successfully at skilio-customer","timestamp":"2025-10-29 15:48:31"}
{"level":"info","message":"socket.io server ready","timestamp":"2025-10-29 15:48:31"}
{"level":"info","message":"Socket connected: duFKIYAFnmlGoDKTAAAB","timestamp":"2025-10-29 15:48:34"}
{"level":"info","message":"User 4a666546-0c40-4e68-bab1-9eda07b5b81a is now online","timestamp":"2025-10-29 15:48:34"}
{"level":"error","message":"Database connection error ⨯ Unable to compile TypeScript:\nsrc/app/entity/message.ts(19,19): error TS1109: Expression expected.\r\nsrc/app/entity/message.ts(19,23): error TS1005: ':' expected.\r\n","stack":"Error: ⨯ Unable to compile TypeScript:\nsrc/app/entity/message.ts(19,19): error TS1109: Expression expected.\r\nsrc/app/entity/message.ts(19,23): error TS1005: ':' expected.\r\n\n    at Object.<anonymous> (C:\\Users\\Roshan Chaudhary\\Desktop\\skilio-customerMs\\src\\app\\entity\\message.ts:1:7)\n    at Module.<anonymous> (node:internal/modules/cjs/loader:1730:14)\n    at Module._compile (C:\\Users\\Roshan Chaudhary\\Desktop\\skilio-customerMs\\node_modules\\source-map-support\\source-map-support.js:568:25)\n    at Module.m._compile (C:\\Users\\ROSHAN~1\\AppData\\Local\\Temp\\ts-node-dev-hook-7263518137154508.js:69:33)\n    at node:internal/modules/cjs/loader:1895:10\n    at require.extensions..jsx.require.extensions..js (C:\\Users\\ROSHAN~1\\AppData\\Local\\Temp\\ts-node-dev-hook-7263518137154508.js:114:20)\n    at require.extensions.<computed> (C:\\Users\\ROSHAN~1\\AppData\\Local\\Temp\\ts-node-dev-hook-7263518137154508.js:71:20)\n    at Object.nodeDevHook [as .ts] (C:\\Users\\Roshan Chaudhary\\Desktop\\skilio-customerMs\\node_modules\\ts-node-dev\\lib\\hook.js:63:13)\n    at Module.load (node:internal/modules/cjs/loader:1465:32)\n    at Function._load (node:internal/modules/cjs/loader:1282:12)","timestamp":"2025-10-29 15:50:02"}
{"level":"error","message":"Database connection error Column \"status\" of Entity \"Message\" is defined as enum, but missing \"enum\" or \"enumName\" properties.","stack":"TypeORMError: Column \"status\" of Entity \"Message\" is defined as enum, but missing \"enum\" or \"enumName\" properties.\n    at C:\\Users\\Roshan Chaudhary\\Desktop\\skilio-customerMs\\src\\metadata-builder\\EntityMetadataValidator.ts:150:31\n    at Array.forEach (<anonymous>)\n    at EntityMetadataValidator.validate (C:\\Users\\Roshan Chaudhary\\Desktop\\skilio-customerMs\\src\\metadata-builder\\EntityMetadataValidator.ts:128:18)\n    at C:\\Users\\Roshan Chaudhary\\Desktop\\skilio-customerMs\\src\\metadata-builder\\EntityMetadataValidator.ts:43:18\n    at Array.forEach (<anonymous>)\n    at EntityMetadataValidator.validateMany (C:\\Users\\Roshan Chaudhary\\Desktop\\skilio-customerMs\\src\\metadata-builder\\EntityMetadataValidator.ts:42:25)\n    at DataSource.buildMetadatas (C:\\Users\\Roshan Chaudhary\\Desktop\\skilio-customerMs\\src\\data-source\\DataSource.ts:753:33)\n    at DataSource.initialize (C:\\Users\\Roshan Chaudhary\\Desktop\\skilio-customerMs\\src\\data-source\\DataSource.ts:264:13)","timestamp":"2025-10-29 15:50:19"}
{"level":"error","message":"Database connection error messageStatus is not defined","stack":"ReferenceError: messageStatus is not defined\n    at Object.<anonymous> (C:\\Users\\Roshan Chaudhary\\Desktop\\skilio-customerMs\\src\\app\\entity\\message.ts:19:52)\n    at Module.<anonymous> (node:internal/modules/cjs/loader:1730:14)\n    at Module._compile (C:\\Users\\Roshan Chaudhary\\Desktop\\skilio-customerMs\\node_modules\\source-map-support\\source-map-support.js:568:25)\n    at Module.m._compile (C:\\Users\\ROSHAN~1\\AppData\\Local\\Temp\\ts-node-dev-hook-7263518137154508.js:69:33)\n    at node:internal/modules/cjs/loader:1895:10\n    at require.extensions..jsx.require.extensions..js (C:\\Users\\ROSHAN~1\\AppData\\Local\\Temp\\ts-node-dev-hook-7263518137154508.js:114:20)\n    at require.extensions.<computed> (C:\\Users\\ROSHAN~1\\AppData\\Local\\Temp\\ts-node-dev-hook-7263518137154508.js:71:20)\n    at Object.nodeDevHook [as .ts] (C:\\Users\\Roshan Chaudhary\\Desktop\\skilio-customerMs\\node_modules\\ts-node-dev\\lib\\hook.js:63:13)\n    at Module.load (node:internal/modules/cjs/loader:1465:32)\n    at Function._load (node:internal/modules/cjs/loader:1282:12)","timestamp":"2025-10-29 15:53:00"}
{"level":"error","message":"Database connection error ⨯ Unable to compile TypeScript:\nsrc/app/modules/chat/enums/chatEnum.ts(1,19): error TS1005: '{' expected.\r\nsrc/app/modules/chat/enums/chatEnum.ts(3,14): error TS1005: ';' expected.\r\nsrc/app/modules/chat/enums/chatEnum.ts(4,9): error TS1005: ';' expected.\r\n","stack":"Error: ⨯ Unable to compile TypeScript:\nsrc/app/modules/chat/enums/chatEnum.ts(1,19): error TS1005: '{' expected.\r\nsrc/app/modules/chat/enums/chatEnum.ts(3,14): error TS1005: ';' expected.\r\nsrc/app/modules/chat/enums/chatEnum.ts(4,9): error TS1005: ';' expected.\r\n\n    at Object.<anonymous> (C:\\Users\\Roshan Chaudhary\\Desktop\\skilio-customerMs\\src\\app\\modules\\chat\\enums\\chatEnum.ts:1:7)\n    at Module.<anonymous> (node:internal/modules/cjs/loader:1730:14)\n    at Module._compile (C:\\Users\\Roshan Chaudhary\\Desktop\\skilio-customerMs\\node_modules\\source-map-support\\source-map-support.js:568:25)\n    at Module.m._compile (C:\\Users\\ROSHAN~1\\AppData\\Local\\Temp\\ts-node-dev-hook-7263518137154508.js:69:33)\n    at node:internal/modules/cjs/loader:1895:10\n    at require.extensions..jsx.require.extensions..js (C:\\Users\\ROSHAN~1\\AppData\\Local\\Temp\\ts-node-dev-hook-7263518137154508.js:114:20)\n    at require.extensions.<computed> (C:\\Users\\ROSHAN~1\\AppData\\Local\\Temp\\ts-node-dev-hook-7263518137154508.js:71:20)\n    at Object.nodeDevHook [as .ts] (C:\\Users\\Roshan Chaudhary\\Desktop\\skilio-customerMs\\node_modules\\ts-node-dev\\lib\\hook.js:63:13)\n    at Module.load (node:internal/modules/cjs/loader:1465:32)\n    at Function._load (node:internal/modules/cjs/loader:1282:12)","timestamp":"2025-10-29 15:54:30"}
{"level":"error","message":"Database connection error messageStatus is not defined","stack":"ReferenceError: messageStatus is not defined\n    at Object.<anonymous> (C:\\Users\\Roshan Chaudhary\\Desktop\\skilio-customerMs\\src\\app\\entity\\message.ts:19:52)\n    at Module.<anonymous> (node:internal/modules/cjs/loader:1730:14)\n    at Module._compile (C:\\Users\\Roshan Chaudhary\\Desktop\\skilio-customerMs\\node_modules\\source-map-support\\source-map-support.js:568:25)\n    at Module.m._compile (C:\\Users\\ROSHAN~1\\AppData\\Local\\Temp\\ts-node-dev-hook-7263518137154508.js:69:33)\n    at node:internal/modules/cjs/loader:1895:10\n    at require.extensions..jsx.require.extensions..js (C:\\Users\\ROSHAN~1\\AppData\\Local\\Temp\\ts-node-dev-hook-7263518137154508.js:114:20)\n    at require.extensions.<computed> (C:\\Users\\ROSHAN~1\\AppData\\Local\\Temp\\ts-node-dev-hook-7263518137154508.js:71:20)\n    at Object.nodeDevHook [as .ts] (C:\\Users\\Roshan Chaudhary\\Desktop\\skilio-customerMs\\node_modules\\ts-node-dev\\lib\\hook.js:63:13)\n    at Module.load (node:internal/modules/cjs/loader:1465:32)\n    at Function._load (node:internal/modules/cjs/loader:1282:12)","timestamp":"2025-10-29 15:54:45"}
{"level":"info","message":"Listening at port number 3000","timestamp":"2025-10-29 15:54:57"}
{"level":"info","message":"Database connection established successfully at skilio-customer","timestamp":"2025-10-29 15:54:57"}
{"level":"info","message":"socket.io server ready","timestamp":"2025-10-29 15:54:57"}
{"level":"info","message":"Socket connected: k8Gs_LzSP6TQGX_CAAAB","timestamp":"2025-10-29 15:55:00"}
{"level":"info","message":"User 4a666546-0c40-4e68-bab1-9eda07b5b81a is now online","timestamp":"2025-10-29 15:55:00"}
{"level":"info","message":"Listening at port number 3000","timestamp":"2025-10-29 15:55:15"}
{"level":"info","message":"Database connection established successfully at skilio-customer","timestamp":"2025-10-29 15:55:15"}
{"level":"info","message":"socket.io server ready","timestamp":"2025-10-29 15:55:15"}
{"level":"info","message":"Socket connected: HLM_ilbUv47EO6ohAAAB","timestamp":"2025-10-29 15:55:16"}
{"level":"info","message":"User 4a666546-0c40-4e68-bab1-9eda07b5b81a is now online","timestamp":"2025-10-29 15:55:16"}
{"level":"info","message":"Listening at port number 3000","timestamp":"2025-10-29 15:56:06"}
{"level":"info","message":"Database connection established successfully at skilio-customer","timestamp":"2025-10-29 15:56:06"}
{"level":"info","message":"socket.io server ready","timestamp":"2025-10-29 15:56:06"}
{"level":"info","message":"Socket connected: Z7Kl4hU2bQFwHvVmAAAB","timestamp":"2025-10-29 15:56:07"}
{"level":"info","message":"User 4a666546-0c40-4e68-bab1-9eda07b5b81a is now online","timestamp":"2025-10-29 15:56:07"}
{"level":"info","message":"Listening at port number 3000","timestamp":"2025-10-29 16:02:46"}
{"level":"info","message":"Database connection established successfully at skilio-customer","timestamp":"2025-10-29 16:02:46"}
{"level":"info","message":"socket.io server ready","timestamp":"2025-10-29 16:02:46"}
{"level":"info","message":"Socket connected: 471UPVurBJ6uc9nBAAAB","timestamp":"2025-10-29 16:02:50"}
{"level":"info","message":"User 4a666546-0c40-4e68-bab1-9eda07b5b81a is now online","timestamp":"2025-10-29 16:02:50"}
{"level":"info","message":"Listening at port number 3000","timestamp":"2025-10-29 16:03:31"}
{"level":"info","message":"Database connection established successfully at skilio-customer","timestamp":"2025-10-29 16:03:31"}
{"level":"info","message":"socket.io server ready","timestamp":"2025-10-29 16:03:31"}
{"level":"info","message":"Socket connected: lEn9i4K3YdVnUK_pAAAB","timestamp":"2025-10-29 16:03:32"}
{"level":"info","message":"User 4a666546-0c40-4e68-bab1-9eda07b5b81a is now online","timestamp":"2025-10-29 16:03:32"}
{"level":"info","message":"Listening at port number 3000","timestamp":"2025-10-29 16:04:09"}
{"level":"info","message":"Database connection established successfully at skilio-customer","timestamp":"2025-10-29 16:04:09"}
{"level":"info","message":"socket.io server ready","timestamp":"2025-10-29 16:04:09"}
{"level":"info","message":"Socket connected: _NpKaaVRWxULhJkYAAAB","timestamp":"2025-10-29 16:04:10"}
{"level":"info","message":"User 4a666546-0c40-4e68-bab1-9eda07b5b81a is now online","timestamp":"2025-10-29 16:04:10"}
{"level":"info","message":"Listening at port number 3000","timestamp":"2025-10-29 16:04:43"}
{"level":"info","message":"Database connection established successfully at skilio-customer","timestamp":"2025-10-29 16:04:43"}
{"level":"info","message":"socket.io server ready","timestamp":"2025-10-29 16:04:43"}
{"level":"info","message":"Socket connected: stY5fqEQO-6yrvtgAAAB","timestamp":"2025-10-29 16:04:43"}
{"level":"info","message":"User 4a666546-0c40-4e68-bab1-9eda07b5b81a is now online","timestamp":"2025-10-29 16:04:43"}
{"level":"info","message":"Listening at port number 3000","timestamp":"2025-10-29 16:04:55"}
{"level":"info","message":"Database connection established successfully at skilio-customer","timestamp":"2025-10-29 16:04:55"}
{"level":"info","message":"socket.io server ready","timestamp":"2025-10-29 16:04:55"}
{"level":"info","message":"Socket connected: l6OuveCJy1gzHc3WAAAB","timestamp":"2025-10-29 16:04:57"}
{"level":"info","message":"User 4a666546-0c40-4e68-bab1-9eda07b5b81a is now online","timestamp":"2025-10-29 16:04:57"}
{"level":"info","message":"Listening at port number 3000","timestamp":"2025-10-29 16:10:12"}
{"level":"info","message":"Database connection established successfully at skilio-customer","timestamp":"2025-10-29 16:10:12"}
{"level":"info","message":"socket.io server ready","timestamp":"2025-10-29 16:10:12"}
{"level":"info","message":"Listening at port number 3000","timestamp":"2025-10-29 16:10:17"}
{"level":"info","message":"Database connection established successfully at skilio-customer","timestamp":"2025-10-29 16:10:17"}
{"level":"info","message":"socket.io server ready","timestamp":"2025-10-29 16:10:17"}
{"level":"info","message":"Socket connected: 4N1aJI3Zie9Ac8xYAAAB","timestamp":"2025-10-29 16:10:21"}
{"level":"info","message":"User 4a666546-0c40-4e68-bab1-9eda07b5b81a is now online","timestamp":"2025-10-29 16:10:21"}
{"level":"info","message":"Listening at port number 3000","timestamp":"2025-10-29 16:10:45"}
{"level":"info","message":"Database connection established successfully at skilio-customer","timestamp":"2025-10-29 16:10:45"}
{"level":"info","message":"socket.io server ready","timestamp":"2025-10-29 16:10:45"}
{"level":"info","message":"Socket connected: 9ld4eEeMUUWLnBAPAAAB","timestamp":"2025-10-29 16:10:47"}
{"level":"info","message":"User 4a666546-0c40-4e68-bab1-9eda07b5b81a is now online","timestamp":"2025-10-29 16:10:47"}
{"level":"info","message":"Listening at port number 3000","timestamp":"2025-10-29 16:15:36"}
{"level":"info","message":"Database connection established successfully at skilio-customer","timestamp":"2025-10-29 16:15:36"}
{"level":"info","message":"socket.io server ready","timestamp":"2025-10-29 16:15:36"}
{"level":"info","message":"Socket connected: Ptp9Jb_OYzvPmiqOAAAB","timestamp":"2025-10-29 16:15:36"}
{"level":"info","message":"User 4a666546-0c40-4e68-bab1-9eda07b5b81a is now online","timestamp":"2025-10-29 16:15:36"}
{"level":"info","message":"Listening at port number 3000","timestamp":"2025-10-29 16:16:18"}
{"level":"info","message":"Database connection established successfully at skilio-customer","timestamp":"2025-10-29 16:16:18"}
{"level":"info","message":"socket.io server ready","timestamp":"2025-10-29 16:16:18"}
{"level":"info","message":"Socket connected: VNeA3mLDO2dGEp4gAAAB","timestamp":"2025-10-29 16:16:22"}
{"level":"info","message":"User 4a666546-0c40-4e68-bab1-9eda07b5b81a is now online","timestamp":"2025-10-29 16:16:22"}
{"level":"info","message":"Listening at port number 3000","timestamp":"2025-10-29 16:24:39"}
{"level":"info","message":"Database connection established successfully at skilio-customer","timestamp":"2025-10-29 16:24:39"}
{"level":"info","message":"socket.io server ready","timestamp":"2025-10-29 16:24:39"}
{"level":"info","message":"Socket connected: W6D8970B5wuK1iLSAAAB","timestamp":"2025-10-29 16:24:42"}
{"level":"info","message":"User 4a666546-0c40-4e68-bab1-9eda07b5b81a is now online","timestamp":"2025-10-29 16:24:42"}
{"level":"info","message":"Listening at port number 3000","timestamp":"2025-10-29 16:28:28"}
{"level":"info","message":"Database connection established successfully at skilio-customer","timestamp":"2025-10-29 16:28:28"}
{"level":"info","message":"socket.io server ready","timestamp":"2025-10-29 16:28:28"}
{"level":"info","message":"Socket connected: hio2c5-67lNyisZ1AAAB","timestamp":"2025-10-29 16:28:29"}
{"level":"info","message":"User 4a666546-0c40-4e68-bab1-9eda07b5b81a is now online","timestamp":"2025-10-29 16:28:29"}
{"level":"info","message":"Listening at port number 3000","timestamp":"2025-10-29 16:28:50"}
{"level":"info","message":"Database connection established successfully at skilio-customer","timestamp":"2025-10-29 16:28:50"}
{"level":"info","message":"socket.io server ready","timestamp":"2025-10-29 16:28:50"}
{"level":"info","message":"Socket connected: M-2_LTuJ1HjI_lbQAAAB","timestamp":"2025-10-29 16:28:50"}
{"level":"info","message":"User 4a666546-0c40-4e68-bab1-9eda07b5b81a is now online","timestamp":"2025-10-29 16:28:50"}
{"controller":"RegistrationController.loginUser","input":{"credential":"doe8","params":{},"query":{}},"layer":"controller","level":"info","message":"RegistrationController.loginUser started","timestamp":"2025-10-29 16:29:14"}
{"layer":"proxy","level":"info","message":"RegistrationProxy.loginUser started","method":"loginUser","proxy":"RegistrationProxy","timestamp":"2025-10-29 16:29:14"}
{"layer":"service","level":"info","message":"RegistrationService.loginUser started","method":"loginUser","service":"RegistrationService","timestamp":"2025-10-29 16:29:14"}
{"layer":"service","level":"info","message":"RegistrationService.loginUser completed successfully","method":"loginUser","responseTime":"74.35ms","service":"RegistrationService","timestamp":"2025-10-29 16:29:14"}
{"layer":"proxy","level":"info","message":"RegistrationProxy.loginUser completed successfully","method":"loginUser","proxy":"RegistrationProxy","responseTime":"264.47ms","timestamp":"2025-10-29 16:29:14"}
{"controller":"RegistrationController.loginUser","layer":"controller","level":"info","message":"RegistrationController.loginUser completed successfully","responseTime":"268.09ms","status":200,"timestamp":"2025-10-29 16:29:14"}
{"controller":"ChatController.getMesssages","input":{"before":"2025-10-29 15:25:00.000","params":{},"query":{"limit":"30"},"recipientId":"4a666546-0c40-4e68-bab1-9eda07b5b81a"},"layer":"controller","level":"info","message":"ChatController.getMesssages started","timestamp":"2025-10-29 16:29:25"}
{"layer":"proxy","level":"info","message":"ChatProxy.getMesssages started","method":"getMesssages","proxy":"ChatProxy","timestamp":"2025-10-29 16:29:25"}
{"layer":"service","level":"info","message":"ChatService.getMesssages started","method":"getMesssages","service":"ChatService","timestamp":"2025-10-29 16:29:25"}
{"layer":"service","level":"info","message":"ChatService.getMesssages completed successfully","method":"getMesssages","responseTime":"15.57ms","service":"ChatService","timestamp":"2025-10-29 16:29:25"}
{"layer":"proxy","level":"info","message":"ChatProxy.getMesssages completed successfully","method":"getMesssages","proxy":"ChatProxy","responseTime":"46.98ms","timestamp":"2025-10-29 16:29:25"}
{"controller":"ChatController.getMesssages","layer":"controller","level":"info","message":"ChatController.getMesssages completed successfully","responseTime":"49.75ms","status":200,"timestamp":"2025-10-29 16:29:25"}
{"controller":"RegistrationController.loginUser","input":{"credential":"doe9","params":{},"query":{}},"layer":"controller","level":"info","message":"RegistrationController.loginUser started","timestamp":"2025-10-29 16:30:01"}
{"layer":"proxy","level":"info","message":"RegistrationProxy.loginUser started","method":"loginUser","proxy":"RegistrationProxy","timestamp":"2025-10-29 16:30:01"}
{"layer":"service","level":"info","message":"RegistrationService.loginUser started","method":"loginUser","service":"RegistrationService","timestamp":"2025-10-29 16:30:01"}
{"layer":"service","level":"info","message":"RegistrationService.loginUser completed successfully","method":"loginUser","responseTime":"70.39ms","service":"RegistrationService","timestamp":"2025-10-29 16:30:01"}
{"layer":"proxy","level":"info","message":"RegistrationProxy.loginUser completed successfully","method":"loginUser","proxy":"RegistrationProxy","responseTime":"153.29ms","timestamp":"2025-10-29 16:30:01"}
{"controller":"RegistrationController.loginUser","layer":"controller","level":"info","message":"RegistrationController.loginUser completed successfully","responseTime":"155.90ms","status":200,"timestamp":"2025-10-29 16:30:01"}
{"controller":"ChatController.getMesssages","input":{"before":"2025-10-29 15:25:00.000","params":{},"query":{"limit":"30"},"recipientId":"4a666546-0c40-4e68-bab1-9eda07b5b81a"},"layer":"controller","level":"info","message":"ChatController.getMesssages started","timestamp":"2025-10-29 16:30:12"}
{"layer":"proxy","level":"info","message":"ChatProxy.getMesssages started","method":"getMesssages","proxy":"ChatProxy","timestamp":"2025-10-29 16:30:12"}
{"layer":"service","level":"info","message":"ChatService.getMesssages started","method":"getMesssages","service":"ChatService","timestamp":"2025-10-29 16:30:12"}
{"layer":"service","level":"info","message":"ChatService.getMesssages completed successfully","method":"getMesssages","responseTime":"6.78ms","service":"ChatService","timestamp":"2025-10-29 16:30:12"}
{"layer":"proxy","level":"info","message":"ChatProxy.getMesssages completed successfully","method":"getMesssages","proxy":"ChatProxy","responseTime":"38.20ms","timestamp":"2025-10-29 16:30:12"}
{"controller":"ChatController.getMesssages","layer":"controller","level":"info","message":"ChatController.getMesssages completed successfully","responseTime":"43.05ms","status":200,"timestamp":"2025-10-29 16:30:12"}
{"controller":"ChatController.getMesssages","input":{"before":"2025-10-29 15:25:00.000","params":{},"query":{"limit":"30"},"recipientId":"42a1415b-1ab0-4ff8-826f-d5d6c163dc34"},"layer":"controller","level":"info","message":"ChatController.getMesssages started","timestamp":"2025-10-29 16:30:31"}
{"layer":"proxy","level":"info","message":"ChatProxy.getMesssages started","method":"getMesssages","proxy":"ChatProxy","timestamp":"2025-10-29 16:30:31"}
{"layer":"service","level":"info","message":"ChatService.getMesssages started","method":"getMesssages","service":"ChatService","timestamp":"2025-10-29 16:30:31"}
{"layer":"service","level":"info","message":"ChatService.getMesssages completed successfully","method":"getMesssages","responseTime":"146.80ms","service":"ChatService","timestamp":"2025-10-29 16:30:31"}
{"layer":"proxy","level":"info","message":"ChatProxy.getMesssages completed successfully","method":"getMesssages","proxy":"ChatProxy","responseTime":"196.29ms","timestamp":"2025-10-29 16:30:31"}
{"controller":"ChatController.getMesssages","layer":"controller","level":"info","message":"ChatController.getMesssages completed successfully","responseTime":"207.71ms","status":200,"timestamp":"2025-10-29 16:30:31"}
{"level":"info","message":"Listening at port number 3000","timestamp":"2025-10-29 16:31:30"}
{"level":"info","message":"Database connection established successfully at skilio-customer","timestamp":"2025-10-29 16:31:30"}
{"level":"info","message":"socket.io server ready","timestamp":"2025-10-29 16:31:30"}
{"level":"info","message":"Socket connected: KPqtSgL1GNFz-SJZAAAB","timestamp":"2025-10-29 16:31:30"}
{"level":"info","message":"User 4a666546-0c40-4e68-bab1-9eda07b5b81a is now online","timestamp":"2025-10-29 16:31:30"}
{"level":"info","message":"Listening at port number 3000","timestamp":"2025-10-29 16:31:56"}
{"level":"info","message":"Database connection established successfully at skilio-customer","timestamp":"2025-10-29 16:31:56"}
{"level":"info","message":"socket.io server ready","timestamp":"2025-10-29 16:31:56"}
{"level":"info","message":"Socket connected: LiODMEq12QaiLys5AAAB","timestamp":"2025-10-29 16:31:57"}
{"level":"info","message":"User 4a666546-0c40-4e68-bab1-9eda07b5b81a is now online","timestamp":"2025-10-29 16:31:57"}
{"level":"info","message":"Listening at port number 3000","timestamp":"2025-10-29 16:32:11"}
{"level":"info","message":"Database connection established successfully at skilio-customer","timestamp":"2025-10-29 16:32:11"}
{"level":"info","message":"socket.io server ready","timestamp":"2025-10-29 16:32:11"}
{"level":"info","message":"Socket connected: hRpn1SvnuQHytx13AAAB","timestamp":"2025-10-29 16:32:12"}
{"level":"info","message":"User 4a666546-0c40-4e68-bab1-9eda07b5b81a is now online","timestamp":"2025-10-29 16:32:12"}
{"level":"info","message":"Listening at port number 3000","timestamp":"2025-10-29 16:32:16"}
{"level":"info","message":"Database connection established successfully at skilio-customer","timestamp":"2025-10-29 16:32:16"}
{"level":"info","message":"socket.io server ready","timestamp":"2025-10-29 16:32:16"}
{"level":"info","message":"Socket connected: kcIbQrQpCrrYc3T_AAAB","timestamp":"2025-10-29 16:32:20"}
{"level":"info","message":"User 4a666546-0c40-4e68-bab1-9eda07b5b81a is now online","timestamp":"2025-10-29 16:32:20"}
{"level":"info","message":"Listening at port number 3000","timestamp":"2025-10-29 16:32:52"}
{"level":"info","message":"Database connection established successfully at skilio-customer","timestamp":"2025-10-29 16:32:52"}
{"level":"info","message":"socket.io server ready","timestamp":"2025-10-29 16:32:52"}
{"level":"info","message":"Socket connected: Sqb2MulhjKGyuc5vAAAB","timestamp":"2025-10-29 16:32:52"}
{"level":"info","message":"User 4a666546-0c40-4e68-bab1-9eda07b5b81a is now online","timestamp":"2025-10-29 16:32:52"}
{"level":"info","message":"Listening at port number 3000","timestamp":"2025-10-29 16:32:58"}
{"level":"info","message":"Database connection established successfully at skilio-customer","timestamp":"2025-10-29 16:32:58"}
{"level":"info","message":"socket.io server ready","timestamp":"2025-10-29 16:32:58"}
{"level":"info","message":"Socket connected: LSuVaJX-ckSKBTGKAAAB","timestamp":"2025-10-29 16:32:58"}
{"level":"info","message":"User 4a666546-0c40-4e68-bab1-9eda07b5b81a is now online","timestamp":"2025-10-29 16:32:59"}
{"controller":"ChatController.getMesssages","input":{"before":"2025-10-29 15:25:00.000","params":{},"query":{"limit":"30"},"recipientId":"42a1415b-1ab0-4ff8-826f-d5d6c163dc34"},"layer":"controller","level":"info","message":"ChatController.getMesssages started","timestamp":"2025-10-29 16:33:01"}
{"layer":"proxy","level":"info","message":"ChatProxy.getMesssages started","method":"getMesssages","proxy":"ChatProxy","timestamp":"2025-10-29 16:33:01"}
{"layer":"service","level":"info","message":"ChatService.getMesssages started","method":"getMesssages","service":"ChatService","timestamp":"2025-10-29 16:33:02"}
{"layer":"service","level":"info","message":"ChatService.getMesssages completed successfully","method":"getMesssages","responseTime":"15.42ms","service":"ChatService","timestamp":"2025-10-29 16:33:02"}
{"layer":"proxy","level":"info","message":"ChatProxy.getMesssages completed successfully","method":"getMesssages","proxy":"ChatProxy","responseTime":"43.45ms","timestamp":"2025-10-29 16:33:02"}
{"controller":"ChatController.getMesssages","layer":"controller","level":"info","message":"ChatController.getMesssages completed successfully","responseTime":"53.92ms","status":200,"timestamp":"2025-10-29 16:33:02"}
{"controller":"ChatController.createMessage","input":{"content":"{\"text\": \"hello\",\n\"postId\":\"\"\n  }","params":{},"query":{},"recipientId":"4a666546-0c40-4e68-bab1-9eda07b5b81a"},"layer":"controller","level":"info","message":"ChatController.createMessage started","timestamp":"2025-10-29 16:33:27"}
{"layer":"proxy","level":"info","message":"ChatProxy.createMessage started","method":"createMessage","proxy":"ChatProxy","timestamp":"2025-10-29 16:33:27"}
{"layer":"service","level":"info","message":"ChatService.createMessage started","method":"createMessage","service":"ChatService","timestamp":"2025-10-29 16:33:27"}
{"level":"info","message":"Message sent to recipientId: 4a666546-0c40-4e68-bab1-9eda07b5b81a, socketId: LSuVaJX-ckSKBTGKAAAB","timestamp":"2025-10-29 16:33:27"}
{"layer":"service","level":"info","message":"ChatService.createMessage completed successfully","method":"createMessage","responseTime":"53.47ms","service":"ChatService","timestamp":"2025-10-29 16:33:27"}
{"layer":"proxy","level":"info","message":"ChatProxy.createMessage completed successfully","method":"createMessage","proxy":"ChatProxy","responseTime":"97.53ms","timestamp":"2025-10-29 16:33:27"}
{"controller":"ChatController.createMessage","layer":"controller","level":"info","message":"ChatController.createMessage completed successfully","responseTime":"100.96ms","status":200,"timestamp":"2025-10-29 16:33:27"}
{"controller":"ChatController.createMessage","input":{"content":"{\"text\": \"hello\",\n\"postId\":\"\"\n  }","params":{},"query":{},"recipientId":"42a1415b-1ab0-4ff8-826f-d5d6c163dc34"},"layer":"controller","level":"info","message":"ChatController.createMessage started","timestamp":"2025-10-29 16:33:41"}
{"layer":"proxy","level":"info","message":"ChatProxy.createMessage started","method":"createMessage","proxy":"ChatProxy","timestamp":"2025-10-29 16:33:41"}
{"layer":"service","level":"info","message":"ChatService.createMessage started","method":"createMessage","service":"ChatService","timestamp":"2025-10-29 16:33:41"}
{"layer":"service","level":"info","message":"ChatService.createMessage completed successfully","method":"createMessage","responseTime":"16.06ms","service":"ChatService","timestamp":"2025-10-29 16:33:41"}
{"layer":"proxy","level":"info","message":"ChatProxy.createMessage completed successfully","method":"createMessage","proxy":"ChatProxy","responseTime":"40.92ms","timestamp":"2025-10-29 16:33:41"}
{"controller":"ChatController.createMessage","layer":"controller","level":"info","message":"ChatController.createMessage completed successfully","responseTime":"43.36ms","status":200,"timestamp":"2025-10-29 16:33:41"}
{"codePrefix":"messaging","errorInfo":{"code":"messaging/invalid-payload","message":"Exactly one of topic, token or condition is required"},"level":"error","message":"Error sending push notification Exactly one of topic, token or condition is required","stack":"Error: Exactly one of topic, token or condition is required\n    at validateMessage (C:\\Users\\Roshan Chaudhary\\Desktop\\skilio-customerMs\\node_modules\\firebase-admin\\lib\\messaging\\messaging-internal.js:54:15)\n    at Messaging.send (C:\\Users\\Roshan Chaudhary\\Desktop\\skilio-customerMs\\node_modules\\firebase-admin\\lib\\messaging\\messaging.js:122:50)\n    at sendSinglePushNotification (C:\\Users\\Roshan Chaudhary\\Desktop\\skilio-customerMs\\src\\app\\utils\\pushNotification.ts:19:19)\n    at processTicksAndRejections (node:internal/process/task_queues:105:5)","timestamp":"2025-10-29 16:33:41"}
{"controller":"ChatController.getMesssages","input":{"before":"2025-10-29 15:25:00.000","params":{},"query":{"limit":"30"},"recipientId":"42a1415b-1ab0-4ff8-826f-d5d6c163dc34"},"layer":"controller","level":"info","message":"ChatController.getMesssages started","timestamp":"2025-10-29 16:33:44"}
{"layer":"proxy","level":"info","message":"ChatProxy.getMesssages started","method":"getMesssages","proxy":"ChatProxy","timestamp":"2025-10-29 16:33:44"}
{"layer":"service","level":"info","message":"ChatService.getMesssages started","method":"getMesssages","service":"ChatService","timestamp":"2025-10-29 16:33:44"}
{"layer":"service","level":"info","message":"ChatService.getMesssages completed successfully","method":"getMesssages","responseTime":"13.44ms","service":"ChatService","timestamp":"2025-10-29 16:33:44"}
{"layer":"proxy","level":"info","message":"ChatProxy.getMesssages completed successfully","method":"getMesssages","proxy":"ChatProxy","responseTime":"42.17ms","timestamp":"2025-10-29 16:33:44"}
{"controller":"ChatController.getMesssages","layer":"controller","level":"info","message":"ChatController.getMesssages completed successfully","responseTime":"46.73ms","status":200,"timestamp":"2025-10-29 16:33:44"}
{"controller":"ChatController.getMesssages","input":{"before":"2025-10-29 16:35:00.000","params":{},"query":{"limit":"30"},"recipientId":"42a1415b-1ab0-4ff8-826f-d5d6c163dc34"},"layer":"controller","level":"info","message":"ChatController.getMesssages started","timestamp":"2025-10-29 16:34:11"}
{"layer":"proxy","level":"info","message":"ChatProxy.getMesssages started","method":"getMesssages","proxy":"ChatProxy","timestamp":"2025-10-29 16:34:11"}
{"layer":"service","level":"info","message":"ChatService.getMesssages started","method":"getMesssages","service":"ChatService","timestamp":"2025-10-29 16:34:11"}
{"layer":"service","level":"info","message":"ChatService.getMesssages completed successfully","method":"getMesssages","responseTime":"19.57ms","service":"ChatService","timestamp":"2025-10-29 16:34:11"}
{"layer":"proxy","level":"info","message":"ChatProxy.getMesssages completed successfully","method":"getMesssages","proxy":"ChatProxy","responseTime":"51.44ms","timestamp":"2025-10-29 16:34:11"}
{"controller":"ChatController.getMesssages","layer":"controller","level":"info","message":"ChatController.getMesssages completed successfully","responseTime":"55.18ms","status":200,"timestamp":"2025-10-29 16:34:11"}
{"controller":"ChatController.getMesssages","input":{"before":"2025-10-29 16:35:00.000","params":{},"query":{"limit":"30"},"recipientId":"42a1415b-1ab0-4ff8-826f-d5d6c163dc34"},"layer":"controller","level":"info","message":"ChatController.getMesssages started","timestamp":"2025-10-29 16:34:32"}
{"layer":"proxy","level":"info","message":"ChatProxy.getMesssages started","method":"getMesssages","proxy":"ChatProxy","timestamp":"2025-10-29 16:34:32"}
{"layer":"service","level":"info","message":"ChatService.getMesssages started","method":"getMesssages","service":"ChatService","timestamp":"2025-10-29 16:34:32"}
{"layer":"service","level":"info","message":"ChatService.getMesssages completed successfully","method":"getMesssages","responseTime":"8.11ms","service":"ChatService","timestamp":"2025-10-29 16:34:32"}
{"layer":"proxy","level":"info","message":"ChatProxy.getMesssages completed successfully","method":"getMesssages","proxy":"ChatProxy","responseTime":"36.64ms","timestamp":"2025-10-29 16:34:32"}
{"controller":"ChatController.getMesssages","layer":"controller","level":"info","message":"ChatController.getMesssages completed successfully","responseTime":"40.02ms","status":200,"timestamp":"2025-10-29 16:34:32"}
{"level":"info","message":"User 4a666546-0c40-4e68-bab1-9eda07b5b81a is now offline","timestamp":"2025-10-29 16:36:33"}
{"level":"info","message":"Socket connected: U9ZvMsSdqgmVNSAwAAAD","timestamp":"2025-10-29 16:36:34"}
{"level":"info","message":"User 4a666546-0c40-4e68-bab1-9eda07b5b81a is now online","timestamp":"2025-10-29 16:36:34"}
{"level":"info","message":"User 4a666546-0c40-4e68-bab1-9eda07b5b81a is now offline","timestamp":"2025-10-29 16:36:41"}
{"level":"info","message":"Socket connected: GrWej5nHzhGgZGjOAAAF","timestamp":"2025-10-29 16:36:42"}
{"level":"info","message":"User 42a1415b-1ab0-4ff8-826f-d5d6c163dc34 is now online","timestamp":"2025-10-29 16:36:42"}
{"controller":"ChatController.createMessage","input":{"content":"{\"text\": \"hello\",\n\"postId\":\"\"\n  }","params":{},"query":{},"recipientId":"42a1415b-1ab0-4ff8-826f-d5d6c163dc34"},"layer":"controller","level":"info","message":"ChatController.createMessage started","timestamp":"2025-10-29 16:36:50"}
{"layer":"proxy","level":"info","message":"ChatProxy.createMessage started","method":"createMessage","proxy":"ChatProxy","timestamp":"2025-10-29 16:36:50"}
{"layer":"service","level":"info","message":"ChatService.createMessage started","method":"createMessage","service":"ChatService","timestamp":"2025-10-29 16:36:50"}
{"level":"info","message":"Message sent to recipientId: 42a1415b-1ab0-4ff8-826f-d5d6c163dc34, socketId: GrWej5nHzhGgZGjOAAAF","timestamp":"2025-10-29 16:36:50"}
{"layer":"service","level":"info","message":"ChatService.createMessage completed successfully","method":"createMessage","responseTime":"17.59ms","service":"ChatService","timestamp":"2025-10-29 16:36:50"}
{"layer":"proxy","level":"info","message":"ChatProxy.createMessage completed successfully","method":"createMessage","proxy":"ChatProxy","responseTime":"42.33ms","timestamp":"2025-10-29 16:36:50"}
{"controller":"ChatController.createMessage","layer":"controller","level":"info","message":"ChatController.createMessage completed successfully","responseTime":"46.03ms","status":200,"timestamp":"2025-10-29 16:36:50"}
{"controller":"ChatController.createMessage","input":{"content":"{\"text\": \"hello\",\n\"postId\":\"\"\n  }","params":{},"query":{},"recipientId":"42a1415b-1ab0-4ff8-826f-d5d6c163dc34"},"layer":"controller","level":"info","message":"ChatController.createMessage started","timestamp":"2025-10-29 16:37:02"}
{"layer":"proxy","level":"info","message":"ChatProxy.createMessage started","method":"createMessage","proxy":"ChatProxy","timestamp":"2025-10-29 16:37:02"}
{"layer":"service","level":"info","message":"ChatService.createMessage started","method":"createMessage","service":"ChatService","timestamp":"2025-10-29 16:37:02"}
{"level":"info","message":"Message sent to recipientId: 42a1415b-1ab0-4ff8-826f-d5d6c163dc34, socketId: GrWej5nHzhGgZGjOAAAF","timestamp":"2025-10-29 16:37:02"}
{"layer":"service","level":"info","message":"ChatService.createMessage completed successfully","method":"createMessage","responseTime":"25.69ms","service":"ChatService","timestamp":"2025-10-29 16:37:02"}
{"layer":"proxy","level":"info","message":"ChatProxy.createMessage completed successfully","method":"createMessage","proxy":"ChatProxy","responseTime":"59.75ms","timestamp":"2025-10-29 16:37:02"}
{"controller":"ChatController.createMessage","layer":"controller","level":"info","message":"ChatController.createMessage completed successfully","responseTime":"65.11ms","status":200,"timestamp":"2025-10-29 16:37:02"}
{"controller":"ChatController.getMesssages","input":{"before":"2025-10-29 16:35:00.000","params":{},"query":{"limit":"30"},"recipientId":"42a1415b-1ab0-4ff8-826f-d5d6c163dc34"},"layer":"controller","level":"info","message":"ChatController.getMesssages started","timestamp":"2025-10-29 16:37:07"}
{"layer":"proxy","level":"info","message":"ChatProxy.getMesssages started","method":"getMesssages","proxy":"ChatProxy","timestamp":"2025-10-29 16:37:07"}
{"layer":"service","level":"info","message":"ChatService.getMesssages started","method":"getMesssages","service":"ChatService","timestamp":"2025-10-29 16:37:08"}
{"layer":"service","level":"info","message":"ChatService.getMesssages completed successfully","method":"getMesssages","responseTime":"10.91ms","service":"ChatService","timestamp":"2025-10-29 16:37:08"}
{"layer":"proxy","level":"info","message":"ChatProxy.getMesssages completed successfully","method":"getMesssages","proxy":"ChatProxy","responseTime":"51.45ms","timestamp":"2025-10-29 16:37:08"}
{"controller":"ChatController.getMesssages","layer":"controller","level":"info","message":"ChatController.getMesssages completed successfully","responseTime":"54.77ms","status":200,"timestamp":"2025-10-29 16:37:08"}
{"controller":"ChatController.getMesssages","input":{"before":"2025-10-29 16:39:00.000","params":{},"query":{"limit":"30"},"recipientId":"42a1415b-1ab0-4ff8-826f-d5d6c163dc34"},"layer":"controller","level":"info","message":"ChatController.getMesssages started","timestamp":"2025-10-29 16:37:19"}
{"layer":"proxy","level":"info","message":"ChatProxy.getMesssages started","method":"getMesssages","proxy":"ChatProxy","timestamp":"2025-10-29 16:37:19"}
{"layer":"service","level":"info","message":"ChatService.getMesssages started","method":"getMesssages","service":"ChatService","timestamp":"2025-10-29 16:37:19"}
{"layer":"service","level":"info","message":"ChatService.getMesssages completed successfully","method":"getMesssages","responseTime":"92.15ms","service":"ChatService","timestamp":"2025-10-29 16:37:19"}
{"layer":"proxy","level":"info","message":"ChatProxy.getMesssages completed successfully","method":"getMesssages","proxy":"ChatProxy","responseTime":"119.91ms","timestamp":"2025-10-29 16:37:19"}
{"controller":"ChatController.getMesssages","layer":"controller","level":"info","message":"ChatController.getMesssages completed successfully","responseTime":"123.55ms","status":200,"timestamp":"2025-10-29 16:37:19"}
{"controller":"RegistrationController.loginUser","input":{"credential":"doe8","params":{},"query":{}},"layer":"controller","level":"info","message":"RegistrationController.loginUser started","timestamp":"2025-10-29 16:38:57"}
{"layer":"proxy","level":"info","message":"RegistrationProxy.loginUser started","method":"loginUser","proxy":"RegistrationProxy","timestamp":"2025-10-29 16:38:57"}
{"layer":"service","level":"info","message":"RegistrationService.loginUser started","method":"loginUser","service":"RegistrationService","timestamp":"2025-10-29 16:38:57"}
{"layer":"service","level":"info","message":"RegistrationService.loginUser completed successfully","method":"loginUser","responseTime":"73.15ms","service":"RegistrationService","timestamp":"2025-10-29 16:38:57"}
{"layer":"proxy","level":"info","message":"RegistrationProxy.loginUser completed successfully","method":"loginUser","proxy":"RegistrationProxy","responseTime":"251.10ms","timestamp":"2025-10-29 16:38:57"}
{"controller":"RegistrationController.loginUser","layer":"controller","level":"info","message":"RegistrationController.loginUser completed successfully","responseTime":"253.29ms","status":200,"timestamp":"2025-10-29 16:38:57"}
{"controller":"ChatController.createMessage","input":{"content":"{\"text\": \"hello\",\n\"postId\":\"\"\n  }","params":{},"query":{},"recipientId":"4a666546-0c40-4e68-bab1-9eda07b5b81a"},"layer":"controller","level":"info","message":"ChatController.createMessage started","timestamp":"2025-10-29 16:39:24"}
{"layer":"proxy","level":"info","message":"ChatProxy.createMessage started","method":"createMessage","proxy":"ChatProxy","timestamp":"2025-10-29 16:39:24"}
{"layer":"service","level":"info","message":"ChatService.createMessage started","method":"createMessage","service":"ChatService","timestamp":"2025-10-29 16:39:24"}
{"layer":"service","level":"info","message":"ChatService.createMessage completed successfully","method":"createMessage","responseTime":"24.84ms","service":"ChatService","timestamp":"2025-10-29 16:39:24"}
{"layer":"proxy","level":"info","message":"ChatProxy.createMessage completed successfully","method":"createMessage","proxy":"ChatProxy","responseTime":"49.93ms","timestamp":"2025-10-29 16:39:24"}
{"controller":"ChatController.createMessage","layer":"controller","level":"info","message":"ChatController.createMessage completed successfully","responseTime":"52.59ms","status":200,"timestamp":"2025-10-29 16:39:24"}
{"codePrefix":"messaging","errorInfo":{"code":"messaging/invalid-payload","message":"Exactly one of topic, token or condition is required"},"level":"error","message":"Error sending push notification Exactly one of topic, token or condition is required","stack":"Error: Exactly one of topic, token or condition is required\n    at validateMessage (C:\\Users\\Roshan Chaudhary\\Desktop\\skilio-customerMs\\node_modules\\firebase-admin\\lib\\messaging\\messaging-internal.js:54:15)\n    at Messaging.send (C:\\Users\\Roshan Chaudhary\\Desktop\\skilio-customerMs\\node_modules\\firebase-admin\\lib\\messaging\\messaging.js:122:50)\n    at sendSinglePushNotification (C:\\Users\\Roshan Chaudhary\\Desktop\\skilio-customerMs\\src\\app\\utils\\pushNotification.ts:19:19)\n    at processTicksAndRejections (node:internal/process/task_queues:105:5)","timestamp":"2025-10-29 16:39:24"}
{"controller":"ChatController.createMessage","input":{"content":"{\"text\": \"hello\",\n\"postId\":\"\"\n  }","params":{},"query":{},"recipientId":"4a666546-0c40-4e68-bab1-9eda07b5b81a"},"layer":"controller","level":"info","message":"ChatController.createMessage started","timestamp":"2025-10-29 16:39:59"}
{"layer":"proxy","level":"info","message":"ChatProxy.createMessage started","method":"createMessage","proxy":"ChatProxy","timestamp":"2025-10-29 16:39:59"}
{"layer":"service","level":"info","message":"ChatService.createMessage started","method":"createMessage","service":"ChatService","timestamp":"2025-10-29 16:39:59"}
{"layer":"service","level":"info","message":"ChatService.createMessage completed successfully","method":"createMessage","responseTime":"18.22ms","service":"ChatService","timestamp":"2025-10-29 16:39:59"}
{"layer":"proxy","level":"info","message":"ChatProxy.createMessage completed successfully","method":"createMessage","proxy":"ChatProxy","responseTime":"41.82ms","timestamp":"2025-10-29 16:39:59"}
{"controller":"ChatController.createMessage","layer":"controller","level":"info","message":"ChatController.createMessage completed successfully","responseTime":"45.15ms","status":200,"timestamp":"2025-10-29 16:39:59"}
{"codePrefix":"messaging","errorInfo":{"code":"messaging/invalid-payload","message":"Exactly one of topic, token or condition is required"},"level":"error","message":"Error sending push notification Exactly one of topic, token or condition is required","stack":"Error: Exactly one of topic, token or condition is required\n    at validateMessage (C:\\Users\\Roshan Chaudhary\\Desktop\\skilio-customerMs\\node_modules\\firebase-admin\\lib\\messaging\\messaging-internal.js:54:15)\n    at Messaging.send (C:\\Users\\Roshan Chaudhary\\Desktop\\skilio-customerMs\\node_modules\\firebase-admin\\lib\\messaging\\messaging.js:122:50)\n    at sendSinglePushNotification (C:\\Users\\Roshan Chaudhary\\Desktop\\skilio-customerMs\\src\\app\\utils\\pushNotification.ts:19:19)\n    at processTicksAndRejections (node:internal/process/task_queues:105:5)","timestamp":"2025-10-29 16:40:00"}
{"level":"info","message":"User 42a1415b-1ab0-4ff8-826f-d5d6c163dc34 is now offline","timestamp":"2025-10-29 16:40:49"}
{"level":"info","message":"Socket connected: Z26J5X8Qjtl0aAVlAAAH","timestamp":"2025-10-29 16:40:50"}
{"level":"info","message":"User 42a1415b-1ab0-4ff8-826f-d5d6c163dc34 is now online","timestamp":"2025-10-29 16:40:50"}
{"controller":"ChatController.createMessage","input":{"content":"{\"text\": \"hello\",\n\"postId\":\"\"\n  }","params":{},"query":{},"recipientId":"4a666546-0c40-4e68-bab1-9eda07b5b81a"},"layer":"controller","level":"info","message":"ChatController.createMessage started","timestamp":"2025-10-29 16:40:54"}
{"layer":"proxy","level":"info","message":"ChatProxy.createMessage started","method":"createMessage","proxy":"ChatProxy","timestamp":"2025-10-29 16:40:54"}
{"layer":"service","level":"info","message":"ChatService.createMessage started","method":"createMessage","service":"ChatService","timestamp":"2025-10-29 16:40:54"}
{"layer":"service","level":"info","message":"ChatService.createMessage completed successfully","method":"createMessage","responseTime":"204.63ms","service":"ChatService","timestamp":"2025-10-29 16:40:54"}
{"layer":"proxy","level":"info","message":"ChatProxy.createMessage completed successfully","method":"createMessage","proxy":"ChatProxy","responseTime":"312.14ms","timestamp":"2025-10-29 16:40:54"}
{"controller":"ChatController.createMessage","layer":"controller","level":"info","message":"ChatController.createMessage completed successfully","responseTime":"319.05ms","status":200,"timestamp":"2025-10-29 16:40:54"}
{"codePrefix":"messaging","errorInfo":{"code":"messaging/invalid-payload","message":"Exactly one of topic, token or condition is required"},"level":"error","message":"Error sending push notification Exactly one of topic, token or condition is required","stack":"Error: Exactly one of topic, token or condition is required\n    at validateMessage (C:\\Users\\Roshan Chaudhary\\Desktop\\skilio-customerMs\\node_modules\\firebase-admin\\lib\\messaging\\messaging-internal.js:54:15)\n    at Messaging.send (C:\\Users\\Roshan Chaudhary\\Desktop\\skilio-customerMs\\node_modules\\firebase-admin\\lib\\messaging\\messaging.js:122:50)\n    at sendSinglePushNotification (C:\\Users\\Roshan Chaudhary\\Desktop\\skilio-customerMs\\src\\app\\utils\\pushNotification.ts:19:19)\n    at processTicksAndRejections (node:internal/process/task_queues:105:5)","timestamp":"2025-10-29 16:40:54"}
{"level":"info","message":"User 42a1415b-1ab0-4ff8-826f-d5d6c163dc34 is now offline","timestamp":"2025-10-29 16:41:07"}
{"level":"info","message":"Socket connected: I0fM3CD_GlVaB-_cAAAJ","timestamp":"2025-10-29 16:41:08"}
{"level":"info","message":"User 4a666546-0c40-4e68-bab1-9eda07b5b81a is now online","timestamp":"2025-10-29 16:41:08"}
{"controller":"ChatController.createMessage","input":{"content":"{\"text\": \"hello\",\n\"postId\":\"\"\n  }","params":{},"query":{},"recipientId":"4a666546-0c40-4e68-bab1-9eda07b5b81a"},"layer":"controller","level":"info","message":"ChatController.createMessage started","timestamp":"2025-10-29 16:41:11"}
{"layer":"proxy","level":"info","message":"ChatProxy.createMessage started","method":"createMessage","proxy":"ChatProxy","timestamp":"2025-10-29 16:41:11"}
{"layer":"service","level":"info","message":"ChatService.createMessage started","method":"createMessage","service":"ChatService","timestamp":"2025-10-29 16:41:11"}
{"level":"info","message":"Message sent to recipientId: 4a666546-0c40-4e68-bab1-9eda07b5b81a, socketId: I0fM3CD_GlVaB-_cAAAJ","timestamp":"2025-10-29 16:41:11"}
{"layer":"service","level":"info","message":"ChatService.createMessage completed successfully","method":"createMessage","responseTime":"27.09ms","service":"ChatService","timestamp":"2025-10-29 16:41:11"}
{"layer":"proxy","level":"info","message":"ChatProxy.createMessage completed successfully","method":"createMessage","proxy":"ChatProxy","responseTime":"55.40ms","timestamp":"2025-10-29 16:41:11"}
{"controller":"ChatController.createMessage","layer":"controller","level":"info","message":"ChatController.createMessage completed successfully","responseTime":"61.44ms","status":200,"timestamp":"2025-10-29 16:41:11"}
{"level":"info","message":"Socket connected: N9Ut8p-W9ADiDD5CAAAL","timestamp":"2025-10-29 16:41:32"}
{"level":"info","message":"User df559e5f-128c-490f-9cee-501b5ab95c7d is now online","timestamp":"2025-10-29 16:41:32"}
{"controller":"ChatController.createMessage","input":{"content":"{\"text\": \"hello\",\n\"postId\":\"\"\n  }","params":{},"query":{},"recipientId":"4a666546-0c40-4e68-bab1-9eda07b5b81a"},"layer":"controller","level":"info","message":"ChatController.createMessage started","timestamp":"2025-10-29 16:41:36"}
{"layer":"proxy","level":"info","message":"ChatProxy.createMessage started","method":"createMessage","proxy":"ChatProxy","timestamp":"2025-10-29 16:41:36"}
{"layer":"service","level":"info","message":"ChatService.createMessage started","method":"createMessage","service":"ChatService","timestamp":"2025-10-29 16:41:36"}
{"level":"info","message":"Message sent to recipientId: 4a666546-0c40-4e68-bab1-9eda07b5b81a, socketId: I0fM3CD_GlVaB-_cAAAJ","timestamp":"2025-10-29 16:41:36"}
{"layer":"service","level":"info","message":"ChatService.createMessage completed successfully","method":"createMessage","responseTime":"28.33ms","service":"ChatService","timestamp":"2025-10-29 16:41:36"}
{"layer":"proxy","level":"info","message":"ChatProxy.createMessage completed successfully","method":"createMessage","proxy":"ChatProxy","responseTime":"205.88ms","timestamp":"2025-10-29 16:41:36"}
{"controller":"ChatController.createMessage","layer":"controller","level":"info","message":"ChatController.createMessage completed successfully","responseTime":"211.52ms","status":200,"timestamp":"2025-10-29 16:41:36"}
{"level":"info","message":"User df559e5f-128c-490f-9cee-501b5ab95c7d is now offline","timestamp":"2025-10-29 16:41:57"}
{"level":"info","message":"Socket connected: dMoSTjMYAMfKrx1NAAAN","timestamp":"2025-10-29 16:41:58"}
{"level":"info","message":"User df559e5f-128c-490f-9cee-501b5ab95c7d is now online","timestamp":"2025-10-29 16:41:58"}
{"controller":"ChatController.createMessage","input":{"content":"{\"text\": \"hello\",\n\"postId\":\"\"\n  }","params":{},"query":{},"recipientId":"4a666546-0c40-4e68-bab1-9eda07b5b81a"},"layer":"controller","level":"info","message":"ChatController.createMessage started","timestamp":"2025-10-29 16:42:01"}
{"layer":"proxy","level":"info","message":"ChatProxy.createMessage started","method":"createMessage","proxy":"ChatProxy","timestamp":"2025-10-29 16:42:01"}
{"layer":"service","level":"info","message":"ChatService.createMessage started","method":"createMessage","service":"ChatService","timestamp":"2025-10-29 16:42:01"}
{"level":"info","message":"Message sent to recipientId: 4a666546-0c40-4e68-bab1-9eda07b5b81a, socketId: I0fM3CD_GlVaB-_cAAAJ","timestamp":"2025-10-29 16:42:01"}
{"layer":"service","level":"info","message":"ChatService.createMessage completed successfully","method":"createMessage","responseTime":"33.12ms","service":"ChatService","timestamp":"2025-10-29 16:42:01"}
{"layer":"proxy","level":"info","message":"ChatProxy.createMessage completed successfully","method":"createMessage","proxy":"ChatProxy","responseTime":"69.30ms","timestamp":"2025-10-29 16:42:01"}
{"controller":"ChatController.createMessage","layer":"controller","level":"info","message":"ChatController.createMessage completed successfully","responseTime":"71.69ms","status":200,"timestamp":"2025-10-29 16:42:01"}
{"level":"info","message":"User 4a666546-0c40-4e68-bab1-9eda07b5b81a is now offline","timestamp":"2025-10-29 16:42:15"}
{"level":"info","message":"Socket connected: 5OPvmpqKvDctHSwoAAAP","timestamp":"2025-10-29 16:42:17"}
{"level":"info","message":"User 4a666546-0c40-4e68-bab1-9eda07b5b81a is now online","timestamp":"2025-10-29 16:42:17"}
{"controller":"ChatController.createMessage","input":{"content":"{\"text\": \"hello\",\n\"postId\":\"\"\n  }","params":{},"query":{},"recipientId":"4a666546-0c40-4e68-bab1-9eda07b5b81a"},"layer":"controller","level":"info","message":"ChatController.createMessage started","timestamp":"2025-10-29 16:42:21"}
{"layer":"proxy","level":"info","message":"ChatProxy.createMessage started","method":"createMessage","proxy":"ChatProxy","timestamp":"2025-10-29 16:42:21"}
{"layer":"service","level":"info","message":"ChatService.createMessage started","method":"createMessage","service":"ChatService","timestamp":"2025-10-29 16:42:21"}
{"level":"info","message":"Message sent to recipientId: 4a666546-0c40-4e68-bab1-9eda07b5b81a, socketId: 5OPvmpqKvDctHSwoAAAP","timestamp":"2025-10-29 16:42:21"}
{"layer":"service","level":"info","message":"ChatService.createMessage completed successfully","method":"createMessage","responseTime":"46.39ms","service":"ChatService","timestamp":"2025-10-29 16:42:21"}
{"layer":"proxy","level":"info","message":"ChatProxy.createMessage completed successfully","method":"createMessage","proxy":"ChatProxy","responseTime":"258.94ms","timestamp":"2025-10-29 16:42:21"}
{"controller":"ChatController.createMessage","layer":"controller","level":"info","message":"ChatController.createMessage completed successfully","responseTime":"298.45ms","status":200,"timestamp":"2025-10-29 16:42:21"}
{"level":"info","message":"User df559e5f-128c-490f-9cee-501b5ab95c7d is now offline","timestamp":"2025-10-29 16:42:27"}
{"level":"info","message":"Socket connected: 79FiMUGMMBlfLMfrAAAR","timestamp":"2025-10-29 16:42:29"}
{"level":"info","message":"User df559e5f-128c-490f-9cee-501b5ab95c7d is now online","timestamp":"2025-10-29 16:42:29"}
{"controller":"ChatController.createMessage","input":{"content":"{\"text\": \"hello\",\n\"postId\":\"\"\n  }","params":{},"query":{},"recipientId":"4a666546-0c40-4e68-bab1-9eda07b5b81a"},"layer":"controller","level":"info","message":"ChatController.createMessage started","timestamp":"2025-10-29 16:42:38"}
{"layer":"proxy","level":"info","message":"ChatProxy.createMessage started","method":"createMessage","proxy":"ChatProxy","timestamp":"2025-10-29 16:42:38"}
{"layer":"service","level":"info","message":"ChatService.createMessage started","method":"createMessage","service":"ChatService","timestamp":"2025-10-29 16:42:38"}
{"level":"info","message":"Message sent to recipientId: 4a666546-0c40-4e68-bab1-9eda07b5b81a, socketId: 5OPvmpqKvDctHSwoAAAP","timestamp":"2025-10-29 16:42:38"}
{"layer":"service","level":"info","message":"ChatService.createMessage completed successfully","method":"createMessage","responseTime":"20.19ms","service":"ChatService","timestamp":"2025-10-29 16:42:38"}
{"layer":"proxy","level":"info","message":"ChatProxy.createMessage completed successfully","method":"createMessage","proxy":"ChatProxy","responseTime":"61.66ms","timestamp":"2025-10-29 16:42:38"}
{"controller":"ChatController.createMessage","layer":"controller","level":"info","message":"ChatController.createMessage completed successfully","responseTime":"67.46ms","status":200,"timestamp":"2025-10-29 16:42:38"}
{"controller":"ChatController.getMesssages","input":{"before":"2025-10-29 16:39:00.000","params":{},"query":{"limit":"30"},"recipientId":"42a1415b-1ab0-4ff8-826f-d5d6c163dc34"},"layer":"controller","level":"info","message":"ChatController.getMesssages started","timestamp":"2025-10-29 16:45:29"}
{"layer":"proxy","level":"info","message":"ChatProxy.getMesssages started","method":"getMesssages","proxy":"ChatProxy","timestamp":"2025-10-29 16:45:29"}
{"layer":"service","level":"info","message":"ChatService.getMesssages started","method":"getMesssages","service":"ChatService","timestamp":"2025-10-29 16:45:29"}
{"layer":"service","level":"info","message":"ChatService.getMesssages completed successfully","method":"getMesssages","responseTime":"8.51ms","service":"ChatService","timestamp":"2025-10-29 16:45:29"}
{"layer":"proxy","level":"info","message":"ChatProxy.getMesssages completed successfully","method":"getMesssages","proxy":"ChatProxy","responseTime":"36.48ms","timestamp":"2025-10-29 16:45:29"}
{"controller":"ChatController.getMesssages","layer":"controller","level":"info","message":"ChatController.getMesssages completed successfully","responseTime":"39.12ms","status":200,"timestamp":"2025-10-29 16:45:29"}
{"controller":"ChatController.getMesssages","input":{"before":"2025-10-29 16:39:00.000","params":{},"query":{"limit":"30"},"recipientId":"42a1415b-1ab0-4ff8-826f-d5d6c163dc34"},"layer":"controller","level":"info","message":"ChatController.getMesssages started","timestamp":"2025-10-29 16:45:45"}
{"layer":"proxy","level":"info","message":"ChatProxy.getMesssages started","method":"getMesssages","proxy":"ChatProxy","timestamp":"2025-10-29 16:45:45"}
{"layer":"service","level":"info","message":"ChatService.getMesssages started","method":"getMesssages","service":"ChatService","timestamp":"2025-10-29 16:45:45"}
{"layer":"service","level":"info","message":"ChatService.getMesssages completed successfully","method":"getMesssages","responseTime":"11.35ms","service":"ChatService","timestamp":"2025-10-29 16:45:45"}
{"layer":"proxy","level":"info","message":"ChatProxy.getMesssages completed successfully","method":"getMesssages","proxy":"ChatProxy","responseTime":"46.39ms","timestamp":"2025-10-29 16:45:45"}
{"controller":"ChatController.getMesssages","layer":"controller","level":"info","message":"ChatController.getMesssages completed successfully","responseTime":"49.02ms","status":200,"timestamp":"2025-10-29 16:45:45"}
{"controller":"RegistrationController.loginUser","input":{"credential":"doe8","params":{},"query":{}},"layer":"controller","level":"info","message":"RegistrationController.loginUser started","timestamp":"2025-10-29 16:45:54"}
{"layer":"proxy","level":"info","message":"RegistrationProxy.loginUser started","method":"loginUser","proxy":"RegistrationProxy","timestamp":"2025-10-29 16:45:54"}
{"layer":"service","level":"info","message":"RegistrationService.loginUser started","method":"loginUser","service":"RegistrationService","timestamp":"2025-10-29 16:45:54"}
{"layer":"service","level":"info","message":"RegistrationService.loginUser completed successfully","method":"loginUser","responseTime":"111.31ms","service":"RegistrationService","timestamp":"2025-10-29 16:45:55"}
{"layer":"proxy","level":"info","message":"RegistrationProxy.loginUser completed successfully","method":"loginUser","proxy":"RegistrationProxy","responseTime":"134.29ms","timestamp":"2025-10-29 16:45:55"}
{"controller":"RegistrationController.loginUser","layer":"controller","level":"info","message":"RegistrationController.loginUser completed successfully","responseTime":"176.87ms","status":200,"timestamp":"2025-10-29 16:45:55"}
{"controller":"ChatController.getMesssages","input":{"before":"2025-10-29 16:39:00.000","params":{},"query":{"limit":"30"},"recipientId":"42a1415b-1ab0-4ff8-826f-d5d6c163dc34"},"layer":"controller","level":"info","message":"ChatController.getMesssages started","timestamp":"2025-10-29 16:46:08"}
{"layer":"proxy","level":"info","message":"ChatProxy.getMesssages started","method":"getMesssages","proxy":"ChatProxy","timestamp":"2025-10-29 16:46:08"}
{"layer":"service","level":"info","message":"ChatService.getMesssages started","method":"getMesssages","service":"ChatService","timestamp":"2025-10-29 16:46:08"}
{"layer":"service","level":"info","message":"ChatService.getMesssages completed successfully","method":"getMesssages","responseTime":"19.20ms","service":"ChatService","timestamp":"2025-10-29 16:46:08"}
{"layer":"proxy","level":"info","message":"ChatProxy.getMesssages completed successfully","method":"getMesssages","proxy":"ChatProxy","responseTime":"46.68ms","timestamp":"2025-10-29 16:46:08"}
{"controller":"ChatController.getMesssages","layer":"controller","level":"info","message":"ChatController.getMesssages completed successfully","responseTime":"50.60ms","status":200,"timestamp":"2025-10-29 16:46:08"}
{"controller":"ChatController.getMesssages","input":{"before":"2025-10-29 16:39:00.000","params":{},"query":{"limit":"30"},"recipientId":"42a1415b-1ab0-4ff8-826f-d5d6c163dc34"},"layer":"controller","level":"info","message":"ChatController.getMesssages started","timestamp":"2025-10-29 16:47:23"}
{"layer":"proxy","level":"info","message":"ChatProxy.getMesssages started","method":"getMesssages","proxy":"ChatProxy","timestamp":"2025-10-29 16:47:23"}
{"layer":"service","level":"info","message":"ChatService.getMesssages started","method":"getMesssages","service":"ChatService","timestamp":"2025-10-29 16:47:23"}
{"layer":"service","level":"info","message":"ChatService.getMesssages completed successfully","method":"getMesssages","responseTime":"14.27ms","service":"ChatService","timestamp":"2025-10-29 16:47:23"}
{"layer":"proxy","level":"info","message":"ChatProxy.getMesssages completed successfully","method":"getMesssages","proxy":"ChatProxy","responseTime":"54.92ms","timestamp":"2025-10-29 16:47:23"}
{"controller":"ChatController.getMesssages","layer":"controller","level":"info","message":"ChatController.getMesssages completed successfully","responseTime":"58.58ms","status":200,"timestamp":"2025-10-29 16:47:23"}
{"controller":"ChatController.getMesssages","input":{"before":"2025-10-29 16:39:00.000","params":{},"query":{"limit":"30"},"recipientId":"42a1415b-1ab0-4ff8-826f-d5d6c163dc34"},"layer":"controller","level":"info","message":"ChatController.getMesssages started","timestamp":"2025-10-29 16:47:34"}
{"layer":"proxy","level":"info","message":"ChatProxy.getMesssages started","method":"getMesssages","proxy":"ChatProxy","timestamp":"2025-10-29 16:47:34"}
{"layer":"service","level":"info","message":"ChatService.getMesssages started","method":"getMesssages","service":"ChatService","timestamp":"2025-10-29 16:47:35"}
{"layer":"service","level":"info","message":"ChatService.getMesssages completed successfully","method":"getMesssages","responseTime":"11.45ms","service":"ChatService","timestamp":"2025-10-29 16:47:35"}
{"layer":"proxy","level":"info","message":"ChatProxy.getMesssages completed successfully","method":"getMesssages","proxy":"ChatProxy","responseTime":"45.40ms","timestamp":"2025-10-29 16:47:35"}
{"controller":"ChatController.getMesssages","layer":"controller","level":"info","message":"ChatController.getMesssages completed successfully","responseTime":"49.97ms","status":200,"timestamp":"2025-10-29 16:47:35"}
{"controller":"ChatController.getMesssages","input":{"before":"2025-10-29 16:39:00.000","params":{},"query":{"limit":"30"},"recipientId":"4a666546-0c40-4e68-bab1-9eda07b5b81a"},"layer":"controller","level":"info","message":"ChatController.getMesssages started","timestamp":"2025-10-29 16:47:46"}
{"layer":"proxy","level":"info","message":"ChatProxy.getMesssages started","method":"getMesssages","proxy":"ChatProxy","timestamp":"2025-10-29 16:47:46"}
{"layer":"service","level":"info","message":"ChatService.getMesssages started","method":"getMesssages","service":"ChatService","timestamp":"2025-10-29 16:47:46"}
{"layer":"service","level":"info","message":"ChatService.getMesssages completed successfully","method":"getMesssages","responseTime":"54.52ms","service":"ChatService","timestamp":"2025-10-29 16:47:46"}
{"layer":"proxy","level":"info","message":"ChatProxy.getMesssages completed successfully","method":"getMesssages","proxy":"ChatProxy","responseTime":"86.16ms","timestamp":"2025-10-29 16:47:46"}
{"controller":"ChatController.getMesssages","layer":"controller","level":"info","message":"ChatController.getMesssages completed successfully","responseTime":"92.87ms","status":200,"timestamp":"2025-10-29 16:47:46"}
{"level":"info","message":"User df559e5f-128c-490f-9cee-501b5ab95c7d is now offline","timestamp":"2025-10-29 16:47:56"}
{"level":"info","message":"Listening at port number 3000","timestamp":"2025-10-29 16:48:11"}
{"level":"info","message":"Database connection established successfully at skilio-customer","timestamp":"2025-10-29 16:48:11"}
{"level":"info","message":"socket.io server ready","timestamp":"2025-10-29 16:48:11"}
{"level":"info","message":"Socket connected: oFWEvwBHLnboD56tAAAB","timestamp":"2025-10-29 16:48:11"}
{"level":"info","message":"User 4a666546-0c40-4e68-bab1-9eda07b5b81a is now online","timestamp":"2025-10-29 16:48:11"}
{"level":"info","message":"Listening at port number 3000","timestamp":"2025-10-29 16:48:14"}
{"level":"info","message":"Database connection established successfully at skilio-customer","timestamp":"2025-10-29 16:48:14"}
{"level":"info","message":"socket.io server ready","timestamp":"2025-10-29 16:48:14"}
{"level":"info","message":"Socket connected: AQ7ilbNXtQMUt7f3AAAB","timestamp":"2025-10-29 16:48:18"}
{"level":"info","message":"User 4a666546-0c40-4e68-bab1-9eda07b5b81a is now online","timestamp":"2025-10-29 16:48:18"}
{"level":"info","message":"Listening at port number 3000","timestamp":"2025-10-29 16:57:30"}
{"level":"info","message":"Database connection established successfully at skilio-customer","timestamp":"2025-10-29 16:57:30"}
{"level":"info","message":"socket.io server ready","timestamp":"2025-10-29 16:57:30"}
{"level":"info","message":"Socket connected: SDnDHTHfBABnppBRAAAB","timestamp":"2025-10-29 16:57:30"}
{"level":"info","message":"User 4a666546-0c40-4e68-bab1-9eda07b5b81a is now online","timestamp":"2025-10-29 16:57:31"}
{"level":"info","message":"Socket connected: CHeydPrsNr2DedeMAAAD","timestamp":"2025-10-29 16:58:18"}
{"level":"info","message":"User df559e5f-128c-490f-9cee-501b5ab95c7d is now online","timestamp":"2025-10-29 16:58:18"}
{"level":"info","message":"User 4a666546-0c40-4e68-bab1-9eda07b5b81a is now offline","timestamp":"2025-10-29 17:01:04"}
{"level":"info","message":"Socket connected: 99YSVxXu7H0N8CadAAAF","timestamp":"2025-10-29 17:01:05"}
{"level":"info","message":"User 4a666546-0c40-4e68-bab1-9eda07b5b81a is now online","timestamp":"2025-10-29 17:01:05"}
{"level":"info","message":"User df559e5f-128c-490f-9cee-501b5ab95c7d is now offline","timestamp":"2025-10-29 17:01:14"}
{"level":"info","message":"Socket connected: XxeW2Uvhxhcf_j1eAAAH","timestamp":"2025-10-29 17:01:15"}
{"level":"info","message":"User df559e5f-128c-490f-9cee-501b5ab95c7d is now online","timestamp":"2025-10-29 17:01:15"}
{"level":"info","message":"User df559e5f-128c-490f-9cee-501b5ab95c7d is now offline","timestamp":"2025-10-29 17:01:26"}
{"level":"info","message":"Socket connected: KloHOVQP4HJ3o68SAAAJ","timestamp":"2025-10-29 17:01:29"}
{"level":"info","message":"User df559e5f-128c-490f-9cee-501b5ab95c7d is now online","timestamp":"2025-10-29 17:01:29"}
{"level":"info","message":"User df559e5f-128c-490f-9cee-501b5ab95c7d is now offline","timestamp":"2025-10-29 17:01:39"}
{"level":"info","message":"Socket connected: 7t7mpERkE39L2kilAAAL","timestamp":"2025-10-29 17:01:41"}
{"level":"info","message":"User 4a666546-0c40-4e68-bab1-9eda07b5b81a is now online","timestamp":"2025-10-29 17:01:41"}
{"level":"info","message":"Socket connected: TeINboIjetzJhKOlAAAN","timestamp":"2025-10-29 17:01:54"}
{"level":"info","message":"User df559e5f-128c-490f-9cee-501b5ab95c7d is now online","timestamp":"2025-10-29 17:01:54"}
{"level":"info","message":"User 4a666546-0c40-4e68-bab1-9eda07b5b81a is now offline","timestamp":"2025-10-29 17:01:57"}
{"level":"info","message":"Socket connected: ODb3Jn-zYz7qfCGyAAAP","timestamp":"2025-10-29 17:01:58"}
{"level":"info","message":"User 4a666546-0c40-4e68-bab1-9eda07b5b81a is now online","timestamp":"2025-10-29 17:01:58"}
{"level":"info","message":"Listening at port number 3000","timestamp":"2025-10-29 17:03:02"}
{"level":"info","message":"Database connection established successfully at skilio-customer","timestamp":"2025-10-29 17:03:02"}
{"level":"info","message":"socket.io server ready","timestamp":"2025-10-29 17:03:02"}
{"level":"info","message":"Socket connected: bs2OP6z1N2LX7xnxAAAB","timestamp":"2025-10-29 17:03:04"}
{"level":"info","message":"User 4a666546-0c40-4e68-bab1-9eda07b5b81a is now online","timestamp":"2025-10-29 17:03:04"}
{"level":"info","message":"Socket connected: i9mdRnP6MM0DpTlLAAAD","timestamp":"2025-10-29 17:03:05"}
{"level":"info","message":"User df559e5f-128c-490f-9cee-501b5ab95c7d is now online","timestamp":"2025-10-29 17:03:05"}
{"level":"info","message":"User df559e5f-128c-490f-9cee-501b5ab95c7d is now offline","timestamp":"2025-10-29 17:03:17"}
{"level":"info","message":"Socket connected: ugdRsDB8Um4-logsAAAF","timestamp":"2025-10-29 17:03:20"}
{"level":"info","message":"User df559e5f-128c-490f-9cee-501b5ab95c7d is now online","timestamp":"2025-10-29 17:03:20"}
{"level":"info","message":"User 4a666546-0c40-4e68-bab1-9eda07b5b81a is now offline","timestamp":"2025-10-29 17:03:23"}
{"level":"info","message":"Socket connected: aYHPhaX6JjpablJ9AAAH","timestamp":"2025-10-29 17:03:24"}
{"level":"info","message":"User 4a666546-0c40-4e68-bab1-9eda07b5b81a is now online","timestamp":"2025-10-29 17:03:24"}
{"level":"error","message":"fcm service account configuration not loaded","timestamp":"2025-10-29 17:36:47"}
{"level":"info","message":"Listening at port number 3000","timestamp":"2025-10-29 17:41:55"}
{"level":"info","message":"Database connection established successfully at skilio-customer","timestamp":"2025-10-29 17:41:55"}
{"level":"info","message":"socket.io server ready","timestamp":"2025-10-29 17:41:55"}
{"level":"info","message":"Listening at port number 3000","timestamp":"2025-10-29 17:42:21"}
{"level":"info","message":"Database connection established successfully at skilio-customer","timestamp":"2025-10-29 17:42:21"}
{"level":"info","message":"socket.io server ready","timestamp":"2025-10-29 17:42:21"}
{"level":"info","message":"Listening at port number 3000","timestamp":"2025-10-29 17:42:35"}
{"level":"info","message":"Database connection established successfully at skilio-customer","timestamp":"2025-10-29 17:42:35"}
{"level":"info","message":"socket.io server ready","timestamp":"2025-10-29 17:42:35"}
{"level":"info","message":"Listening at port number 3000","timestamp":"2025-10-29 17:43:14"}
{"level":"info","message":"Database connection established successfully at skilio-customer","timestamp":"2025-10-29 17:43:14"}
{"level":"info","message":"socket.io server ready","timestamp":"2025-10-29 17:43:14"}
{"level":"info","message":"Listening at port number 3000","timestamp":"2025-10-29 17:43:22"}
{"level":"info","message":"Database connection established successfully at skilio-customer","timestamp":"2025-10-29 17:43:22"}
{"level":"info","message":"socket.io server ready","timestamp":"2025-10-29 17:43:22"}
{"level":"info","message":"Listening at port number 3000","timestamp":"2025-10-29 17:43:53"}
{"level":"info","message":"Database connection established successfully at skilio-customer","timestamp":"2025-10-29 17:43:53"}
{"level":"info","message":"socket.io server ready","timestamp":"2025-10-29 17:43:53"}
{"level":"info","message":"Listening at port number 3000","timestamp":"2025-10-29 17:44:37"}
{"level":"info","message":"Database connection established successfully at skilio-customer","timestamp":"2025-10-29 17:44:37"}
{"level":"info","message":"socket.io server ready","timestamp":"2025-10-29 17:44:37"}
{"level":"info","message":"Listening at port number 3000","timestamp":"2025-10-29 17:45:19"}
{"level":"info","message":"Database connection established successfully at skilio-customer","timestamp":"2025-10-29 17:45:19"}
{"level":"info","message":"socket.io server ready","timestamp":"2025-10-29 17:45:19"}
{"level":"info","message":"Listening at port number 3000","timestamp":"2025-10-29 17:47:25"}
{"level":"info","message":"Database connection established successfully at skilio-customer","timestamp":"2025-10-29 17:47:25"}
{"level":"info","message":"socket.io server ready","timestamp":"2025-10-29 17:47:25"}
{"level":"info","message":"Listening at port number 3000","timestamp":"2025-10-29 17:47:38"}
{"level":"info","message":"Database connection established successfully at skilio-customer","timestamp":"2025-10-29 17:47:38"}
{"level":"info","message":"socket.io server ready","timestamp":"2025-10-29 17:47:38"}
{"level":"info","message":"Listening at port number 3000","timestamp":"2025-10-29 17:49:45"}
{"level":"info","message":"Database connection established successfully at skilio-customer","timestamp":"2025-10-29 17:49:45"}
{"level":"info","message":"socket.io server ready","timestamp":"2025-10-29 17:49:45"}
{"level":"info","message":"Listening at port number 3000","timestamp":"2025-10-29 17:50:08"}
{"level":"info","message":"Database connection established successfully at skilio-customer","timestamp":"2025-10-29 17:50:08"}
{"level":"info","message":"socket.io server ready","timestamp":"2025-10-29 17:50:08"}
{"level":"info","message":"Listening at port number 3000","timestamp":"2025-10-29 17:50:16"}
{"level":"info","message":"Database connection established successfully at skilio-customer","timestamp":"2025-10-29 17:50:16"}
{"level":"info","message":"socket.io server ready","timestamp":"2025-10-29 17:50:16"}
{"level":"info","message":"Listening at port number 3000","timestamp":"2025-10-29 17:50:36"}
{"level":"info","message":"Database connection established successfully at skilio-customer","timestamp":"2025-10-29 17:50:36"}
{"level":"info","message":"socket.io server ready","timestamp":"2025-10-29 17:50:36"}
{"level":"info","message":"Listening at port number 3000","timestamp":"2025-10-29 17:50:41"}
{"level":"info","message":"Database connection established successfully at skilio-customer","timestamp":"2025-10-29 17:50:41"}
{"level":"info","message":"socket.io server ready","timestamp":"2025-10-29 17:50:41"}
{"level":"info","message":"Listening at port number 3000","timestamp":"2025-10-29 17:50:54"}
{"level":"info","message":"Database connection established successfully at skilio-customer","timestamp":"2025-10-29 17:50:54"}
{"level":"info","message":"socket.io server ready","timestamp":"2025-10-29 17:50:54"}
{"level":"info","message":"Listening at port number 3000","timestamp":"2025-10-29 17:51:11"}
{"level":"info","message":"Database connection established successfully at skilio-customer","timestamp":"2025-10-29 17:51:11"}
{"level":"info","message":"socket.io server ready","timestamp":"2025-10-29 17:51:11"}
{"level":"info","message":"Listening at port number 3000","timestamp":"2025-10-29 17:51:35"}
{"level":"info","message":"Database connection established successfully at skilio-customer","timestamp":"2025-10-29 17:51:35"}
{"level":"info","message":"socket.io server ready","timestamp":"2025-10-29 17:51:35"}
